State,Start,End,Sequence,Peptide mass (Da),Retention time (min),Exposure,Uptake,Uptake SD (D)
100 mM fucose,304,326,ASLNWNNYDPTEEIPAPLGTPDF,2560.1758,,15,5.4,
100 mM fucose,304,326,ASLNWNNYDPTEEIPAPLGTPDF,2560.1758,,60,7.2,
100 mM fucose,304,326,ASLNWNNYDPTEEIPAPLGTPDF,2560.1758,,600,8.02,
100 mM fucose,304,326,ASLNWNNYDPTEEIPAPLGTPDF,2560.1758,,3600,8.36,
100 mM fucose,304,326,ASLNWNNYDPTEEIPAPLGTPDF,2560.1758,,28800,8.36,
100 mM galactose,304,326,ASLNWNNYDPTEEIPAPLGTPDF,2560.1758,,15,5.81,
100 mM galactose,304,326,ASLNWNNYDPTEEIPAPLGTPDF,2560.1758,,60,7.31,
100 mM galactose,304,326,ASLNWNNYDPTEEIPAPLGTPDF,2560.1758,,600,8.07,
100 mM galactose,304,326,ASLNWNNYDPTEEIPAPLGTPDF,2560.1758,,3600,8.38,
100 mM galactose,304,326,ASLNWNNYDPTEEIPAPLGTPDF,2560.1758,,28800,8.61,
10mM HBGA B,304,326,ASLNWNNYDPTEEIPAPLGTPDF,2560.1758,,15,5.43,
10mM HBGA B,304,326,ASLNWNNYDPTEEIPAPLGTPDF,2560.1758,,60,7.18,
10mM HBGA B,304,326,ASLNWNNYDPTEEIPAPLGTPDF,2560.1758,,600,7.93,
10mM HBGA B,304,326,ASLNWNNYDPTEEIPAPLGTPDF,2560.1758,,3600,8.34,
10mM HBGA B,304,326,ASLNWNNYDPTEEIPAPLGTPDF,2560.1758,,28800,8.42,
unbound,304,326,ASLNWNNYDPTEEIPAPLGTPDF,2560.1758,,15,5.46,
unbound,304,326,ASLNWNNYDPTEEIPAPLGTPDF,2560.1758,,60,7.28,
unbound,304,326,ASLNWNNYDPTEEIPAPLGTPDF,2560.1758,,600,7.8,
unbound,304,326,ASLNWNNYDPTEEIPAPLGTPDF,2560.1758,,3600,8.24,
unbound,304,326,ASLNWNNYDPTEEIPAPLGTPDF,2560.1758,,28800,8.53,
100 mM fucose,489,506,CKLHKSGYVTVAHTGQHD,1979.9636,,15,2.11,
100 mM fucose,489,506,CKLHKSGYVTVAHTGQHD,1979.9636,,60,2.59,
100 mM fucose,489,506,CKLHKSGYVTVAHTGQHD,1979.9636,,600,2.67,
100 mM fucose,489,506,CKLHKSGYVTVAHTGQHD,1979.9636,,3600,2.8,
100 mM fucose,489,506,CKLHKSGYVTVAHTGQHD,1979.9636,,28800,3.21,
100 mM galactose,489,506,CKLHKSGYVTVAHTGQHD,1979.9636,,15,2.47,
100 mM galactose,489,506,CKLHKSGYVTVAHTGQHD,1979.9636,,60,2.58,
100 mM galactose,489,506,CKLHKSGYVTVAHTGQHD,1979.9636,,600,2.71,
100 mM galactose,489,506,CKLHKSGYVTVAHTGQHD,1979.9636,,3600,2.71,
100 mM galactose,489,506,CKLHKSGYVTVAHTGQHD,1979.9636,,28800,2.99,
10mM HBGA B,489,506,CKLHKSGYVTVAHTGQHD,1979.9636,,15,2.38,
10mM HBGA B,489,506,CKLHKSGYVTVAHTGQHD,1979.9636,,60,2.61,
10mM HBGA B,489,506,CKLHKSGYVTVAHTGQHD,1979.9636,,600,2.59,
10mM HBGA B,489,506,CKLHKSGYVTVAHTGQHD,1979.9636,,3600,2.79,
10mM HBGA B,489,506,CKLHKSGYVTVAHTGQHD,1979.9636,,28800,2.87,
unbound,489,506,CKLHKSGYVTVAHTGQHD,1979.9636,,15,2.12,
unbound,489,506,CKLHKSGYVTVAHTGQHD,1979.9636,,60,2.63,
unbound,489,506,CKLHKSGYVTVAHTGQHD,1979.9636,,600,2.55,
unbound,489,506,CKLHKSGYVTVAHTGQHD,1979.9636,,3600,3,
unbound,489,506,CKLHKSGYVTVAHTGQHD,1979.9636,,28800,2.97,
100 mM fucose,450,453,DCLL,462.2148,,15,-0.17,
100 mM fucose,450,453,DCLL,462.2148,,60,-0.16,
100 mM fucose,450,453,DCLL,462.2148,,600,-0.14,
100 mM fucose,450,453,DCLL,462.2148,,3600,-0.15,
100 mM fucose,450,453,DCLL,462.2148,,28800,-0.14,
100 mM galactose,450,453,DCLL,462.2148,,15,-0.16,
100 mM galactose,450,453,DCLL,462.2148,,60,-0.16,
100 mM galactose,450,453,DCLL,462.2148,,600,-0.14,
100 mM galactose,450,453,DCLL,462.2148,,3600,-0.13,
100 mM galactose,450,453,DCLL,462.2148,,28800,-0.16,
10mM HBGA B,450,453,DCLL,462.2148,,15,-0.17,
10mM HBGA B,450,453,DCLL,462.2148,,60,-0.15,
10mM HBGA B,450,453,DCLL,462.2148,,600,-0.15,
10mM HBGA B,450,453,DCLL,462.2148,,3600,-0.11,
10mM HBGA B,450,453,DCLL,462.2148,,28800,-0.14,
unbound,450,453,DCLL,462.2148,,15,-0.17,
unbound,450,453,DCLL,462.2148,,60,-0.15,
unbound,450,453,DCLL,462.2148,,600,-0.15,
unbound,450,453,DCLL,462.2148,,3600,-0.08,
unbound,450,453,DCLL,462.2148,,28800,-0.16,
100 mM fucose,450,461,DCLLPQEWVQHF,1513.7024,,15,-0.37,
100 mM fucose,450,461,DCLLPQEWVQHF,1513.7024,,60,0.21,
100 mM fucose,450,461,DCLLPQEWVQHF,1513.7024,,600,0.07,
100 mM fucose,450,461,DCLLPQEWVQHF,1513.7024,,3600,0.17,
100 mM fucose,450,461,DCLLPQEWVQHF,1513.7024,,28800,0.24,
100 mM galactose,450,461,DCLLPQEWVQHF,1513.7024,,15,0.11,
100 mM galactose,450,461,DCLLPQEWVQHF,1513.7024,,60,0.16,
100 mM galactose,450,461,DCLLPQEWVQHF,1513.7024,,600,0.19,
100 mM galactose,450,461,DCLLPQEWVQHF,1513.7024,,3600,0.31,
100 mM galactose,450,461,DCLLPQEWVQHF,1513.7024,,28800,0.2,
10mM HBGA B,450,461,DCLLPQEWVQHF,1513.7024,,15,-0.01,
10mM HBGA B,450,461,DCLLPQEWVQHF,1513.7024,,60,-0.02,
10mM HBGA B,450,461,DCLLPQEWVQHF,1513.7024,,600,-0.47,
10mM HBGA B,450,461,DCLLPQEWVQHF,1513.7024,,3600,0.24,
10mM HBGA B,450,461,DCLLPQEWVQHF,1513.7024,,28800,0.29,
unbound,450,461,DCLLPQEWVQHF,1513.7024,,15,-0.36,
unbound,450,461,DCLLPQEWVQHF,1513.7024,,60,-0.07,
unbound,450,461,DCLLPQEWVQHF,1513.7024,,600,0.07,
unbound,450,461,DCLLPQEWVQHF,1513.7024,,3600,-0.16,
unbound,450,461,DCLLPQEWVQHF,1513.7024,,28800,0.23,
100 mM fucose,488,498,ECKLHKSGYVT,1263.6281,,15,0.19,
100 mM fucose,488,498,ECKLHKSGYVT,1263.6281,,60,0.7,
100 mM fucose,488,498,ECKLHKSGYVT,1263.6281,,600,0.54,
100 mM fucose,488,498,ECKLHKSGYVT,1263.6281,,3600,0.98,
100 mM fucose,488,498,ECKLHKSGYVT,1263.6281,,28800,0.6,
100 mM galactose,488,498,ECKLHKSGYVT,1263.6281,,15,0.54,
100 mM galactose,488,498,ECKLHKSGYVT,1263.6281,,60,0.34,
100 mM galactose,488,498,ECKLHKSGYVT,1263.6281,,600,0.65,
100 mM galactose,488,498,ECKLHKSGYVT,1263.6281,,3600,0.61,
100 mM galactose,488,498,ECKLHKSGYVT,1263.6281,,28800,0.75,
10mM HBGA B,488,498,ECKLHKSGYVT,1263.6281,,15,0.53,
10mM HBGA B,488,498,ECKLHKSGYVT,1263.6281,,60,0.56,
10mM HBGA B,488,498,ECKLHKSGYVT,1263.6281,,600,0.43,
10mM HBGA B,488,498,ECKLHKSGYVT,1263.6281,,3600,0.57,
10mM HBGA B,488,498,ECKLHKSGYVT,1263.6281,,28800,0.72,
unbound,488,498,ECKLHKSGYVT,1263.6281,,15,0.57,
unbound,488,498,ECKLHKSGYVT,1263.6281,,60,0.78,
unbound,488,498,ECKLHKSGYVT,1263.6281,,600,0.58,
unbound,488,498,ECKLHKSGYVT,1263.6281,,3600,0.67,
unbound,488,498,ECKLHKSGYVT,1263.6281,,28800,0.98,
100 mM fucose,488,506,ECKLHKSGYVTVAHTGQHD,2109.0062,,15,2.15,
100 mM fucose,488,506,ECKLHKSGYVTVAHTGQHD,2109.0062,,60,2.6,
100 mM fucose,488,506,ECKLHKSGYVTVAHTGQHD,2109.0062,,600,2.72,
100 mM fucose,488,506,ECKLHKSGYVTVAHTGQHD,2109.0062,,3600,2.7,
100 mM fucose,488,506,ECKLHKSGYVTVAHTGQHD,2109.0062,,28800,2.89,
100 mM galactose,488,506,ECKLHKSGYVTVAHTGQHD,2109.0062,,15,2.48,
100 mM galactose,488,506,ECKLHKSGYVTVAHTGQHD,2109.0062,,60,2.56,
100 mM galactose,488,506,ECKLHKSGYVTVAHTGQHD,2109.0062,,600,2.71,
100 mM galactose,488,506,ECKLHKSGYVTVAHTGQHD,2109.0062,,3600,2.69,
100 mM galactose,488,506,ECKLHKSGYVTVAHTGQHD,2109.0062,,28800,3.05,
10mM HBGA B,488,506,ECKLHKSGYVTVAHTGQHD,2109.0062,,15,2.28,
10mM HBGA B,488,506,ECKLHKSGYVTVAHTGQHD,2109.0062,,60,2.6,
10mM HBGA B,488,506,ECKLHKSGYVTVAHTGQHD,2109.0062,,600,2.67,
10mM HBGA B,488,506,ECKLHKSGYVTVAHTGQHD,2109.0062,,3600,2.77,
10mM HBGA B,488,506,ECKLHKSGYVTVAHTGQHD,2109.0062,,28800,2.91,
unbound,488,506,ECKLHKSGYVTVAHTGQHD,2109.0062,,15,2.26,
unbound,488,506,ECKLHKSGYVTVAHTGQHD,2109.0062,,60,2.61,
unbound,488,506,ECKLHKSGYVTVAHTGQHD,2109.0062,,600,2.61,
unbound,488,506,ECKLHKSGYVTVAHTGQHD,2109.0062,,3600,2.84,
unbound,488,506,ECKLHKSGYVTVAHTGQHD,2109.0062,,28800,2.98,
100 mM fucose,488,514,ECKLHKSGYVTVAHTGQHDLVIPPNGY,2962.4759,,15,3.22,
100 mM fucose,488,514,ECKLHKSGYVTVAHTGQHDLVIPPNGY,2962.4759,,60,4.3,
100 mM fucose,488,514,ECKLHKSGYVTVAHTGQHDLVIPPNGY,2962.4759,,600,5.22,
100 mM fucose,488,514,ECKLHKSGYVTVAHTGQHDLVIPPNGY,2962.4759,,3600,5.24,
100 mM fucose,488,514,ECKLHKSGYVTVAHTGQHDLVIPPNGY,2962.4759,,28800,5.68,
100 mM galactose,488,514,ECKLHKSGYVTVAHTGQHDLVIPPNGY,2962.4759,,15,3.55,
100 mM galactose,488,514,ECKLHKSGYVTVAHTGQHDLVIPPNGY,2962.4759,,60,4.26,
100 mM galactose,488,514,ECKLHKSGYVTVAHTGQHDLVIPPNGY,2962.4759,,600,5.23,
100 mM galactose,488,514,ECKLHKSGYVTVAHTGQHDLVIPPNGY,2962.4759,,3600,5.21,
100 mM galactose,488,514,ECKLHKSGYVTVAHTGQHDLVIPPNGY,2962.4759,,28800,5.71,
10mM HBGA B,488,514,ECKLHKSGYVTVAHTGQHDLVIPPNGY,2962.4759,,15,3.39,
10mM HBGA B,488,514,ECKLHKSGYVTVAHTGQHDLVIPPNGY,2962.4759,,60,4.29,
10mM HBGA B,488,514,ECKLHKSGYVTVAHTGQHDLVIPPNGY,2962.4759,,600,5.22,
10mM HBGA B,488,514,ECKLHKSGYVTVAHTGQHDLVIPPNGY,2962.4759,,3600,5.26,
10mM HBGA B,488,514,ECKLHKSGYVTVAHTGQHDLVIPPNGY,2962.4759,,28800,5.58,
unbound,488,514,ECKLHKSGYVTVAHTGQHDLVIPPNGY,2962.4759,,15,3.23,
unbound,488,514,ECKLHKSGYVTVAHTGQHDLVIPPNGY,2962.4759,,60,4.38,
unbound,488,514,ECKLHKSGYVTVAHTGQHDLVIPPNGY,2962.4759,,600,5.04,
unbound,488,514,ECKLHKSGYVTVAHTGQHDLVIPPNGY,2962.4759,,3600,4.81,
unbound,488,514,ECKLHKSGYVTVAHTGQHDLVIPPNGY,2962.4759,,28800,5.72,
100 mM fucose,488,515,ECKLHKSGYVTVAHTGQHDLVIPPNGYF,3109.5444,,15,2.87,
100 mM fucose,488,515,ECKLHKSGYVTVAHTGQHDLVIPPNGYF,3109.5444,,60,4.11,
100 mM fucose,488,515,ECKLHKSGYVTVAHTGQHDLVIPPNGYF,3109.5444,,600,4.9,
100 mM fucose,488,515,ECKLHKSGYVTVAHTGQHDLVIPPNGYF,3109.5444,,3600,5.1,
100 mM fucose,488,515,ECKLHKSGYVTVAHTGQHDLVIPPNGYF,3109.5444,,28800,5.31,
100 mM galactose,488,515,ECKLHKSGYVTVAHTGQHDLVIPPNGYF,3109.5444,,15,3.4,
100 mM galactose,488,515,ECKLHKSGYVTVAHTGQHDLVIPPNGYF,3109.5444,,60,4.07,
100 mM galactose,488,515,ECKLHKSGYVTVAHTGQHDLVIPPNGYF,3109.5444,,600,4.91,
100 mM galactose,488,515,ECKLHKSGYVTVAHTGQHDLVIPPNGYF,3109.5444,,3600,4.89,
100 mM galactose,488,515,ECKLHKSGYVTVAHTGQHDLVIPPNGYF,3109.5444,,28800,5.56,
10mM HBGA B,488,515,ECKLHKSGYVTVAHTGQHDLVIPPNGYF,3109.5444,,15,3.26,
10mM HBGA B,488,515,ECKLHKSGYVTVAHTGQHDLVIPPNGYF,3109.5444,,60,4.05,
10mM HBGA B,488,515,ECKLHKSGYVTVAHTGQHDLVIPPNGYF,3109.5444,,600,5.02,
10mM HBGA B,488,515,ECKLHKSGYVTVAHTGQHDLVIPPNGYF,3109.5444,,3600,5,
10mM HBGA B,488,515,ECKLHKSGYVTVAHTGQHDLVIPPNGYF,3109.5444,,28800,5.34,
unbound,488,515,ECKLHKSGYVTVAHTGQHDLVIPPNGYF,3109.5444,,15,3.1,
unbound,488,515,ECKLHKSGYVTVAHTGQHDLVIPPNGYF,3109.5444,,60,4.12,
unbound,488,515,ECKLHKSGYVTVAHTGQHDLVIPPNGYF,3109.5444,,600,4.86,
unbound,488,515,ECKLHKSGYVTVAHTGQHDLVIPPNGYF,3109.5444,,3600,4.63,
unbound,488,515,ECKLHKSGYVTVAHTGQHDLVIPPNGYF,3109.5444,,28800,5.47,
100 mM fucose,488,517,ECKLHKSGYVTVAHTGQHDLVIPPNGYFRF,3412.7139,,15,4.19,
100 mM fucose,488,517,ECKLHKSGYVTVAHTGQHDLVIPPNGYFRF,3412.7139,,60,4.85,
100 mM fucose,488,517,ECKLHKSGYVTVAHTGQHDLVIPPNGYFRF,3412.7139,,600,5.82,
100 mM fucose,488,517,ECKLHKSGYVTVAHTGQHDLVIPPNGYFRF,3412.7139,,3600,5.5,
100 mM fucose,488,517,ECKLHKSGYVTVAHTGQHDLVIPPNGYFRF,3412.7139,,28800,6.53,
100 mM galactose,488,517,ECKLHKSGYVTVAHTGQHDLVIPPNGYFRF,3412.7139,,15,3.87,
100 mM galactose,488,517,ECKLHKSGYVTVAHTGQHDLVIPPNGYFRF,3412.7139,,60,4.59,
100 mM galactose,488,517,ECKLHKSGYVTVAHTGQHDLVIPPNGYFRF,3412.7139,,600,5.77,
100 mM galactose,488,517,ECKLHKSGYVTVAHTGQHDLVIPPNGYFRF,3412.7139,,3600,5.51,
100 mM galactose,488,517,ECKLHKSGYVTVAHTGQHDLVIPPNGYFRF,3412.7139,,28800,6.22,
10mM HBGA B,488,517,ECKLHKSGYVTVAHTGQHDLVIPPNGYFRF,3412.7139,,15,3.31,
10mM HBGA B,488,517,ECKLHKSGYVTVAHTGQHDLVIPPNGYFRF,3412.7139,,60,4.51,
10mM HBGA B,488,517,ECKLHKSGYVTVAHTGQHDLVIPPNGYFRF,3412.7139,,600,5.71,
10mM HBGA B,488,517,ECKLHKSGYVTVAHTGQHDLVIPPNGYFRF,3412.7139,,3600,5.47,
10mM HBGA B,488,517,ECKLHKSGYVTVAHTGQHDLVIPPNGYFRF,3412.7139,,28800,5.89,
unbound,488,517,ECKLHKSGYVTVAHTGQHDLVIPPNGYFRF,3412.7139,,15,3.38,
unbound,488,517,ECKLHKSGYVTVAHTGQHDLVIPPNGYFRF,3412.7139,,60,4.49,
unbound,488,517,ECKLHKSGYVTVAHTGQHDLVIPPNGYFRF,3412.7139,,600,5.59,
unbound,488,517,ECKLHKSGYVTVAHTGQHDLVIPPNGYFRF,3412.7139,,3600,5.58,
unbound,488,517,ECKLHKSGYVTVAHTGQHDLVIPPNGYFRF,3412.7139,,28800,6.22,
100 mM fucose,236,249,EMTNSRFPIPLEKL,1673.8811,,15,0.23,
100 mM fucose,236,249,EMTNSRFPIPLEKL,1673.8811,,60,0.47,
100 mM fucose,236,249,EMTNSRFPIPLEKL,1673.8811,,600,0.36,
100 mM fucose,236,249,EMTNSRFPIPLEKL,1673.8811,,3600,0.42,
100 mM fucose,236,249,EMTNSRFPIPLEKL,1673.8811,,28800,0.74,
100 mM galactose,236,249,EMTNSRFPIPLEKL,1673.8811,,15,0.41,
100 mM galactose,236,249,EMTNSRFPIPLEKL,1673.8811,,60,0.43,
100 mM galactose,236,249,EMTNSRFPIPLEKL,1673.8811,,600,0.39,
100 mM galactose,236,249,EMTNSRFPIPLEKL,1673.8811,,3600,0.57,
100 mM galactose,236,249,EMTNSRFPIPLEKL,1673.8811,,28800,0.86,
10mM HBGA B,236,249,EMTNSRFPIPLEKL,1673.8811,,15,0.33,
10mM HBGA B,236,249,EMTNSRFPIPLEKL,1673.8811,,60,0.41,
10mM HBGA B,236,249,EMTNSRFPIPLEKL,1673.8811,,600,0.34,
10mM HBGA B,236,249,EMTNSRFPIPLEKL,1673.8811,,3600,0.44,
10mM HBGA B,236,249,EMTNSRFPIPLEKL,1673.8811,,28800,0.87,
unbound,236,249,EMTNSRFPIPLEKL,1673.8811,,15,0.33,
unbound,236,249,EMTNSRFPIPLEKL,1673.8811,,60,0.36,
unbound,236,249,EMTNSRFPIPLEKL,1673.8811,,600,0.35,
unbound,236,249,EMTNSRFPIPLEKL,1673.8811,,3600,-0.03,
unbound,236,249,EMTNSRFPIPLEKL,1673.8811,,28800,0.89,
100 mM fucose,376,402,ETHQNTKFTPVGVIQDGSTTHRNEPQQ,3048.4649,,15,4.72,
100 mM fucose,376,402,ETHQNTKFTPVGVIQDGSTTHRNEPQQ,3048.4649,,60,5.31,
100 mM fucose,376,402,ETHQNTKFTPVGVIQDGSTTHRNEPQQ,3048.4649,,600,6.3,
100 mM fucose,376,402,ETHQNTKFTPVGVIQDGSTTHRNEPQQ,3048.4649,,3600,6.79,
100 mM fucose,376,402,ETHQNTKFTPVGVIQDGSTTHRNEPQQ,3048.4649,,28800,6.9,
100 mM galactose,376,402,ETHQNTKFTPVGVIQDGSTTHRNEPQQ,3048.4649,,15,5.21,
100 mM galactose,376,402,ETHQNTKFTPVGVIQDGSTTHRNEPQQ,3048.4649,,60,5.42,
100 mM galactose,376,402,ETHQNTKFTPVGVIQDGSTTHRNEPQQ,3048.4649,,600,6.47,
100 mM galactose,376,402,ETHQNTKFTPVGVIQDGSTTHRNEPQQ,3048.4649,,3600,6.93,
100 mM galactose,376,402,ETHQNTKFTPVGVIQDGSTTHRNEPQQ,3048.4649,,28800,7.22,
10mM HBGA B,376,402,ETHQNTKFTPVGVIQDGSTTHRNEPQQ,3048.4649,,15,4.98,
10mM HBGA B,376,402,ETHQNTKFTPVGVIQDGSTTHRNEPQQ,3048.4649,,60,5.41,
10mM HBGA B,376,402,ETHQNTKFTPVGVIQDGSTTHRNEPQQ,3048.4649,,600,6.13,
10mM HBGA B,376,402,ETHQNTKFTPVGVIQDGSTTHRNEPQQ,3048.4649,,3600,6.78,
10mM HBGA B,376,402,ETHQNTKFTPVGVIQDGSTTHRNEPQQ,3048.4649,,28800,7.07,
unbound,376,402,ETHQNTKFTPVGVIQDGSTTHRNEPQQ,3048.4649,,15,4.78,
unbound,376,402,ETHQNTKFTPVGVIQDGSTTHRNEPQQ,3048.4649,,60,5.39,
unbound,376,402,ETHQNTKFTPVGVIQDGSTTHRNEPQQ,3048.4649,,600,6.11,
unbound,376,402,ETHQNTKFTPVGVIQDGSTTHRNEPQQ,3048.4649,,3600,6.39,
unbound,376,402,ETHQNTKFTPVGVIQDGSTTHRNEPQQ,3048.4649,,28800,7.24,
100 mM fucose,376,405,ETHQNTKFTPVGVIQDGSTTHRNEPQQWVL,3446.6967,,15,4.38,
100 mM fucose,376,405,ETHQNTKFTPVGVIQDGSTTHRNEPQQWVL,3446.6967,,60,5.21,
100 mM fucose,376,405,ETHQNTKFTPVGVIQDGSTTHRNEPQQWVL,3446.6967,,600,6.96,
100 mM fucose,376,405,ETHQNTKFTPVGVIQDGSTTHRNEPQQWVL,3446.6967,,3600,8.05,
100 mM fucose,376,405,ETHQNTKFTPVGVIQDGSTTHRNEPQQWVL,3446.6967,,28800,8.64,
100 mM galactose,376,405,ETHQNTKFTPVGVIQDGSTTHRNEPQQWVL,3446.6967,,15,4.97,
100 mM galactose,376,405,ETHQNTKFTPVGVIQDGSTTHRNEPQQWVL,3446.6967,,60,5.3,
100 mM galactose,376,405,ETHQNTKFTPVGVIQDGSTTHRNEPQQWVL,3446.6967,,600,7.04,
100 mM galactose,376,405,ETHQNTKFTPVGVIQDGSTTHRNEPQQWVL,3446.6967,,3600,7.92,
100 mM galactose,376,405,ETHQNTKFTPVGVIQDGSTTHRNEPQQWVL,3446.6967,,28800,8.52,
10mM HBGA B,376,405,ETHQNTKFTPVGVIQDGSTTHRNEPQQWVL,3446.6967,,15,4.78,
10mM HBGA B,376,405,ETHQNTKFTPVGVIQDGSTTHRNEPQQWVL,3446.6967,,60,5.26,
10mM HBGA B,376,405,ETHQNTKFTPVGVIQDGSTTHRNEPQQWVL,3446.6967,,600,6.83,
10mM HBGA B,376,405,ETHQNTKFTPVGVIQDGSTTHRNEPQQWVL,3446.6967,,3600,8.1,
10mM HBGA B,376,405,ETHQNTKFTPVGVIQDGSTTHRNEPQQWVL,3446.6967,,28800,8.29,
unbound,376,405,ETHQNTKFTPVGVIQDGSTTHRNEPQQWVL,3446.6967,,15,4.92,
unbound,376,405,ETHQNTKFTPVGVIQDGSTTHRNEPQQWVL,3446.6967,,60,5.35,
unbound,376,405,ETHQNTKFTPVGVIQDGSTTHRNEPQQWVL,3446.6967,,600,6.97,
unbound,376,405,ETHQNTKFTPVGVIQDGSTTHRNEPQQWVL,3446.6967,,3600,7.62,
unbound,376,405,ETHQNTKFTPVGVIQDGSTTHRNEPQQWVL,3446.6967,,28800,8.38,
100 mM fucose,487,514,FECKLHKSGYVTVAHTGQHDLVIPPNGY,3109.5444,,15,2.87,
100 mM fucose,487,514,FECKLHKSGYVTVAHTGQHDLVIPPNGY,3109.5444,,60,4.11,
100 mM fucose,487,514,FECKLHKSGYVTVAHTGQHDLVIPPNGY,3109.5444,,600,4.9,
100 mM fucose,487,514,FECKLHKSGYVTVAHTGQHDLVIPPNGY,3109.5444,,3600,5.1,
100 mM fucose,487,514,FECKLHKSGYVTVAHTGQHDLVIPPNGY,3109.5444,,28800,5.31,
100 mM galactose,487,514,FECKLHKSGYVTVAHTGQHDLVIPPNGY,3109.5444,,15,3.4,
100 mM galactose,487,514,FECKLHKSGYVTVAHTGQHDLVIPPNGY,3109.5444,,60,4.07,
100 mM galactose,487,514,FECKLHKSGYVTVAHTGQHDLVIPPNGY,3109.5444,,600,4.91,
100 mM galactose,487,514,FECKLHKSGYVTVAHTGQHDLVIPPNGY,3109.5444,,3600,4.89,
100 mM galactose,487,514,FECKLHKSGYVTVAHTGQHDLVIPPNGY,3109.5444,,28800,5.56,
10mM HBGA B,487,514,FECKLHKSGYVTVAHTGQHDLVIPPNGY,3109.5444,,15,3.26,
10mM HBGA B,487,514,FECKLHKSGYVTVAHTGQHDLVIPPNGY,3109.5444,,60,4.05,
10mM HBGA B,487,514,FECKLHKSGYVTVAHTGQHDLVIPPNGY,3109.5444,,600,5.02,
10mM HBGA B,487,514,FECKLHKSGYVTVAHTGQHDLVIPPNGY,3109.5444,,3600,5,
10mM HBGA B,487,514,FECKLHKSGYVTVAHTGQHDLVIPPNGY,3109.5444,,28800,5.34,
unbound,487,514,FECKLHKSGYVTVAHTGQHDLVIPPNGY,3109.5444,,15,3.1,
unbound,487,514,FECKLHKSGYVTVAHTGQHDLVIPPNGY,3109.5444,,60,4.12,
unbound,487,514,FECKLHKSGYVTVAHTGQHDLVIPPNGY,3109.5444,,600,4.86,
unbound,487,514,FECKLHKSGYVTVAHTGQHDLVIPPNGY,3109.5444,,3600,4.63,
unbound,487,514,FECKLHKSGYVTVAHTGQHDLVIPPNGY,3109.5444,,28800,5.47,
100 mM fucose,375,402,FETHQNTKFTPVGVIQDGSTTHRNEPQQ,3195.5333,,15,5.11,
100 mM fucose,375,402,FETHQNTKFTPVGVIQDGSTTHRNEPQQ,3195.5333,,60,5.83,
100 mM fucose,375,402,FETHQNTKFTPVGVIQDGSTTHRNEPQQ,3195.5333,,600,6.82,
100 mM fucose,375,402,FETHQNTKFTPVGVIQDGSTTHRNEPQQ,3195.5333,,3600,7.23,
100 mM fucose,375,402,FETHQNTKFTPVGVIQDGSTTHRNEPQQ,3195.5333,,28800,7.45,
100 mM galactose,375,402,FETHQNTKFTPVGVIQDGSTTHRNEPQQ,3195.5333,,15,5.68,
100 mM galactose,375,402,FETHQNTKFTPVGVIQDGSTTHRNEPQQ,3195.5333,,60,5.87,
100 mM galactose,375,402,FETHQNTKFTPVGVIQDGSTTHRNEPQQ,3195.5333,,600,6.94,
100 mM galactose,375,402,FETHQNTKFTPVGVIQDGSTTHRNEPQQ,3195.5333,,3600,7.33,
100 mM galactose,375,402,FETHQNTKFTPVGVIQDGSTTHRNEPQQ,3195.5333,,28800,7.73,
10mM HBGA B,375,402,FETHQNTKFTPVGVIQDGSTTHRNEPQQ,3195.5333,,15,5.43,
10mM HBGA B,375,402,FETHQNTKFTPVGVIQDGSTTHRNEPQQ,3195.5333,,60,5.86,
10mM HBGA B,375,402,FETHQNTKFTPVGVIQDGSTTHRNEPQQ,3195.5333,,600,6.65,
10mM HBGA B,375,402,FETHQNTKFTPVGVIQDGSTTHRNEPQQ,3195.5333,,3600,7.31,
10mM HBGA B,375,402,FETHQNTKFTPVGVIQDGSTTHRNEPQQ,3195.5333,,28800,7.46,
unbound,375,402,FETHQNTKFTPVGVIQDGSTTHRNEPQQ,3195.5333,,15,5.27,
unbound,375,402,FETHQNTKFTPVGVIQDGSTTHRNEPQQ,3195.5333,,60,5.88,
unbound,375,402,FETHQNTKFTPVGVIQDGSTTHRNEPQQ,3195.5333,,600,6.61,
unbound,375,402,FETHQNTKFTPVGVIQDGSTTHRNEPQQ,3195.5333,,3600,7.3,
unbound,375,402,FETHQNTKFTPVGVIQDGSTTHRNEPQQ,3195.5333,,28800,7.66,
100 mM fucose,375,405,FETHQNTKFTPVGVIQDGSTTHRNEPQQWVL,3593.7651,,15,4.89,
100 mM fucose,375,405,FETHQNTKFTPVGVIQDGSTTHRNEPQQWVL,3593.7651,,60,5.72,
100 mM fucose,375,405,FETHQNTKFTPVGVIQDGSTTHRNEPQQWVL,3593.7651,,600,7.55,
100 mM fucose,375,405,FETHQNTKFTPVGVIQDGSTTHRNEPQQWVL,3593.7651,,3600,8.45,
100 mM fucose,375,405,FETHQNTKFTPVGVIQDGSTTHRNEPQQWVL,3593.7651,,28800,9.05,
100 mM galactose,375,405,FETHQNTKFTPVGVIQDGSTTHRNEPQQWVL,3593.7651,,15,5.35,
100 mM galactose,375,405,FETHQNTKFTPVGVIQDGSTTHRNEPQQWVL,3593.7651,,60,5.75,
100 mM galactose,375,405,FETHQNTKFTPVGVIQDGSTTHRNEPQQWVL,3593.7651,,600,7.46,
100 mM galactose,375,405,FETHQNTKFTPVGVIQDGSTTHRNEPQQWVL,3593.7651,,3600,8.34,
100 mM galactose,375,405,FETHQNTKFTPVGVIQDGSTTHRNEPQQWVL,3593.7651,,28800,8.96,
10mM HBGA B,375,405,FETHQNTKFTPVGVIQDGSTTHRNEPQQWVL,3593.7651,,15,5.15,
10mM HBGA B,375,405,FETHQNTKFTPVGVIQDGSTTHRNEPQQWVL,3593.7651,,60,5.69,
10mM HBGA B,375,405,FETHQNTKFTPVGVIQDGSTTHRNEPQQWVL,3593.7651,,600,7.34,
10mM HBGA B,375,405,FETHQNTKFTPVGVIQDGSTTHRNEPQQWVL,3593.7651,,3600,8.45,
10mM HBGA B,375,405,FETHQNTKFTPVGVIQDGSTTHRNEPQQWVL,3593.7651,,28800,8.76,
unbound,375,405,FETHQNTKFTPVGVIQDGSTTHRNEPQQWVL,3593.7651,,15,5.18,
unbound,375,405,FETHQNTKFTPVGVIQDGSTTHRNEPQQWVL,3593.7651,,60,5.84,
unbound,375,405,FETHQNTKFTPVGVIQDGSTTHRNEPQQWVL,3593.7651,,600,7.44,
unbound,375,405,FETHQNTKFTPVGVIQDGSTTHRNEPQQWVL,3593.7651,,3600,8.21,
unbound,375,405,FETHQNTKFTPVGVIQDGSTTHRNEPQQWVL,3593.7651,,28800,8.83,
100 mM fucose,433,447,FFRSTMPGCSGYPNM,1693.7051,,15,0.9,
100 mM fucose,433,447,FFRSTMPGCSGYPNM,1693.7051,,60,1.48,
100 mM fucose,433,447,FFRSTMPGCSGYPNM,1693.7051,,600,2.18,
100 mM fucose,433,447,FFRSTMPGCSGYPNM,1693.7051,,3600,2.73,
100 mM fucose,433,447,FFRSTMPGCSGYPNM,1693.7051,,28800,3.48,
100 mM galactose,433,447,FFRSTMPGCSGYPNM,1693.7051,,15,1.15,
100 mM galactose,433,447,FFRSTMPGCSGYPNM,1693.7051,,60,1.77,
100 mM galactose,433,447,FFRSTMPGCSGYPNM,1693.7051,,600,2.4,
100 mM galactose,433,447,FFRSTMPGCSGYPNM,1693.7051,,3600,3.28,
100 mM galactose,433,447,FFRSTMPGCSGYPNM,1693.7051,,28800,4.09,
10mM HBGA B,433,447,FFRSTMPGCSGYPNM,1693.7051,,15,0.86,
10mM HBGA B,433,447,FFRSTMPGCSGYPNM,1693.7051,,60,1.44,
10mM HBGA B,433,447,FFRSTMPGCSGYPNM,1693.7051,,600,2.07,
10mM HBGA B,433,447,FFRSTMPGCSGYPNM,1693.7051,,3600,2.8,
10mM HBGA B,433,447,FFRSTMPGCSGYPNM,1693.7051,,28800,3.63,
unbound,433,447,FFRSTMPGCSGYPNM,1693.7051,,15,0.9,
unbound,433,447,FFRSTMPGCSGYPNM,1693.7051,,60,1.72,
unbound,433,447,FFRSTMPGCSGYPNM,1693.7051,,600,2.39,
unbound,433,447,FFRSTMPGCSGYPNM,1693.7051,,3600,3.15,
unbound,433,447,FFRSTMPGCSGYPNM,1693.7051,,28800,4.05,
100 mM fucose,433,449,FFRSTMPGCSGYPNMDL,1921.8161,,15,1.04,
100 mM fucose,433,449,FFRSTMPGCSGYPNMDL,1921.8161,,60,1.82,
100 mM fucose,433,449,FFRSTMPGCSGYPNMDL,1921.8161,,600,2.49,
100 mM fucose,433,449,FFRSTMPGCSGYPNMDL,1921.8161,,3600,3.33,
100 mM fucose,433,449,FFRSTMPGCSGYPNMDL,1921.8161,,28800,4.22,
100 mM galactose,433,449,FFRSTMPGCSGYPNMDL,1921.8161,,15,1.33,
100 mM galactose,433,449,FFRSTMPGCSGYPNMDL,1921.8161,,60,2.01,
100 mM galactose,433,449,FFRSTMPGCSGYPNMDL,1921.8161,,600,2.69,
100 mM galactose,433,449,FFRSTMPGCSGYPNMDL,1921.8161,,3600,3.74,
100 mM galactose,433,449,FFRSTMPGCSGYPNMDL,1921.8161,,28800,4.78,
10mM HBGA B,433,449,FFRSTMPGCSGYPNMDL,1921.8161,,15,1.08,
10mM HBGA B,433,449,FFRSTMPGCSGYPNMDL,1921.8161,,60,1.69,
10mM HBGA B,433,449,FFRSTMPGCSGYPNMDL,1921.8161,,600,2.41,
10mM HBGA B,433,449,FFRSTMPGCSGYPNMDL,1921.8161,,3600,3.32,
10mM HBGA B,433,449,FFRSTMPGCSGYPNMDL,1921.8161,,28800,4.31,
unbound,433,449,FFRSTMPGCSGYPNMDL,1921.8161,,15,1.14,
unbound,433,449,FFRSTMPGCSGYPNMDL,1921.8161,,60,1.92,
unbound,433,449,FFRSTMPGCSGYPNMDL,1921.8161,,600,2.58,
unbound,433,449,FFRSTMPGCSGYPNMDL,1921.8161,,3600,3.63,
unbound,433,449,FFRSTMPGCSGYPNMDL,1921.8161,,28800,4.73,
100 mM fucose,515,520,FRFDSW,856.3868,,15,1.1,
100 mM fucose,515,520,FRFDSW,856.3868,,60,1.52,
100 mM fucose,515,520,FRFDSW,856.3868,,600,1.6,
100 mM fucose,515,520,FRFDSW,856.3868,,3600,1.77,
100 mM fucose,515,520,FRFDSW,856.3868,,28800,2.27,
100 mM galactose,515,520,FRFDSW,856.3868,,15,1.19,
100 mM galactose,515,520,FRFDSW,856.3868,,60,1.52,
100 mM galactose,515,520,FRFDSW,856.3868,,600,1.61,
100 mM galactose,515,520,FRFDSW,856.3868,,3600,1.79,
100 mM galactose,515,520,FRFDSW,856.3868,,28800,2.28,
10mM HBGA B,515,520,FRFDSW,856.3868,,15,1.09,
10mM HBGA B,515,520,FRFDSW,856.3868,,60,1.48,
10mM HBGA B,515,520,FRFDSW,856.3868,,600,1.58,
10mM HBGA B,515,520,FRFDSW,856.3868,,3600,1.74,
10mM HBGA B,515,520,FRFDSW,856.3868,,28800,2.19,
unbound,515,520,FRFDSW,856.3868,,15,1.1,
unbound,515,520,FRFDSW,856.3868,,60,1.5,
unbound,515,520,FRFDSW,856.3868,,600,1.57,
unbound,515,520,FRFDSW,856.3868,,3600,1.72,
unbound,515,520,FRFDSW,856.3868,,28800,2.26,
100 mM fucose,515,524,FRFDSWVNQF,1344.6251,,15,3.13,
100 mM fucose,515,524,FRFDSWVNQF,1344.6251,,60,3.66,
100 mM fucose,515,524,FRFDSWVNQF,1344.6251,,600,3.76,
100 mM fucose,515,524,FRFDSWVNQF,1344.6251,,3600,3.96,
100 mM fucose,515,524,FRFDSWVNQF,1344.6251,,28800,4.5,
100 mM galactose,515,524,FRFDSWVNQF,1344.6251,,15,3.34,
100 mM galactose,515,524,FRFDSWVNQF,1344.6251,,60,3.69,
100 mM galactose,515,524,FRFDSWVNQF,1344.6251,,600,3.75,
100 mM galactose,515,524,FRFDSWVNQF,1344.6251,,3600,3.89,
100 mM galactose,515,524,FRFDSWVNQF,1344.6251,,28800,4.44,
10mM HBGA B,515,524,FRFDSWVNQF,1344.6251,,15,3.22,
10mM HBGA B,515,524,FRFDSWVNQF,1344.6251,,60,3.6,
10mM HBGA B,515,524,FRFDSWVNQF,1344.6251,,600,3.73,
10mM HBGA B,515,524,FRFDSWVNQF,1344.6251,,3600,3.94,
10mM HBGA B,515,524,FRFDSWVNQF,1344.6251,,28800,4.35,
unbound,515,524,FRFDSWVNQF,1344.6251,,15,3.13,
unbound,515,524,FRFDSWVNQF,1344.6251,,60,3.63,
unbound,515,524,FRFDSWVNQF,1344.6251,,600,3.67,
unbound,515,524,FRFDSWVNQF,1344.6251,,3600,3.75,
unbound,515,524,FRFDSWVNQF,1344.6251,,28800,4.37,
100 mM fucose,286,298,FRGDVTHIAGSRN,1428.7222,,15,3.59,
100 mM fucose,286,298,FRGDVTHIAGSRN,1428.7222,,60,4.17,
100 mM fucose,286,298,FRGDVTHIAGSRN,1428.7222,,600,4.64,
100 mM fucose,286,298,FRGDVTHIAGSRN,1428.7222,,3600,4.81,
100 mM fucose,286,298,FRGDVTHIAGSRN,1428.7222,,28800,5.28,
100 mM galactose,286,298,FRGDVTHIAGSRN,1428.7222,,15,4.02,
100 mM galactose,286,298,FRGDVTHIAGSRN,1428.7222,,60,4.26,
100 mM galactose,286,298,FRGDVTHIAGSRN,1428.7222,,600,4.68,
100 mM galactose,286,298,FRGDVTHIAGSRN,1428.7222,,3600,4.83,
100 mM galactose,286,298,FRGDVTHIAGSRN,1428.7222,,28800,5.59,
10mM HBGA B,286,298,FRGDVTHIAGSRN,1428.7222,,15,3.63,
10mM HBGA B,286,298,FRGDVTHIAGSRN,1428.7222,,60,4.22,
10mM HBGA B,286,298,FRGDVTHIAGSRN,1428.7222,,600,4.57,
10mM HBGA B,286,298,FRGDVTHIAGSRN,1428.7222,,3600,4.8,
10mM HBGA B,286,298,FRGDVTHIAGSRN,1428.7222,,28800,5.21,
unbound,286,298,FRGDVTHIAGSRN,1428.7222,,15,3.8,
unbound,286,298,FRGDVTHIAGSRN,1428.7222,,60,4.31,
unbound,286,298,FRGDVTHIAGSRN,1428.7222,,600,4.61,
unbound,286,298,FRGDVTHIAGSRN,1428.7222,,3600,4.91,
unbound,286,298,FRGDVTHIAGSRN,1428.7222,,28800,5.52,
100 mM fucose,286,303,FRGDVTHIAGSRNYTMNL,2051.0007,,15,3.34,
100 mM fucose,286,303,FRGDVTHIAGSRNYTMNL,2051.0007,,60,4.05,
100 mM fucose,286,303,FRGDVTHIAGSRNYTMNL,2051.0007,,600,4.57,
100 mM fucose,286,303,FRGDVTHIAGSRNYTMNL,2051.0007,,3600,4.86,
100 mM fucose,286,303,FRGDVTHIAGSRNYTMNL,2051.0007,,28800,6.18,
100 mM galactose,286,303,FRGDVTHIAGSRNYTMNL,2051.0007,,15,3.83,
100 mM galactose,286,303,FRGDVTHIAGSRNYTMNL,2051.0007,,60,4.08,
100 mM galactose,286,303,FRGDVTHIAGSRNYTMNL,2051.0007,,600,4.6,
100 mM galactose,286,303,FRGDVTHIAGSRNYTMNL,2051.0007,,3600,5.04,
100 mM galactose,286,303,FRGDVTHIAGSRNYTMNL,2051.0007,,28800,6.74,
10mM HBGA B,286,303,FRGDVTHIAGSRNYTMNL,2051.0007,,15,3.43,
10mM HBGA B,286,303,FRGDVTHIAGSRNYTMNL,2051.0007,,60,4.04,
10mM HBGA B,286,303,FRGDVTHIAGSRNYTMNL,2051.0007,,600,4.46,
10mM HBGA B,286,303,FRGDVTHIAGSRNYTMNL,2051.0007,,3600,4.93,
10mM HBGA B,286,303,FRGDVTHIAGSRNYTMNL,2051.0007,,28800,5.99,
unbound,286,303,FRGDVTHIAGSRNYTMNL,2051.0007,,15,3.64,
unbound,286,303,FRGDVTHIAGSRNYTMNL,2051.0007,,60,4.15,
unbound,286,303,FRGDVTHIAGSRNYTMNL,2051.0007,,600,4.61,
unbound,286,303,FRGDVTHIAGSRNYTMNL,2051.0007,,3600,5.26,
unbound,286,303,FRGDVTHIAGSRNYTMNL,2051.0007,,28800,6.62,
100 mM fucose,434,449,FRSTMPGCSGYPNMDL,1774.7477,,15,1.05,
100 mM fucose,434,449,FRSTMPGCSGYPNMDL,1774.7477,,60,1.79,
100 mM fucose,434,449,FRSTMPGCSGYPNMDL,1774.7477,,600,2.46,
100 mM fucose,434,449,FRSTMPGCSGYPNMDL,1774.7477,,3600,3.34,
100 mM fucose,434,449,FRSTMPGCSGYPNMDL,1774.7477,,28800,4.27,
100 mM galactose,434,449,FRSTMPGCSGYPNMDL,1774.7477,,15,1.3,
100 mM galactose,434,449,FRSTMPGCSGYPNMDL,1774.7477,,60,1.98,
100 mM galactose,434,449,FRSTMPGCSGYPNMDL,1774.7477,,600,2.65,
100 mM galactose,434,449,FRSTMPGCSGYPNMDL,1774.7477,,3600,3.75,
100 mM galactose,434,449,FRSTMPGCSGYPNMDL,1774.7477,,28800,4.81,
10mM HBGA B,434,449,FRSTMPGCSGYPNMDL,1774.7477,,15,1.07,
10mM HBGA B,434,449,FRSTMPGCSGYPNMDL,1774.7477,,60,1.66,
10mM HBGA B,434,449,FRSTMPGCSGYPNMDL,1774.7477,,600,2.38,
10mM HBGA B,434,449,FRSTMPGCSGYPNMDL,1774.7477,,3600,3.3,
10mM HBGA B,434,449,FRSTMPGCSGYPNMDL,1774.7477,,28800,4.31,
unbound,434,449,FRSTMPGCSGYPNMDL,1774.7477,,15,1.17,
unbound,434,449,FRSTMPGCSGYPNMDL,1774.7477,,60,1.91,
unbound,434,449,FRSTMPGCSGYPNMDL,1774.7477,,600,2.55,
unbound,434,449,FRSTMPGCSGYPNMDL,1774.7477,,3600,3.62,
unbound,434,449,FRSTMPGCSGYPNMDL,1774.7477,,28800,4.78,
100 mM fucose,257,266,FVVQPQNGRC,1146.5604,,15,0.51,
100 mM fucose,257,266,FVVQPQNGRC,1146.5604,,60,0.73,
100 mM fucose,257,266,FVVQPQNGRC,1146.5604,,600,0.81,
100 mM fucose,257,266,FVVQPQNGRC,1146.5604,,3600,1.22,
100 mM fucose,257,266,FVVQPQNGRC,1146.5604,,28800,1.32,
100 mM galactose,257,266,FVVQPQNGRC,1146.5604,,15,0.57,
100 mM galactose,257,266,FVVQPQNGRC,1146.5604,,60,0.67,
100 mM galactose,257,266,FVVQPQNGRC,1146.5604,,600,0.9,
100 mM galactose,257,266,FVVQPQNGRC,1146.5604,,3600,1.38,
100 mM galactose,257,266,FVVQPQNGRC,1146.5604,,28800,1.45,
10mM HBGA B,257,266,FVVQPQNGRC,1146.5604,,15,0.5,
10mM HBGA B,257,266,FVVQPQNGRC,1146.5604,,60,0.6,
10mM HBGA B,257,266,FVVQPQNGRC,1146.5604,,600,0.76,
10mM HBGA B,257,266,FVVQPQNGRC,1146.5604,,3600,1.16,
10mM HBGA B,257,266,FVVQPQNGRC,1146.5604,,28800,1.49,
unbound,257,266,FVVQPQNGRC,1146.5604,,15,0.43,
unbound,257,266,FVVQPQNGRC,1146.5604,,60,0.59,
unbound,257,266,FVVQPQNGRC,1146.5604,,600,0.81,
unbound,257,266,FVVQPQNGRC,1146.5604,,3600,1.16,
unbound,257,266,FVVQPQNGRC,1146.5604,,28800,1.44,
100 mM fucose,257,272,FVVQPQNGRCTTDGVL,1732.8566,,15,0.64,
100 mM fucose,257,272,FVVQPQNGRCTTDGVL,1732.8566,,60,1.04,
100 mM fucose,257,272,FVVQPQNGRCTTDGVL,1732.8566,,600,1.13,
100 mM fucose,257,272,FVVQPQNGRCTTDGVL,1732.8566,,3600,1.71,
100 mM fucose,257,272,FVVQPQNGRCTTDGVL,1732.8566,,28800,2.32,
100 mM galactose,257,272,FVVQPQNGRCTTDGVL,1732.8566,,15,0.81,
100 mM galactose,257,272,FVVQPQNGRCTTDGVL,1732.8566,,60,0.95,
100 mM galactose,257,272,FVVQPQNGRCTTDGVL,1732.8566,,600,1.26,
100 mM galactose,257,272,FVVQPQNGRCTTDGVL,1732.8566,,3600,1.9,
100 mM galactose,257,272,FVVQPQNGRCTTDGVL,1732.8566,,28800,2.43,
10mM HBGA B,257,272,FVVQPQNGRCTTDGVL,1732.8566,,15,0.77,
10mM HBGA B,257,272,FVVQPQNGRCTTDGVL,1732.8566,,60,0.88,
10mM HBGA B,257,272,FVVQPQNGRCTTDGVL,1732.8566,,600,1.03,
10mM HBGA B,257,272,FVVQPQNGRCTTDGVL,1732.8566,,3600,1.63,
10mM HBGA B,257,272,FVVQPQNGRCTTDGVL,1732.8566,,28800,2.46,
unbound,257,272,FVVQPQNGRCTTDGVL,1732.8566,,15,0.61,
unbound,257,272,FVVQPQNGRCTTDGVL,1732.8566,,60,0.81,
unbound,257,272,FVVQPQNGRCTTDGVL,1732.8566,,600,1.02,
unbound,257,272,FVVQPQNGRCTTDGVL,1732.8566,,3600,1.46,
unbound,257,272,FVVQPQNGRCTTDGVL,1732.8566,,28800,2.45,
100 mM fucose,524,530,FYTLAPM,841.4044,,15,0.69,
100 mM fucose,524,530,FYTLAPM,841.4044,,60,0.94,
100 mM fucose,524,530,FYTLAPM,841.4044,,600,1.43,
100 mM fucose,524,530,FYTLAPM,841.4044,,3600,2.42,
100 mM fucose,524,530,FYTLAPM,841.4044,,28800,2.73,
100 mM galactose,524,530,FYTLAPM,841.4044,,15,0.94,
100 mM galactose,524,530,FYTLAPM,841.4044,,60,0.91,
100 mM galactose,524,530,FYTLAPM,841.4044,,600,1.4,
100 mM galactose,524,530,FYTLAPM,841.4044,,3600,2.51,
100 mM galactose,524,530,FYTLAPM,841.4044,,28800,2.69,
10mM HBGA B,524,530,FYTLAPM,841.4044,,15,0.81,
10mM HBGA B,524,530,FYTLAPM,841.4044,,60,0.82,
10mM HBGA B,524,530,FYTLAPM,841.4044,,600,1.37,
10mM HBGA B,524,530,FYTLAPM,841.4044,,3600,2.37,
10mM HBGA B,524,530,FYTLAPM,841.4044,,28800,2.85,
unbound,524,530,FYTLAPM,841.4044,,15,0.94,
unbound,524,530,FYTLAPM,841.4044,,60,0.8,
unbound,524,530,FYTLAPM,841.4044,,600,1.34,
unbound,524,530,FYTLAPM,841.4044,,3600,2.38,
unbound,524,530,FYTLAPM,841.4044,,28800,2.78,
100 mM fucose,221,232,GPGSKPFTVPIL,1211.6914,,15,2.37,
100 mM fucose,221,232,GPGSKPFTVPIL,1211.6914,,60,2.55,
100 mM fucose,221,232,GPGSKPFTVPIL,1211.6914,,600,3.65,
100 mM fucose,221,232,GPGSKPFTVPIL,1211.6914,,3600,4.6,
100 mM fucose,221,232,GPGSKPFTVPIL,1211.6914,,28800,4.65,
100 mM galactose,221,232,GPGSKPFTVPIL,1211.6914,,15,2.48,
100 mM galactose,221,232,GPGSKPFTVPIL,1211.6914,,60,2.6,
100 mM galactose,221,232,GPGSKPFTVPIL,1211.6914,,600,3.67,
100 mM galactose,221,232,GPGSKPFTVPIL,1211.6914,,3600,4.58,
100 mM galactose,221,232,GPGSKPFTVPIL,1211.6914,,28800,4.71,
10mM HBGA B,221,232,GPGSKPFTVPIL,1211.6914,,15,2.41,
10mM HBGA B,221,232,GPGSKPFTVPIL,1211.6914,,60,2.63,
10mM HBGA B,221,232,GPGSKPFTVPIL,1211.6914,,600,3.6,
10mM HBGA B,221,232,GPGSKPFTVPIL,1211.6914,,3600,4.61,
10mM HBGA B,221,232,GPGSKPFTVPIL,1211.6914,,28800,4.61,
unbound,221,232,GPGSKPFTVPIL,1211.6914,,15,2.39,
unbound,221,232,GPGSKPFTVPIL,1211.6914,,60,2.63,
unbound,221,232,GPGSKPFTVPIL,1211.6914,,600,3.55,
unbound,221,232,GPGSKPFTVPIL,1211.6914,,3600,4.53,
unbound,221,232,GPGSKPFTVPIL,1211.6914,,28800,4.68,
100 mM fucose,221,233,GPGSKPFTVPILT,1312.7391,,15,2.43,
100 mM fucose,221,233,GPGSKPFTVPILT,1312.7391,,60,2.61,
100 mM fucose,221,233,GPGSKPFTVPILT,1312.7391,,600,3.71,
100 mM fucose,221,233,GPGSKPFTVPILT,1312.7391,,3600,4.85,
100 mM fucose,221,233,GPGSKPFTVPILT,1312.7391,,28800,5.34,
100 mM galactose,221,233,GPGSKPFTVPILT,1312.7391,,15,2.52,
100 mM galactose,221,233,GPGSKPFTVPILT,1312.7391,,60,2.65,
100 mM galactose,221,233,GPGSKPFTVPILT,1312.7391,,600,3.77,
100 mM galactose,221,233,GPGSKPFTVPILT,1312.7391,,3600,4.82,
100 mM galactose,221,233,GPGSKPFTVPILT,1312.7391,,28800,5.36,
10mM HBGA B,221,233,GPGSKPFTVPILT,1312.7391,,15,2.46,
10mM HBGA B,221,233,GPGSKPFTVPILT,1312.7391,,60,2.68,
10mM HBGA B,221,233,GPGSKPFTVPILT,1312.7391,,600,3.68,
10mM HBGA B,221,233,GPGSKPFTVPILT,1312.7391,,3600,4.83,
10mM HBGA B,221,233,GPGSKPFTVPILT,1312.7391,,28800,5.28,
unbound,221,233,GPGSKPFTVPILT,1312.7391,,15,2.41,
unbound,221,233,GPGSKPFTVPILT,1312.7391,,60,2.65,
unbound,221,233,GPGSKPFTVPILT,1312.7391,,600,3.61,
unbound,221,233,GPGSKPFTVPILT,1312.7391,,3600,4.7,
unbound,221,233,GPGSKPFTVPILT,1312.7391,,28800,5.35,
100 mM fucose,223,232,GSKPFTVPIL,1057.6172,,15,1.27,
100 mM fucose,223,232,GSKPFTVPIL,1057.6172,,60,1.5,
100 mM fucose,223,232,GSKPFTVPIL,1057.6172,,600,2.59,
100 mM fucose,223,232,GSKPFTVPIL,1057.6172,,3600,3.5,
100 mM fucose,223,232,GSKPFTVPIL,1057.6172,,28800,3.87,
100 mM galactose,223,232,GSKPFTVPIL,1057.6172,,15,1.4,
100 mM galactose,223,232,GSKPFTVPIL,1057.6172,,60,1.73,
100 mM galactose,223,232,GSKPFTVPIL,1057.6172,,600,2.66,
100 mM galactose,223,232,GSKPFTVPIL,1057.6172,,3600,3.6,
100 mM galactose,223,232,GSKPFTVPIL,1057.6172,,28800,3.8,
10mM HBGA B,223,232,GSKPFTVPIL,1057.6172,,15,1.54,
10mM HBGA B,223,232,GSKPFTVPIL,1057.6172,,60,1.61,
10mM HBGA B,223,232,GSKPFTVPIL,1057.6172,,600,2.87,
10mM HBGA B,223,232,GSKPFTVPIL,1057.6172,,3600,3.81,
10mM HBGA B,223,232,GSKPFTVPIL,1057.6172,,28800,3.74,
unbound,223,232,GSKPFTVPIL,1057.6172,,15,1.29,
unbound,223,232,GSKPFTVPIL,1057.6172,,60,1.65,
unbound,223,232,GSKPFTVPIL,1057.6172,,600,2.55,
unbound,223,232,GSKPFTVPIL,1057.6172,,3600,3.43,
unbound,223,232,GSKPFTVPIL,1057.6172,,28800,3.73,
100 mM fucose,223,233,GSKPFTVPILT,1158.6649,,15,1.38,
100 mM fucose,223,233,GSKPFTVPILT,1158.6649,,60,1.73,
100 mM fucose,223,233,GSKPFTVPILT,1158.6649,,600,2.93,
100 mM fucose,223,233,GSKPFTVPILT,1158.6649,,3600,4.23,
100 mM fucose,223,233,GSKPFTVPILT,1158.6649,,28800,4.3,
100 mM galactose,223,233,GSKPFTVPILT,1158.6649,,15,1.79,
100 mM galactose,223,233,GSKPFTVPILT,1158.6649,,60,1.85,
100 mM galactose,223,233,GSKPFTVPILT,1158.6649,,600,2.77,
100 mM galactose,223,233,GSKPFTVPILT,1158.6649,,3600,3.95,
100 mM galactose,223,233,GSKPFTVPILT,1158.6649,,28800,4.42,
10mM HBGA B,223,233,GSKPFTVPILT,1158.6649,,15,1.52,
10mM HBGA B,223,233,GSKPFTVPILT,1158.6649,,60,1.37,
10mM HBGA B,223,233,GSKPFTVPILT,1158.6649,,600,2.97,
10mM HBGA B,223,233,GSKPFTVPILT,1158.6649,,3600,3.93,
10mM HBGA B,223,233,GSKPFTVPILT,1158.6649,,28800,4.52,
unbound,223,233,GSKPFTVPILT,1158.6649,,15,1.32,
unbound,223,233,GSKPFTVPILT,1158.6649,,60,1.54,
unbound,223,233,GSKPFTVPILT,1158.6649,,600,2.69,
unbound,223,233,GSKPFTVPILT,1158.6649,,3600,3.68,
unbound,223,233,GSKPFTVPILT,1158.6649,,28800,4.54,
100 mM fucose,492,513,HKSGYVTVAHTGQHDLVIPPNG,2326.1818,,15,2.73,
100 mM fucose,492,513,HKSGYVTVAHTGQHDLVIPPNG,2326.1818,,60,4,
100 mM fucose,492,513,HKSGYVTVAHTGQHDLVIPPNG,2326.1818,,600,4.53,
100 mM fucose,492,513,HKSGYVTVAHTGQHDLVIPPNG,2326.1818,,3600,4.62,
100 mM fucose,492,513,HKSGYVTVAHTGQHDLVIPPNG,2326.1818,,28800,5.61,
100 mM galactose,492,513,HKSGYVTVAHTGQHDLVIPPNG,2326.1818,,15,3.53,
100 mM galactose,492,513,HKSGYVTVAHTGQHDLVIPPNG,2326.1818,,60,3.81,
100 mM galactose,492,513,HKSGYVTVAHTGQHDLVIPPNG,2326.1818,,600,4.84,
100 mM galactose,492,513,HKSGYVTVAHTGQHDLVIPPNG,2326.1818,,3600,4.75,
100 mM galactose,492,513,HKSGYVTVAHTGQHDLVIPPNG,2326.1818,,28800,5.48,
10mM HBGA B,492,513,HKSGYVTVAHTGQHDLVIPPNG,2326.1818,,15,3.34,
10mM HBGA B,492,513,HKSGYVTVAHTGQHDLVIPPNG,2326.1818,,60,4,
10mM HBGA B,492,513,HKSGYVTVAHTGQHDLVIPPNG,2326.1818,,600,4.7,
10mM HBGA B,492,513,HKSGYVTVAHTGQHDLVIPPNG,2326.1818,,3600,5.21,
10mM HBGA B,492,513,HKSGYVTVAHTGQHDLVIPPNG,2326.1818,,28800,5.11,
unbound,492,513,HKSGYVTVAHTGQHDLVIPPNG,2326.1818,,15,3.04,
unbound,492,513,HKSGYVTVAHTGQHDLVIPPNG,2326.1818,,60,3.99,
unbound,492,513,HKSGYVTVAHTGQHDLVIPPNG,2326.1818,,600,4.81,
unbound,492,513,HKSGYVTVAHTGQHDLVIPPNG,2326.1818,,3600,4.52,
unbound,492,513,HKSGYVTVAHTGQHDLVIPPNG,2326.1818,,28800,5.33,
100 mM fucose,492,514,HKSGYVTVAHTGQHDLVIPPNGY,2489.2451,,15,3.12,
100 mM fucose,492,514,HKSGYVTVAHTGQHDLVIPPNGY,2489.2451,,60,4,
100 mM fucose,492,514,HKSGYVTVAHTGQHDLVIPPNGY,2489.2451,,600,4.88,
100 mM fucose,492,514,HKSGYVTVAHTGQHDLVIPPNGY,2489.2451,,3600,4.89,
100 mM fucose,492,514,HKSGYVTVAHTGQHDLVIPPNGY,2489.2451,,28800,5.49,
100 mM galactose,492,514,HKSGYVTVAHTGQHDLVIPPNGY,2489.2451,,15,3.38,
100 mM galactose,492,514,HKSGYVTVAHTGQHDLVIPPNGY,2489.2451,,60,4.02,
100 mM galactose,492,514,HKSGYVTVAHTGQHDLVIPPNGY,2489.2451,,600,4.91,
100 mM galactose,492,514,HKSGYVTVAHTGQHDLVIPPNGY,2489.2451,,3600,4.86,
100 mM galactose,492,514,HKSGYVTVAHTGQHDLVIPPNGY,2489.2451,,28800,5.38,
10mM HBGA B,492,514,HKSGYVTVAHTGQHDLVIPPNGY,2489.2451,,15,3.19,
10mM HBGA B,492,514,HKSGYVTVAHTGQHDLVIPPNGY,2489.2451,,60,3.99,
10mM HBGA B,492,514,HKSGYVTVAHTGQHDLVIPPNGY,2489.2451,,600,4.91,
10mM HBGA B,492,514,HKSGYVTVAHTGQHDLVIPPNGY,2489.2451,,3600,4.96,
10mM HBGA B,492,514,HKSGYVTVAHTGQHDLVIPPNGY,2489.2451,,28800,5.3,
unbound,492,514,HKSGYVTVAHTGQHDLVIPPNGY,2489.2451,,15,3.15,
unbound,492,514,HKSGYVTVAHTGQHDLVIPPNGY,2489.2451,,60,4.01,
unbound,492,514,HKSGYVTVAHTGQHDLVIPPNGY,2489.2451,,600,4.73,
unbound,492,514,HKSGYVTVAHTGQHDLVIPPNGY,2489.2451,,3600,4.59,
unbound,492,514,HKSGYVTVAHTGQHDLVIPPNGY,2489.2451,,28800,5.44,
100 mM fucose,283,298,ICTFRGDVTHIAGSRN,1745.8631,,15,3.46,
100 mM fucose,283,298,ICTFRGDVTHIAGSRN,1745.8631,,60,4.32,
100 mM fucose,283,298,ICTFRGDVTHIAGSRN,1745.8631,,600,4.85,
100 mM fucose,283,298,ICTFRGDVTHIAGSRN,1745.8631,,3600,5.06,
100 mM fucose,283,298,ICTFRGDVTHIAGSRN,1745.8631,,28800,6.03,
100 mM galactose,283,298,ICTFRGDVTHIAGSRN,1745.8631,,15,4,
100 mM galactose,283,298,ICTFRGDVTHIAGSRN,1745.8631,,60,4.35,
100 mM galactose,283,298,ICTFRGDVTHIAGSRN,1745.8631,,600,4.94,
100 mM galactose,283,298,ICTFRGDVTHIAGSRN,1745.8631,,3600,5.25,
100 mM galactose,283,298,ICTFRGDVTHIAGSRN,1745.8631,,28800,6.26,
10mM HBGA B,283,298,ICTFRGDVTHIAGSRN,1745.8631,,15,3.64,
10mM HBGA B,283,298,ICTFRGDVTHIAGSRN,1745.8631,,60,4.21,
10mM HBGA B,283,298,ICTFRGDVTHIAGSRN,1745.8631,,600,4.52,
10mM HBGA B,283,298,ICTFRGDVTHIAGSRN,1745.8631,,3600,5.38,
10mM HBGA B,283,298,ICTFRGDVTHIAGSRN,1745.8631,,28800,6,
unbound,283,298,ICTFRGDVTHIAGSRN,1745.8631,,15,3.44,
unbound,283,298,ICTFRGDVTHIAGSRN,1745.8631,,60,4.38,
unbound,283,298,ICTFRGDVTHIAGSRN,1745.8631,,600,4.81,
unbound,283,298,ICTFRGDVTHIAGSRN,1745.8631,,3600,4.98,
unbound,283,298,ICTFRGDVTHIAGSRN,1745.8631,,28800,6.31,
100 mM fucose,283,303,ICTFRGDVTHIAGSRNYTMNL,2368.1416,,15,3.39,
100 mM fucose,283,303,ICTFRGDVTHIAGSRNYTMNL,2368.1416,,60,3.83,
100 mM fucose,283,303,ICTFRGDVTHIAGSRNYTMNL,2368.1416,,600,4.9,
100 mM fucose,283,303,ICTFRGDVTHIAGSRNYTMNL,2368.1416,,3600,5.67,
100 mM fucose,283,303,ICTFRGDVTHIAGSRNYTMNL,2368.1416,,28800,7.39,
100 mM galactose,283,303,ICTFRGDVTHIAGSRNYTMNL,2368.1416,,15,3.76,
100 mM galactose,283,303,ICTFRGDVTHIAGSRNYTMNL,2368.1416,,60,3.7,
100 mM galactose,283,303,ICTFRGDVTHIAGSRNYTMNL,2368.1416,,600,4.24,
100 mM galactose,283,303,ICTFRGDVTHIAGSRNYTMNL,2368.1416,,3600,4.97,
100 mM galactose,283,303,ICTFRGDVTHIAGSRNYTMNL,2368.1416,,28800,6.93,
10mM HBGA B,283,303,ICTFRGDVTHIAGSRNYTMNL,2368.1416,,15,3.14,
10mM HBGA B,283,303,ICTFRGDVTHIAGSRNYTMNL,2368.1416,,60,4.16,
10mM HBGA B,283,303,ICTFRGDVTHIAGSRNYTMNL,2368.1416,,600,4.49,
10mM HBGA B,283,303,ICTFRGDVTHIAGSRNYTMNL,2368.1416,,3600,5.46,
10mM HBGA B,283,303,ICTFRGDVTHIAGSRNYTMNL,2368.1416,,28800,7.98,
unbound,283,303,ICTFRGDVTHIAGSRNYTMNL,2368.1416,,15,3.83,
unbound,283,303,ICTFRGDVTHIAGSRNYTMNL,2368.1416,,60,4.17,
unbound,283,303,ICTFRGDVTHIAGSRNYTMNL,2368.1416,,600,4.93,
unbound,283,303,ICTFRGDVTHIAGSRNYTMNL,2368.1416,,3600,6.14,
unbound,283,303,ICTFRGDVTHIAGSRNYTMNL,2368.1416,,28800,6.09,
100 mM fucose,432,447,LFFRSTMPGCSGYPNM,1806.7892,,15,0.97,
100 mM fucose,432,447,LFFRSTMPGCSGYPNM,1806.7892,,60,1.72,
100 mM fucose,432,447,LFFRSTMPGCSGYPNM,1806.7892,,600,2.35,
100 mM fucose,432,447,LFFRSTMPGCSGYPNM,1806.7892,,3600,2.95,
100 mM fucose,432,447,LFFRSTMPGCSGYPNM,1806.7892,,28800,3.67,
100 mM galactose,432,447,LFFRSTMPGCSGYPNM,1806.7892,,15,1.23,
100 mM galactose,432,447,LFFRSTMPGCSGYPNM,1806.7892,,60,1.81,
100 mM galactose,432,447,LFFRSTMPGCSGYPNM,1806.7892,,600,2.3,
100 mM galactose,432,447,LFFRSTMPGCSGYPNM,1806.7892,,3600,3.31,
100 mM galactose,432,447,LFFRSTMPGCSGYPNM,1806.7892,,28800,4.14,
10mM HBGA B,432,447,LFFRSTMPGCSGYPNM,1806.7892,,15,0.99,
10mM HBGA B,432,447,LFFRSTMPGCSGYPNM,1806.7892,,60,1.52,
10mM HBGA B,432,447,LFFRSTMPGCSGYPNM,1806.7892,,600,2.02,
10mM HBGA B,432,447,LFFRSTMPGCSGYPNM,1806.7892,,3600,3.02,
10mM HBGA B,432,447,LFFRSTMPGCSGYPNM,1806.7892,,28800,3.71,
unbound,432,447,LFFRSTMPGCSGYPNM,1806.7892,,15,0.98,
unbound,432,447,LFFRSTMPGCSGYPNM,1806.7892,,60,1.77,
unbound,432,447,LFFRSTMPGCSGYPNM,1806.7892,,600,2.3,
unbound,432,447,LFFRSTMPGCSGYPNM,1806.7892,,3600,3.3,
unbound,432,447,LFFRSTMPGCSGYPNM,1806.7892,,28800,4.21,
100 mM fucose,432,449,LFFRSTMPGCSGYPNMDL,2034.9002,,15,1.01,
100 mM fucose,432,449,LFFRSTMPGCSGYPNMDL,2034.9002,,60,1.75,
100 mM fucose,432,449,LFFRSTMPGCSGYPNMDL,2034.9002,,600,2.38,
100 mM fucose,432,449,LFFRSTMPGCSGYPNMDL,2034.9002,,3600,3.22,
100 mM fucose,432,449,LFFRSTMPGCSGYPNMDL,2034.9002,,28800,4.12,
100 mM galactose,432,449,LFFRSTMPGCSGYPNMDL,2034.9002,,15,1.19,
100 mM galactose,432,449,LFFRSTMPGCSGYPNMDL,2034.9002,,60,1.94,
100 mM galactose,432,449,LFFRSTMPGCSGYPNMDL,2034.9002,,600,2.47,
100 mM galactose,432,449,LFFRSTMPGCSGYPNMDL,2034.9002,,3600,3.64,
100 mM galactose,432,449,LFFRSTMPGCSGYPNMDL,2034.9002,,28800,4.69,
10mM HBGA B,432,449,LFFRSTMPGCSGYPNMDL,2034.9002,,15,1,
10mM HBGA B,432,449,LFFRSTMPGCSGYPNMDL,2034.9002,,60,1.62,
10mM HBGA B,432,449,LFFRSTMPGCSGYPNMDL,2034.9002,,600,2.35,
10mM HBGA B,432,449,LFFRSTMPGCSGYPNMDL,2034.9002,,3600,3.27,
10mM HBGA B,432,449,LFFRSTMPGCSGYPNMDL,2034.9002,,28800,4.17,
unbound,432,449,LFFRSTMPGCSGYPNMDL,2034.9002,,15,0.98,
unbound,432,449,LFFRSTMPGCSGYPNMDL,2034.9002,,60,1.81,
unbound,432,449,LFFRSTMPGCSGYPNMDL,2034.9002,,600,2.36,
unbound,432,449,LFFRSTMPGCSGYPNMDL,2034.9002,,3600,3.55,
unbound,432,449,LFFRSTMPGCSGYPNMDL,2034.9002,,28800,4.48,
100 mM fucose,273,303,LGTTQLSPVNICTFRGDVTHIAGSRNYTMNL,3378.6813,,15,2.87,
100 mM fucose,273,303,LGTTQLSPVNICTFRGDVTHIAGSRNYTMNL,3378.6813,,60,3.77,
100 mM fucose,273,303,LGTTQLSPVNICTFRGDVTHIAGSRNYTMNL,3378.6813,,600,4.59,
100 mM fucose,273,303,LGTTQLSPVNICTFRGDVTHIAGSRNYTMNL,3378.6813,,3600,5.46,
100 mM fucose,273,303,LGTTQLSPVNICTFRGDVTHIAGSRNYTMNL,3378.6813,,28800,6.78,
100 mM galactose,273,303,LGTTQLSPVNICTFRGDVTHIAGSRNYTMNL,3378.6813,,15,3.36,
100 mM galactose,273,303,LGTTQLSPVNICTFRGDVTHIAGSRNYTMNL,3378.6813,,60,3.74,
100 mM galactose,273,303,LGTTQLSPVNICTFRGDVTHIAGSRNYTMNL,3378.6813,,600,4.76,
100 mM galactose,273,303,LGTTQLSPVNICTFRGDVTHIAGSRNYTMNL,3378.6813,,3600,5.82,
100 mM galactose,273,303,LGTTQLSPVNICTFRGDVTHIAGSRNYTMNL,3378.6813,,28800,7.87,
10mM HBGA B,273,303,LGTTQLSPVNICTFRGDVTHIAGSRNYTMNL,3378.6813,,15,2.97,
10mM HBGA B,273,303,LGTTQLSPVNICTFRGDVTHIAGSRNYTMNL,3378.6813,,60,3.5,
10mM HBGA B,273,303,LGTTQLSPVNICTFRGDVTHIAGSRNYTMNL,3378.6813,,600,4.68,
10mM HBGA B,273,303,LGTTQLSPVNICTFRGDVTHIAGSRNYTMNL,3378.6813,,3600,5.59,
10mM HBGA B,273,303,LGTTQLSPVNICTFRGDVTHIAGSRNYTMNL,3378.6813,,28800,7.37,
unbound,273,303,LGTTQLSPVNICTFRGDVTHIAGSRNYTMNL,3378.6813,,15,3.16,
unbound,273,303,LGTTQLSPVNICTFRGDVTHIAGSRNYTMNL,3378.6813,,60,3.78,
unbound,273,303,LGTTQLSPVNICTFRGDVTHIAGSRNYTMNL,3378.6813,,600,4.56,
unbound,273,303,LGTTQLSPVNICTFRGDVTHIAGSRNYTMNL,3378.6813,,3600,5.35,
unbound,273,303,LGTTQLSPVNICTFRGDVTHIAGSRNYTMNL,3378.6813,,28800,7.48,
100 mM fucose,475,487,LRFVNPDTGRVLF,1532.8463,,15,2.43,
100 mM fucose,475,487,LRFVNPDTGRVLF,1532.8463,,60,3.23,
100 mM fucose,475,487,LRFVNPDTGRVLF,1532.8463,,600,3.62,
100 mM fucose,475,487,LRFVNPDTGRVLF,1532.8463,,3600,3.82,
100 mM fucose,475,487,LRFVNPDTGRVLF,1532.8463,,28800,4.16,
100 mM galactose,475,487,LRFVNPDTGRVLF,1532.8463,,15,2.56,
100 mM galactose,475,487,LRFVNPDTGRVLF,1532.8463,,60,3.21,
100 mM galactose,475,487,LRFVNPDTGRVLF,1532.8463,,600,3.62,
100 mM galactose,475,487,LRFVNPDTGRVLF,1532.8463,,3600,3.82,
100 mM galactose,475,487,LRFVNPDTGRVLF,1532.8463,,28800,4.2,
10mM HBGA B,475,487,LRFVNPDTGRVLF,1532.8463,,15,2.37,
10mM HBGA B,475,487,LRFVNPDTGRVLF,1532.8463,,60,3.15,
10mM HBGA B,475,487,LRFVNPDTGRVLF,1532.8463,,600,3.54,
10mM HBGA B,475,487,LRFVNPDTGRVLF,1532.8463,,3600,3.8,
10mM HBGA B,475,487,LRFVNPDTGRVLF,1532.8463,,28800,4.09,
unbound,475,487,LRFVNPDTGRVLF,1532.8463,,15,2.41,
unbound,475,487,LRFVNPDTGRVLF,1532.8463,,60,3.2,
unbound,475,487,LRFVNPDTGRVLF,1532.8463,,600,3.56,
unbound,475,487,LRFVNPDTGRVLF,1532.8463,,3600,3.78,
unbound,475,487,LRFVNPDTGRVLF,1532.8463,,28800,4.17,
100 mM fucose,475,488,LRFVNPDTGRVLFE,1661.8889,,15,2.4,
100 mM fucose,475,488,LRFVNPDTGRVLFE,1661.8889,,60,3.23,
100 mM fucose,475,488,LRFVNPDTGRVLFE,1661.8889,,600,3.62,
100 mM fucose,475,488,LRFVNPDTGRVLFE,1661.8889,,3600,3.86,
100 mM fucose,475,488,LRFVNPDTGRVLFE,1661.8889,,28800,4.44,
100 mM galactose,475,488,LRFVNPDTGRVLFE,1661.8889,,15,2.56,
100 mM galactose,475,488,LRFVNPDTGRVLFE,1661.8889,,60,3.21,
100 mM galactose,475,488,LRFVNPDTGRVLFE,1661.8889,,600,3.63,
100 mM galactose,475,488,LRFVNPDTGRVLFE,1661.8889,,3600,3.87,
100 mM galactose,475,488,LRFVNPDTGRVLFE,1661.8889,,28800,4.48,
10mM HBGA B,475,488,LRFVNPDTGRVLFE,1661.8889,,15,2.36,
10mM HBGA B,475,488,LRFVNPDTGRVLFE,1661.8889,,60,3.14,
10mM HBGA B,475,488,LRFVNPDTGRVLFE,1661.8889,,600,3.54,
10mM HBGA B,475,488,LRFVNPDTGRVLFE,1661.8889,,3600,3.81,
10mM HBGA B,475,488,LRFVNPDTGRVLFE,1661.8889,,28800,4.33,
unbound,475,488,LRFVNPDTGRVLFE,1661.8889,,15,2.41,
unbound,475,488,LRFVNPDTGRVLFE,1661.8889,,60,3.19,
unbound,475,488,LRFVNPDTGRVLFE,1661.8889,,600,3.56,
unbound,475,488,LRFVNPDTGRVLFE,1661.8889,,3600,3.77,
unbound,475,488,LRFVNPDTGRVLFE,1661.8889,,28800,4.44,
100 mM fucose,334,367,LTQTTKGDGSTRGHKATVYTGSAPFTPKLGSVQF,3537.8216,,15,4.09,
100 mM fucose,334,367,LTQTTKGDGSTRGHKATVYTGSAPFTPKLGSVQF,3537.8216,,60,5.66,
100 mM fucose,334,367,LTQTTKGDGSTRGHKATVYTGSAPFTPKLGSVQF,3537.8216,,600,7.13,
100 mM fucose,334,367,LTQTTKGDGSTRGHKATVYTGSAPFTPKLGSVQF,3537.8216,,3600,8.72,
100 mM fucose,334,367,LTQTTKGDGSTRGHKATVYTGSAPFTPKLGSVQF,3537.8216,,28800,9.56,
100 mM galactose,334,367,LTQTTKGDGSTRGHKATVYTGSAPFTPKLGSVQF,3537.8216,,15,4.71,
100 mM galactose,334,367,LTQTTKGDGSTRGHKATVYTGSAPFTPKLGSVQF,3537.8216,,60,5.48,
100 mM galactose,334,367,LTQTTKGDGSTRGHKATVYTGSAPFTPKLGSVQF,3537.8216,,600,7.27,
100 mM galactose,334,367,LTQTTKGDGSTRGHKATVYTGSAPFTPKLGSVQF,3537.8216,,3600,8.41,
100 mM galactose,334,367,LTQTTKGDGSTRGHKATVYTGSAPFTPKLGSVQF,3537.8216,,28800,10.29,
10mM HBGA B,334,367,LTQTTKGDGSTRGHKATVYTGSAPFTPKLGSVQF,3537.8216,,15,4.46,
10mM HBGA B,334,367,LTQTTKGDGSTRGHKATVYTGSAPFTPKLGSVQF,3537.8216,,60,5.38,
10mM HBGA B,334,367,LTQTTKGDGSTRGHKATVYTGSAPFTPKLGSVQF,3537.8216,,600,7.1,
10mM HBGA B,334,367,LTQTTKGDGSTRGHKATVYTGSAPFTPKLGSVQF,3537.8216,,3600,8.5,
10mM HBGA B,334,367,LTQTTKGDGSTRGHKATVYTGSAPFTPKLGSVQF,3537.8216,,28800,9.49,
unbound,334,367,LTQTTKGDGSTRGHKATVYTGSAPFTPKLGSVQF,3537.8216,,15,4.59,
unbound,334,367,LTQTTKGDGSTRGHKATVYTGSAPFTPKLGSVQF,3537.8216,,60,5.12,
unbound,334,367,LTQTTKGDGSTRGHKATVYTGSAPFTPKLGSVQF,3537.8216,,600,7.01,
unbound,334,367,LTQTTKGDGSTRGHKATVYTGSAPFTPKLGSVQF,3537.8216,,3600,7.62,
unbound,334,367,LTQTTKGDGSTRGHKATVYTGSAPFTPKLGSVQF,3537.8216,,28800,10.07,
100 mM fucose,507,515,LVIPPNGYF,1018.5488,,15,0.72,
100 mM fucose,507,515,LVIPPNGYF,1018.5488,,60,1.22,
100 mM fucose,507,515,LVIPPNGYF,1018.5488,,600,1.66,
100 mM fucose,507,515,LVIPPNGYF,1018.5488,,3600,1.7,
100 mM fucose,507,515,LVIPPNGYF,1018.5488,,28800,1.94,
100 mM galactose,507,515,LVIPPNGYF,1018.5488,,15,0.84,
100 mM galactose,507,515,LVIPPNGYF,1018.5488,,60,1.21,
100 mM galactose,507,515,LVIPPNGYF,1018.5488,,600,1.69,
100 mM galactose,507,515,LVIPPNGYF,1018.5488,,3600,1.71,
100 mM galactose,507,515,LVIPPNGYF,1018.5488,,28800,2.01,
10mM HBGA B,507,515,LVIPPNGYF,1018.5488,,15,0.75,
10mM HBGA B,507,515,LVIPPNGYF,1018.5488,,60,1.15,
10mM HBGA B,507,515,LVIPPNGYF,1018.5488,,600,1.65,
10mM HBGA B,507,515,LVIPPNGYF,1018.5488,,3600,1.69,
10mM HBGA B,507,515,LVIPPNGYF,1018.5488,,28800,1.94,
unbound,507,515,LVIPPNGYF,1018.5488,,15,0.74,
unbound,507,515,LVIPPNGYF,1018.5488,,60,1.2,
unbound,507,515,LVIPPNGYF,1018.5488,,600,1.62,
unbound,507,515,LVIPPNGYF,1018.5488,,3600,1.62,
unbound,507,515,LVIPPNGYF,1018.5488,,28800,1.98,
100 mM fucose,237,249,MTNSRFPIPLEKL,1544.8385,,15,0.31,
100 mM fucose,237,249,MTNSRFPIPLEKL,1544.8385,,60,0.45,
100 mM fucose,237,249,MTNSRFPIPLEKL,1544.8385,,600,0.38,
100 mM fucose,237,249,MTNSRFPIPLEKL,1544.8385,,3600,0.45,
100 mM fucose,237,249,MTNSRFPIPLEKL,1544.8385,,28800,0.78,
100 mM galactose,237,249,MTNSRFPIPLEKL,1544.8385,,15,0.39,
100 mM galactose,237,249,MTNSRFPIPLEKL,1544.8385,,60,0.42,
100 mM galactose,237,249,MTNSRFPIPLEKL,1544.8385,,600,0.45,
100 mM galactose,237,249,MTNSRFPIPLEKL,1544.8385,,3600,0.54,
100 mM galactose,237,249,MTNSRFPIPLEKL,1544.8385,,28800,0.84,
10mM HBGA B,237,249,MTNSRFPIPLEKL,1544.8385,,15,0.3,
10mM HBGA B,237,249,MTNSRFPIPLEKL,1544.8385,,60,0.38,
10mM HBGA B,237,249,MTNSRFPIPLEKL,1544.8385,,600,0.35,
10mM HBGA B,237,249,MTNSRFPIPLEKL,1544.8385,,3600,0.39,
10mM HBGA B,237,249,MTNSRFPIPLEKL,1544.8385,,28800,0.84,
unbound,237,249,MTNSRFPIPLEKL,1544.8385,,15,0.32,
unbound,237,249,MTNSRFPIPLEKL,1544.8385,,60,0.39,
unbound,237,249,MTNSRFPIPLEKL,1544.8385,,600,0.36,
unbound,237,249,MTNSRFPIPLEKL,1544.8385,,3600,0.41,
unbound,237,249,MTNSRFPIPLEKL,1544.8385,,28800,0.86,
100 mM fucose,307,326,NWNNYDPTEEIPAPLGTPDF,2289.0226,,15,3.66,
100 mM fucose,307,326,NWNNYDPTEEIPAPLGTPDF,2289.0226,,60,5.06,
100 mM fucose,307,326,NWNNYDPTEEIPAPLGTPDF,2289.0226,,600,5.65,
100 mM fucose,307,326,NWNNYDPTEEIPAPLGTPDF,2289.0226,,3600,5.99,
100 mM fucose,307,326,NWNNYDPTEEIPAPLGTPDF,2289.0226,,28800,5.98,
100 mM galactose,307,326,NWNNYDPTEEIPAPLGTPDF,2289.0226,,15,4.04,
100 mM galactose,307,326,NWNNYDPTEEIPAPLGTPDF,2289.0226,,60,5.16,
100 mM galactose,307,326,NWNNYDPTEEIPAPLGTPDF,2289.0226,,600,5.78,
100 mM galactose,307,326,NWNNYDPTEEIPAPLGTPDF,2289.0226,,3600,6.08,
100 mM galactose,307,326,NWNNYDPTEEIPAPLGTPDF,2289.0226,,28800,6.26,
10mM HBGA B,307,326,NWNNYDPTEEIPAPLGTPDF,2289.0226,,15,3.74,
10mM HBGA B,307,326,NWNNYDPTEEIPAPLGTPDF,2289.0226,,60,5.03,
10mM HBGA B,307,326,NWNNYDPTEEIPAPLGTPDF,2289.0226,,600,5.6,
10mM HBGA B,307,326,NWNNYDPTEEIPAPLGTPDF,2289.0226,,3600,5.99,
10mM HBGA B,307,326,NWNNYDPTEEIPAPLGTPDF,2289.0226,,28800,6.14,
unbound,307,326,NWNNYDPTEEIPAPLGTPDF,2289.0226,,15,3.74,
unbound,307,326,NWNNYDPTEEIPAPLGTPDF,2289.0226,,60,5.11,
unbound,307,326,NWNNYDPTEEIPAPLGTPDF,2289.0226,,600,5.51,
unbound,307,326,NWNNYDPTEEIPAPLGTPDF,2289.0226,,3600,5.87,
unbound,307,326,NWNNYDPTEEIPAPLGTPDF,2289.0226,,28800,6.22,
100 mM fucose,406,423,PSYSGRNVHNVHLAPAVA,1887.9704,,15,3.5,
100 mM fucose,406,423,PSYSGRNVHNVHLAPAVA,1887.9704,,60,4.53,
100 mM fucose,406,423,PSYSGRNVHNVHLAPAVA,1887.9704,,600,6.48,
100 mM fucose,406,423,PSYSGRNVHNVHLAPAVA,1887.9704,,3600,7.14,
100 mM fucose,406,423,PSYSGRNVHNVHLAPAVA,1887.9704,,28800,7.63,
100 mM galactose,406,423,PSYSGRNVHNVHLAPAVA,1887.9704,,15,3.74,
100 mM galactose,406,423,PSYSGRNVHNVHLAPAVA,1887.9704,,60,4.58,
100 mM galactose,406,423,PSYSGRNVHNVHLAPAVA,1887.9704,,600,6.3,
100 mM galactose,406,423,PSYSGRNVHNVHLAPAVA,1887.9704,,3600,6.93,
100 mM galactose,406,423,PSYSGRNVHNVHLAPAVA,1887.9704,,28800,7.44,
10mM HBGA B,406,423,PSYSGRNVHNVHLAPAVA,1887.9704,,15,3.53,
10mM HBGA B,406,423,PSYSGRNVHNVHLAPAVA,1887.9704,,60,4.5,
10mM HBGA B,406,423,PSYSGRNVHNVHLAPAVA,1887.9704,,600,6.35,
10mM HBGA B,406,423,PSYSGRNVHNVHLAPAVA,1887.9704,,3600,7.14,
10mM HBGA B,406,423,PSYSGRNVHNVHLAPAVA,1887.9704,,28800,7.26,
unbound,406,423,PSYSGRNVHNVHLAPAVA,1887.9704,,15,3.62,
unbound,406,423,PSYSGRNVHNVHLAPAVA,1887.9704,,60,4.6,
unbound,406,423,PSYSGRNVHNVHLAPAVA,1887.9704,,600,6.31,
unbound,406,423,PSYSGRNVHNVHLAPAVA,1887.9704,,3600,7.1,
unbound,406,423,PSYSGRNVHNVHLAPAVA,1887.9704,,28800,7.35,
100 mM fucose,406,432,PSYSGRNVHNVHLAPAVAPTFPGEQLL,2870.4827,,15,5.56,
100 mM fucose,406,432,PSYSGRNVHNVHLAPAVAPTFPGEQLL,2870.4827,,60,6.7,
100 mM fucose,406,432,PSYSGRNVHNVHLAPAVAPTFPGEQLL,2870.4827,,600,8.61,
100 mM fucose,406,432,PSYSGRNVHNVHLAPAVAPTFPGEQLL,2870.4827,,3600,9.31,
100 mM fucose,406,432,PSYSGRNVHNVHLAPAVAPTFPGEQLL,2870.4827,,28800,10.43,
100 mM galactose,406,432,PSYSGRNVHNVHLAPAVAPTFPGEQLL,2870.4827,,15,5.88,
100 mM galactose,406,432,PSYSGRNVHNVHLAPAVAPTFPGEQLL,2870.4827,,60,6.67,
100 mM galactose,406,432,PSYSGRNVHNVHLAPAVAPTFPGEQLL,2870.4827,,600,8.38,
100 mM galactose,406,432,PSYSGRNVHNVHLAPAVAPTFPGEQLL,2870.4827,,3600,9.08,
100 mM galactose,406,432,PSYSGRNVHNVHLAPAVAPTFPGEQLL,2870.4827,,28800,10.25,
10mM HBGA B,406,432,PSYSGRNVHNVHLAPAVAPTFPGEQLL,2870.4827,,15,5.66,
10mM HBGA B,406,432,PSYSGRNVHNVHLAPAVAPTFPGEQLL,2870.4827,,60,6.63,
10mM HBGA B,406,432,PSYSGRNVHNVHLAPAVAPTFPGEQLL,2870.4827,,600,8.42,
10mM HBGA B,406,432,PSYSGRNVHNVHLAPAVAPTFPGEQLL,2870.4827,,3600,9.37,
10mM HBGA B,406,432,PSYSGRNVHNVHLAPAVAPTFPGEQLL,2870.4827,,28800,9.99,
unbound,406,432,PSYSGRNVHNVHLAPAVAPTFPGEQLL,2870.4827,,15,5.67,
unbound,406,432,PSYSGRNVHNVHLAPAVAPTFPGEQLL,2870.4827,,60,6.75,
unbound,406,432,PSYSGRNVHNVHLAPAVAPTFPGEQLL,2870.4827,,600,8.4,
unbound,406,432,PSYSGRNVHNVHLAPAVAPTFPGEQLL,2870.4827,,3600,8.96,
unbound,406,432,PSYSGRNVHNVHLAPAVAPTFPGEQLL,2870.4827,,28800,10.16,
100 mM fucose,406,433,PSYSGRNVHNVHLAPAVAPTFPGEQLLF,3017.5512,,15,5.57,
100 mM fucose,406,433,PSYSGRNVHNVHLAPAVAPTFPGEQLLF,3017.5512,,60,6.67,
100 mM fucose,406,433,PSYSGRNVHNVHLAPAVAPTFPGEQLLF,3017.5512,,600,8.55,
100 mM fucose,406,433,PSYSGRNVHNVHLAPAVAPTFPGEQLLF,3017.5512,,3600,9.4,
100 mM fucose,406,433,PSYSGRNVHNVHLAPAVAPTFPGEQLLF,3017.5512,,28800,10.64,
100 mM galactose,406,433,PSYSGRNVHNVHLAPAVAPTFPGEQLLF,3017.5512,,15,5.79,
100 mM galactose,406,433,PSYSGRNVHNVHLAPAVAPTFPGEQLLF,3017.5512,,60,6.64,
100 mM galactose,406,433,PSYSGRNVHNVHLAPAVAPTFPGEQLLF,3017.5512,,600,8.36,
100 mM galactose,406,433,PSYSGRNVHNVHLAPAVAPTFPGEQLLF,3017.5512,,3600,9.16,
100 mM galactose,406,433,PSYSGRNVHNVHLAPAVAPTFPGEQLLF,3017.5512,,28800,10.33,
10mM HBGA B,406,433,PSYSGRNVHNVHLAPAVAPTFPGEQLLF,3017.5512,,15,5.6,
10mM HBGA B,406,433,PSYSGRNVHNVHLAPAVAPTFPGEQLLF,3017.5512,,60,6.59,
10mM HBGA B,406,433,PSYSGRNVHNVHLAPAVAPTFPGEQLLF,3017.5512,,600,8.48,
10mM HBGA B,406,433,PSYSGRNVHNVHLAPAVAPTFPGEQLLF,3017.5512,,3600,9.34,
10mM HBGA B,406,433,PSYSGRNVHNVHLAPAVAPTFPGEQLLF,3017.5512,,28800,10.08,
unbound,406,433,PSYSGRNVHNVHLAPAVAPTFPGEQLLF,3017.5512,,15,5.71,
unbound,406,433,PSYSGRNVHNVHLAPAVAPTFPGEQLLF,3017.5512,,60,6.74,
unbound,406,433,PSYSGRNVHNVHLAPAVAPTFPGEQLLF,3017.5512,,600,8.34,
unbound,406,433,PSYSGRNVHNVHLAPAVAPTFPGEQLLF,3017.5512,,3600,9.17,
unbound,406,433,PSYSGRNVHNVHLAPAVAPTFPGEQLLF,3017.5512,,28800,10.18,
100 mM fucose,424,432,PTFPGEQLL,1000.5229,,15,1.62,
100 mM fucose,424,432,PTFPGEQLL,1000.5229,,60,1.74,
100 mM fucose,424,432,PTFPGEQLL,1000.5229,,600,1.78,
100 mM fucose,424,432,PTFPGEQLL,1000.5229,,3600,1.94,
100 mM fucose,424,432,PTFPGEQLL,1000.5229,,28800,2.56,
100 mM galactose,424,432,PTFPGEQLL,1000.5229,,15,1.76,
100 mM galactose,424,432,PTFPGEQLL,1000.5229,,60,1.76,
100 mM galactose,424,432,PTFPGEQLL,1000.5229,,600,1.82,
100 mM galactose,424,432,PTFPGEQLL,1000.5229,,3600,1.96,
100 mM galactose,424,432,PTFPGEQLL,1000.5229,,28800,2.67,
10mM HBGA B,424,432,PTFPGEQLL,1000.5229,,15,1.71,
10mM HBGA B,424,432,PTFPGEQLL,1000.5229,,60,1.75,
10mM HBGA B,424,432,PTFPGEQLL,1000.5229,,600,1.75,
10mM HBGA B,424,432,PTFPGEQLL,1000.5229,,3600,1.92,
10mM HBGA B,424,432,PTFPGEQLL,1000.5229,,28800,2.52,
unbound,424,432,PTFPGEQLL,1000.5229,,15,1.64,
unbound,424,432,PTFPGEQLL,1000.5229,,60,1.74,
unbound,424,432,PTFPGEQLL,1000.5229,,600,1.75,
unbound,424,432,PTFPGEQLL,1000.5229,,3600,1.92,
unbound,424,432,PTFPGEQLL,1000.5229,,28800,2.63,
100 mM fucose,516,524,RFDSWVNQF,1197.5567,,15,2.74,
100 mM fucose,516,524,RFDSWVNQF,1197.5567,,60,3.04,
100 mM fucose,516,524,RFDSWVNQF,1197.5567,,600,3.08,
100 mM fucose,516,524,RFDSWVNQF,1197.5567,,3600,3.22,
100 mM fucose,516,524,RFDSWVNQF,1197.5567,,28800,3.65,
100 mM galactose,516,524,RFDSWVNQF,1197.5567,,15,2.96,
100 mM galactose,516,524,RFDSWVNQF,1197.5567,,60,3.05,
100 mM galactose,516,524,RFDSWVNQF,1197.5567,,600,3.09,
100 mM galactose,516,524,RFDSWVNQF,1197.5567,,3600,3.2,
100 mM galactose,516,524,RFDSWVNQF,1197.5567,,28800,3.65,
10mM HBGA B,516,524,RFDSWVNQF,1197.5567,,15,2.91,
10mM HBGA B,516,524,RFDSWVNQF,1197.5567,,60,3.02,
10mM HBGA B,516,524,RFDSWVNQF,1197.5567,,600,3.04,
10mM HBGA B,516,524,RFDSWVNQF,1197.5567,,3600,3.18,
10mM HBGA B,516,524,RFDSWVNQF,1197.5567,,28800,3.57,
unbound,516,524,RFDSWVNQF,1197.5567,,15,2.8,
unbound,516,524,RFDSWVNQF,1197.5567,,60,3.01,
unbound,516,524,RFDSWVNQF,1197.5567,,600,3,
unbound,516,524,RFDSWVNQF,1197.5567,,3600,2.85,
unbound,516,524,RFDSWVNQF,1197.5567,,28800,3.63,
100 mM fucose,476,487,RFVNPDTGRVLF,1419.7623,,15,2.37,
100 mM fucose,476,487,RFVNPDTGRVLF,1419.7623,,60,3.11,
100 mM fucose,476,487,RFVNPDTGRVLF,1419.7623,,600,3.52,
100 mM fucose,476,487,RFVNPDTGRVLF,1419.7623,,3600,3.71,
100 mM fucose,476,487,RFVNPDTGRVLF,1419.7623,,28800,4,
100 mM galactose,476,487,RFVNPDTGRVLF,1419.7623,,15,2.47,
100 mM galactose,476,487,RFVNPDTGRVLF,1419.7623,,60,3.12,
100 mM galactose,476,487,RFVNPDTGRVLF,1419.7623,,600,3.47,
100 mM galactose,476,487,RFVNPDTGRVLF,1419.7623,,3600,3.68,
100 mM galactose,476,487,RFVNPDTGRVLF,1419.7623,,28800,4.08,
10mM HBGA B,476,487,RFVNPDTGRVLF,1419.7623,,15,2.24,
10mM HBGA B,476,487,RFVNPDTGRVLF,1419.7623,,60,3.04,
10mM HBGA B,476,487,RFVNPDTGRVLF,1419.7623,,600,3.36,
10mM HBGA B,476,487,RFVNPDTGRVLF,1419.7623,,3600,3.68,
10mM HBGA B,476,487,RFVNPDTGRVLF,1419.7623,,28800,3.99,
unbound,476,487,RFVNPDTGRVLF,1419.7623,,15,2.28,
unbound,476,487,RFVNPDTGRVLF,1419.7623,,60,3.07,
unbound,476,487,RFVNPDTGRVLF,1419.7623,,600,3.2,
unbound,476,487,RFVNPDTGRVLF,1419.7623,,3600,3.56,
unbound,476,487,RFVNPDTGRVLF,1419.7623,,28800,4.02,
100 mM fucose,287,303,RGDVTHIAGSRNYTMNL,1903.9323,,15,3.33,
100 mM fucose,287,303,RGDVTHIAGSRNYTMNL,1903.9323,,60,4.02,
100 mM fucose,287,303,RGDVTHIAGSRNYTMNL,1903.9323,,600,4.46,
100 mM fucose,287,303,RGDVTHIAGSRNYTMNL,1903.9323,,3600,4.8,
100 mM fucose,287,303,RGDVTHIAGSRNYTMNL,1903.9323,,28800,6.07,
100 mM galactose,287,303,RGDVTHIAGSRNYTMNL,1903.9323,,15,3.74,
100 mM galactose,287,303,RGDVTHIAGSRNYTMNL,1903.9323,,60,4.07,
100 mM galactose,287,303,RGDVTHIAGSRNYTMNL,1903.9323,,600,4.54,
100 mM galactose,287,303,RGDVTHIAGSRNYTMNL,1903.9323,,3600,4.96,
100 mM galactose,287,303,RGDVTHIAGSRNYTMNL,1903.9323,,28800,6.64,
10mM HBGA B,287,303,RGDVTHIAGSRNYTMNL,1903.9323,,15,3.39,
10mM HBGA B,287,303,RGDVTHIAGSRNYTMNL,1903.9323,,60,3.97,
10mM HBGA B,287,303,RGDVTHIAGSRNYTMNL,1903.9323,,600,4.47,
10mM HBGA B,287,303,RGDVTHIAGSRNYTMNL,1903.9323,,3600,4.83,
10mM HBGA B,287,303,RGDVTHIAGSRNYTMNL,1903.9323,,28800,5.87,
unbound,287,303,RGDVTHIAGSRNYTMNL,1903.9323,,15,3.57,
unbound,287,303,RGDVTHIAGSRNYTMNL,1903.9323,,60,4.11,
unbound,287,303,RGDVTHIAGSRNYTMNL,1903.9323,,600,4.58,
unbound,287,303,RGDVTHIAGSRNYTMNL,1903.9323,,3600,5.21,
unbound,287,303,RGDVTHIAGSRNYTMNL,1903.9323,,28800,6.47,
100 mM fucose,435,449,RSTMPGCSGYPNMDL,1627.6793,,15,0.74,
100 mM fucose,435,449,RSTMPGCSGYPNMDL,1627.6793,,60,1.48,
100 mM fucose,435,449,RSTMPGCSGYPNMDL,1627.6793,,600,2.24,
100 mM fucose,435,449,RSTMPGCSGYPNMDL,1627.6793,,3600,2.9,
100 mM fucose,435,449,RSTMPGCSGYPNMDL,1627.6793,,28800,3.89,
100 mM galactose,435,449,RSTMPGCSGYPNMDL,1627.6793,,15,1,
100 mM galactose,435,449,RSTMPGCSGYPNMDL,1627.6793,,60,1.63,
100 mM galactose,435,449,RSTMPGCSGYPNMDL,1627.6793,,600,2.36,
100 mM galactose,435,449,RSTMPGCSGYPNMDL,1627.6793,,3600,3.39,
100 mM galactose,435,449,RSTMPGCSGYPNMDL,1627.6793,,28800,4.53,
10mM HBGA B,435,449,RSTMPGCSGYPNMDL,1627.6793,,15,0.84,
10mM HBGA B,435,449,RSTMPGCSGYPNMDL,1627.6793,,60,1.33,
10mM HBGA B,435,449,RSTMPGCSGYPNMDL,1627.6793,,600,2.1,
10mM HBGA B,435,449,RSTMPGCSGYPNMDL,1627.6793,,3600,2.92,
10mM HBGA B,435,449,RSTMPGCSGYPNMDL,1627.6793,,28800,3.93,
unbound,435,449,RSTMPGCSGYPNMDL,1627.6793,,15,0.7,
unbound,435,449,RSTMPGCSGYPNMDL,1627.6793,,60,1.55,
unbound,435,449,RSTMPGCSGYPNMDL,1627.6793,,600,2.21,
unbound,435,449,RSTMPGCSGYPNMDL,1627.6793,,3600,3.28,
unbound,435,449,RSTMPGCSGYPNMDL,1627.6793,,28800,4.39,
100 mM fucose,409,423,SGRNVHNVHLAPAVA,1540.8222,,15,2.1,
100 mM fucose,409,423,SGRNVHNVHLAPAVA,1540.8222,,60,3.75,
100 mM fucose,409,423,SGRNVHNVHLAPAVA,1540.8222,,600,4.96,
100 mM fucose,409,423,SGRNVHNVHLAPAVA,1540.8222,,3600,5.2,
100 mM fucose,409,423,SGRNVHNVHLAPAVA,1540.8222,,28800,5.03,
100 mM galactose,409,423,SGRNVHNVHLAPAVA,1540.8222,,15,2.82,
100 mM galactose,409,423,SGRNVHNVHLAPAVA,1540.8222,,60,3.84,
100 mM galactose,409,423,SGRNVHNVHLAPAVA,1540.8222,,600,5.18,
100 mM galactose,409,423,SGRNVHNVHLAPAVA,1540.8222,,3600,5.2,
100 mM galactose,409,423,SGRNVHNVHLAPAVA,1540.8222,,28800,5.42,
10mM HBGA B,409,423,SGRNVHNVHLAPAVA,1540.8222,,15,2.8,
10mM HBGA B,409,423,SGRNVHNVHLAPAVA,1540.8222,,60,3.56,
10mM HBGA B,409,423,SGRNVHNVHLAPAVA,1540.8222,,600,5.04,
10mM HBGA B,409,423,SGRNVHNVHLAPAVA,1540.8222,,3600,5.64,
10mM HBGA B,409,423,SGRNVHNVHLAPAVA,1540.8222,,28800,5.31,
unbound,409,423,SGRNVHNVHLAPAVA,1540.8222,,15,2.87,
unbound,409,423,SGRNVHNVHLAPAVA,1540.8222,,60,3.9,
unbound,409,423,SGRNVHNVHLAPAVA,1540.8222,,600,4.76,
unbound,409,423,SGRNVHNVHLAPAVA,1540.8222,,3600,5.59,
unbound,409,423,SGRNVHNVHLAPAVA,1540.8222,,28800,5.09,
100 mM fucose,368,379,STDTENDFETHQ,1422.5535,,15,3.31,
100 mM fucose,368,379,STDTENDFETHQ,1422.5535,,60,4.38,
100 mM fucose,368,379,STDTENDFETHQ,1422.5535,,600,4.73,
100 mM fucose,368,379,STDTENDFETHQ,1422.5535,,3600,5.48,
100 mM fucose,368,379,STDTENDFETHQ,1422.5535,,28800,5.94,
100 mM galactose,368,379,STDTENDFETHQ,1422.5535,,15,4.32,
100 mM galactose,368,379,STDTENDFETHQ,1422.5535,,60,4.63,
100 mM galactose,368,379,STDTENDFETHQ,1422.5535,,600,5.18,
100 mM galactose,368,379,STDTENDFETHQ,1422.5535,,3600,5.89,
100 mM galactose,368,379,STDTENDFETHQ,1422.5535,,28800,5.95,
10mM HBGA B,368,379,STDTENDFETHQ,1422.5535,,15,3.69,
10mM HBGA B,368,379,STDTENDFETHQ,1422.5535,,60,4.44,
10mM HBGA B,368,379,STDTENDFETHQ,1422.5535,,600,5.08,
10mM HBGA B,368,379,STDTENDFETHQ,1422.5535,,3600,5.52,
10mM HBGA B,368,379,STDTENDFETHQ,1422.5535,,28800,5.8,
unbound,368,379,STDTENDFETHQ,1422.5535,,15,3.89,
unbound,368,379,STDTENDFETHQ,1422.5535,,60,4.56,
unbound,368,379,STDTENDFETHQ,1422.5535,,600,4.95,
unbound,368,379,STDTENDFETHQ,1422.5535,,3600,5.9,
unbound,368,379,STDTENDFETHQ,1422.5535,,28800,5.98,
100 mM fucose,384,402,TPVGVIQDGSTTHRNEPQQ,2063.0032,,15,4.11,
100 mM fucose,384,402,TPVGVIQDGSTTHRNEPQQ,2063.0032,,60,4.82,
100 mM fucose,384,402,TPVGVIQDGSTTHRNEPQQ,2063.0032,,600,5.57,
100 mM fucose,384,402,TPVGVIQDGSTTHRNEPQQ,2063.0032,,3600,5.99,
100 mM fucose,384,402,TPVGVIQDGSTTHRNEPQQ,2063.0032,,28800,6.52,
100 mM galactose,384,402,TPVGVIQDGSTTHRNEPQQ,2063.0032,,15,4.7,
100 mM galactose,384,402,TPVGVIQDGSTTHRNEPQQ,2063.0032,,60,4.96,
100 mM galactose,384,402,TPVGVIQDGSTTHRNEPQQ,2063.0032,,600,6.05,
100 mM galactose,384,402,TPVGVIQDGSTTHRNEPQQ,2063.0032,,3600,6.38,
100 mM galactose,384,402,TPVGVIQDGSTTHRNEPQQ,2063.0032,,28800,6.52,
10mM HBGA B,384,402,TPVGVIQDGSTTHRNEPQQ,2063.0032,,15,4.43,
10mM HBGA B,384,402,TPVGVIQDGSTTHRNEPQQ,2063.0032,,60,4.97,
10mM HBGA B,384,402,TPVGVIQDGSTTHRNEPQQ,2063.0032,,600,5.86,
10mM HBGA B,384,402,TPVGVIQDGSTTHRNEPQQ,2063.0032,,3600,6.12,
10mM HBGA B,384,402,TPVGVIQDGSTTHRNEPQQ,2063.0032,,28800,6.31,
unbound,384,402,TPVGVIQDGSTTHRNEPQQ,2063.0032,,15,4.4,
unbound,384,402,TPVGVIQDGSTTHRNEPQQ,2063.0032,,60,4.96,
unbound,384,402,TPVGVIQDGSTTHRNEPQQ,2063.0032,,600,5.53,
unbound,384,402,TPVGVIQDGSTTHRNEPQQ,2063.0032,,3600,6.46,
unbound,384,402,TPVGVIQDGSTTHRNEPQQ,2063.0032,,28800,6.6,
100 mM fucose,335,366,TQTTKGDGSTRGHKATVYTGSAPFTPKLGSVQ,3277.6691,,15,4.19,
100 mM fucose,335,366,TQTTKGDGSTRGHKATVYTGSAPFTPKLGSVQ,3277.6691,,60,5.64,
100 mM fucose,335,366,TQTTKGDGSTRGHKATVYTGSAPFTPKLGSVQ,3277.6691,,600,6.82,
100 mM fucose,335,366,TQTTKGDGSTRGHKATVYTGSAPFTPKLGSVQ,3277.6691,,3600,8.15,
100 mM fucose,335,366,TQTTKGDGSTRGHKATVYTGSAPFTPKLGSVQ,3277.6691,,28800,10.9,
100 mM galactose,335,366,TQTTKGDGSTRGHKATVYTGSAPFTPKLGSVQ,3277.6691,,15,4.85,
100 mM galactose,335,366,TQTTKGDGSTRGHKATVYTGSAPFTPKLGSVQ,3277.6691,,60,5.54,
100 mM galactose,335,366,TQTTKGDGSTRGHKATVYTGSAPFTPKLGSVQ,3277.6691,,600,7.33,
100 mM galactose,335,366,TQTTKGDGSTRGHKATVYTGSAPFTPKLGSVQ,3277.6691,,3600,8.51,
100 mM galactose,335,366,TQTTKGDGSTRGHKATVYTGSAPFTPKLGSVQ,3277.6691,,28800,10.65,
10mM HBGA B,335,366,TQTTKGDGSTRGHKATVYTGSAPFTPKLGSVQ,3277.6691,,15,4.48,
10mM HBGA B,335,366,TQTTKGDGSTRGHKATVYTGSAPFTPKLGSVQ,3277.6691,,60,5.37,
10mM HBGA B,335,366,TQTTKGDGSTRGHKATVYTGSAPFTPKLGSVQ,3277.6691,,600,6.82,
10mM HBGA B,335,366,TQTTKGDGSTRGHKATVYTGSAPFTPKLGSVQ,3277.6691,,3600,7.85,
10mM HBGA B,335,366,TQTTKGDGSTRGHKATVYTGSAPFTPKLGSVQ,3277.6691,,28800,10.07,
unbound,335,366,TQTTKGDGSTRGHKATVYTGSAPFTPKLGSVQ,3277.6691,,15,4.52,
unbound,335,366,TQTTKGDGSTRGHKATVYTGSAPFTPKLGSVQ,3277.6691,,60,5.42,
unbound,335,366,TQTTKGDGSTRGHKATVYTGSAPFTPKLGSVQ,3277.6691,,600,7.22,
unbound,335,366,TQTTKGDGSTRGHKATVYTGSAPFTPKLGSVQ,3277.6691,,3600,8.81,
unbound,335,366,TQTTKGDGSTRGHKATVYTGSAPFTPKLGSVQ,3277.6691,,28800,10.36,
100 mM fucose,335,367,TQTTKGDGSTRGHKATVYTGSAPFTPKLGSVQF,3424.7375,,15,4.31,
100 mM fucose,335,367,TQTTKGDGSTRGHKATVYTGSAPFTPKLGSVQF,3424.7375,,60,5.57,
100 mM fucose,335,367,TQTTKGDGSTRGHKATVYTGSAPFTPKLGSVQF,3424.7375,,600,6.83,
100 mM fucose,335,367,TQTTKGDGSTRGHKATVYTGSAPFTPKLGSVQF,3424.7375,,3600,7.94,
100 mM fucose,335,367,TQTTKGDGSTRGHKATVYTGSAPFTPKLGSVQF,3424.7375,,28800,9.3,
100 mM galactose,335,367,TQTTKGDGSTRGHKATVYTGSAPFTPKLGSVQF,3424.7375,,15,4.86,
100 mM galactose,335,367,TQTTKGDGSTRGHKATVYTGSAPFTPKLGSVQF,3424.7375,,60,5.49,
100 mM galactose,335,367,TQTTKGDGSTRGHKATVYTGSAPFTPKLGSVQF,3424.7375,,600,7.18,
100 mM galactose,335,367,TQTTKGDGSTRGHKATVYTGSAPFTPKLGSVQF,3424.7375,,3600,8.33,
100 mM galactose,335,367,TQTTKGDGSTRGHKATVYTGSAPFTPKLGSVQF,3424.7375,,28800,10.01,
10mM HBGA B,335,367,TQTTKGDGSTRGHKATVYTGSAPFTPKLGSVQF,3424.7375,,15,4.48,
10mM HBGA B,335,367,TQTTKGDGSTRGHKATVYTGSAPFTPKLGSVQF,3424.7375,,60,5.35,
10mM HBGA B,335,367,TQTTKGDGSTRGHKATVYTGSAPFTPKLGSVQF,3424.7375,,600,6.7,
10mM HBGA B,335,367,TQTTKGDGSTRGHKATVYTGSAPFTPKLGSVQF,3424.7375,,3600,7.99,
10mM HBGA B,335,367,TQTTKGDGSTRGHKATVYTGSAPFTPKLGSVQF,3424.7375,,28800,9.21,
unbound,335,367,TQTTKGDGSTRGHKATVYTGSAPFTPKLGSVQF,3424.7375,,15,4.47,
unbound,335,367,TQTTKGDGSTRGHKATVYTGSAPFTPKLGSVQF,3424.7375,,60,5.34,
unbound,335,367,TQTTKGDGSTRGHKATVYTGSAPFTPKLGSVQF,3424.7375,,600,7.03,
unbound,335,367,TQTTKGDGSTRGHKATVYTGSAPFTPKLGSVQF,3424.7375,,3600,8.35,
unbound,335,367,TQTTKGDGSTRGHKATVYTGSAPFTPKLGSVQF,3424.7375,,28800,9.77,
100 mM fucose,233,249,TVEEMTNSRFPIPLEKL,2003.0398,,15,0.51,
100 mM fucose,233,249,TVEEMTNSRFPIPLEKL,2003.0398,,60,0.76,
100 mM fucose,233,249,TVEEMTNSRFPIPLEKL,2003.0398,,600,0.66,
100 mM fucose,233,249,TVEEMTNSRFPIPLEKL,2003.0398,,3600,0.82,
100 mM fucose,233,249,TVEEMTNSRFPIPLEKL,2003.0398,,28800,1.69,
100 mM galactose,233,249,TVEEMTNSRFPIPLEKL,2003.0398,,15,0.65,
100 mM galactose,233,249,TVEEMTNSRFPIPLEKL,2003.0398,,60,0.7,
100 mM galactose,233,249,TVEEMTNSRFPIPLEKL,2003.0398,,600,0.75,
100 mM galactose,233,249,TVEEMTNSRFPIPLEKL,2003.0398,,3600,0.98,
100 mM galactose,233,249,TVEEMTNSRFPIPLEKL,2003.0398,,28800,1.8,
10mM HBGA B,233,249,TVEEMTNSRFPIPLEKL,2003.0398,,15,0.59,
10mM HBGA B,233,249,TVEEMTNSRFPIPLEKL,2003.0398,,60,0.66,
10mM HBGA B,233,249,TVEEMTNSRFPIPLEKL,2003.0398,,600,0.61,
10mM HBGA B,233,249,TVEEMTNSRFPIPLEKL,2003.0398,,3600,0.78,
10mM HBGA B,233,249,TVEEMTNSRFPIPLEKL,2003.0398,,28800,1.8,
unbound,233,249,TVEEMTNSRFPIPLEKL,2003.0398,,15,0.54,
unbound,233,249,TVEEMTNSRFPIPLEKL,2003.0398,,60,0.64,
unbound,233,249,TVEEMTNSRFPIPLEKL,2003.0398,,600,0.63,
unbound,233,249,TVEEMTNSRFPIPLEKL,2003.0398,,3600,0.76,
unbound,233,249,TVEEMTNSRFPIPLEKL,2003.0398,,28800,1.81,
100 mM fucose,233,256,TVEEMTNSRFPIPLEKLFTGPSGA,2620.3207,,15,1.76,
100 mM fucose,233,256,TVEEMTNSRFPIPLEKLFTGPSGA,2620.3207,,60,1.73,
100 mM fucose,233,256,TVEEMTNSRFPIPLEKLFTGPSGA,2620.3207,,600,1.88,
100 mM fucose,233,256,TVEEMTNSRFPIPLEKLFTGPSGA,2620.3207,,3600,2.12,
100 mM fucose,233,256,TVEEMTNSRFPIPLEKLFTGPSGA,2620.3207,,28800,3.76,
100 mM galactose,233,256,TVEEMTNSRFPIPLEKLFTGPSGA,2620.3207,,15,1.81,
100 mM galactose,233,256,TVEEMTNSRFPIPLEKLFTGPSGA,2620.3207,,60,1.67,
100 mM galactose,233,256,TVEEMTNSRFPIPLEKLFTGPSGA,2620.3207,,600,1.74,
100 mM galactose,233,256,TVEEMTNSRFPIPLEKLFTGPSGA,2620.3207,,3600,2.16,
100 mM galactose,233,256,TVEEMTNSRFPIPLEKLFTGPSGA,2620.3207,,28800,3.88,
10mM HBGA B,233,256,TVEEMTNSRFPIPLEKLFTGPSGA,2620.3207,,15,1.91,
10mM HBGA B,233,256,TVEEMTNSRFPIPLEKLFTGPSGA,2620.3207,,60,1.67,
10mM HBGA B,233,256,TVEEMTNSRFPIPLEKLFTGPSGA,2620.3207,,600,1.77,
10mM HBGA B,233,256,TVEEMTNSRFPIPLEKLFTGPSGA,2620.3207,,3600,2.11,
10mM HBGA B,233,256,TVEEMTNSRFPIPLEKLFTGPSGA,2620.3207,,28800,3.79,
unbound,233,256,TVEEMTNSRFPIPLEKLFTGPSGA,2620.3207,,15,1.71,
unbound,233,256,TVEEMTNSRFPIPLEKLFTGPSGA,2620.3207,,60,1.85,
unbound,233,256,TVEEMTNSRFPIPLEKLFTGPSGA,2620.3207,,600,1.84,
unbound,233,256,TVEEMTNSRFPIPLEKLFTGPSGA,2620.3207,,3600,2.27,
unbound,233,256,TVEEMTNSRFPIPLEKLFTGPSGA,2620.3207,,28800,4.27,
100 mM fucose,234,249,VEEMTNSRFPIPLEKL,1901.9921,,15,0.43,
100 mM fucose,234,249,VEEMTNSRFPIPLEKL,1901.9921,,60,0.65,
100 mM fucose,234,249,VEEMTNSRFPIPLEKL,1901.9921,,600,0.55,
100 mM fucose,234,249,VEEMTNSRFPIPLEKL,1901.9921,,3600,0.64,
100 mM fucose,234,249,VEEMTNSRFPIPLEKL,1901.9921,,28800,1.12,
100 mM galactose,234,249,VEEMTNSRFPIPLEKL,1901.9921,,15,0.57,
100 mM galactose,234,249,VEEMTNSRFPIPLEKL,1901.9921,,60,0.58,
100 mM galactose,234,249,VEEMTNSRFPIPLEKL,1901.9921,,600,0.62,
100 mM galactose,234,249,VEEMTNSRFPIPLEKL,1901.9921,,3600,0.75,
100 mM galactose,234,249,VEEMTNSRFPIPLEKL,1901.9921,,28800,1.19,
10mM HBGA B,234,249,VEEMTNSRFPIPLEKL,1901.9921,,15,0.52,
10mM HBGA B,234,249,VEEMTNSRFPIPLEKL,1901.9921,,60,0.56,
10mM HBGA B,234,249,VEEMTNSRFPIPLEKL,1901.9921,,600,0.52,
10mM HBGA B,234,249,VEEMTNSRFPIPLEKL,1901.9921,,3600,0.61,
10mM HBGA B,234,249,VEEMTNSRFPIPLEKL,1901.9921,,28800,1.22,
unbound,234,249,VEEMTNSRFPIPLEKL,1901.9921,,15,0.44,
unbound,234,249,VEEMTNSRFPIPLEKL,1901.9921,,60,0.55,
unbound,234,249,VEEMTNSRFPIPLEKL,1901.9921,,600,0.52,
unbound,234,249,VEEMTNSRFPIPLEKL,1901.9921,,3600,0.58,
unbound,234,249,VEEMTNSRFPIPLEKL,1901.9921,,28800,1.21,
100 mM fucose,234,257,VEEMTNSRFPIPLEKLFTGPSGAF,2666.3414,,15,2.35,
100 mM fucose,234,257,VEEMTNSRFPIPLEKLFTGPSGAF,2666.3414,,60,2.47,
100 mM fucose,234,257,VEEMTNSRFPIPLEKLFTGPSGAF,2666.3414,,600,2.47,
100 mM fucose,234,257,VEEMTNSRFPIPLEKLFTGPSGAF,2666.3414,,3600,2.8,
100 mM fucose,234,257,VEEMTNSRFPIPLEKLFTGPSGAF,2666.3414,,28800,4.21,
100 mM galactose,234,257,VEEMTNSRFPIPLEKLFTGPSGAF,2666.3414,,15,2.22,
100 mM galactose,234,257,VEEMTNSRFPIPLEKLFTGPSGAF,2666.3414,,60,2.34,
100 mM galactose,234,257,VEEMTNSRFPIPLEKLFTGPSGAF,2666.3414,,600,2.58,
100 mM galactose,234,257,VEEMTNSRFPIPLEKLFTGPSGAF,2666.3414,,3600,2.94,
100 mM galactose,234,257,VEEMTNSRFPIPLEKLFTGPSGAF,2666.3414,,28800,4.36,
10mM HBGA B,234,257,VEEMTNSRFPIPLEKLFTGPSGAF,2666.3414,,15,2.15,
10mM HBGA B,234,257,VEEMTNSRFPIPLEKLFTGPSGAF,2666.3414,,60,2.28,
10mM HBGA B,234,257,VEEMTNSRFPIPLEKLFTGPSGAF,2666.3414,,600,2.36,
10mM HBGA B,234,257,VEEMTNSRFPIPLEKLFTGPSGAF,2666.3414,,3600,2.92,
10mM HBGA B,234,257,VEEMTNSRFPIPLEKLFTGPSGAF,2666.3414,,28800,4.12,
unbound,234,257,VEEMTNSRFPIPLEKLFTGPSGAF,2666.3414,,15,2.31,
unbound,234,257,VEEMTNSRFPIPLEKLFTGPSGAF,2666.3414,,60,2.44,
unbound,234,257,VEEMTNSRFPIPLEKLFTGPSGAF,2666.3414,,600,2.71,
unbound,234,257,VEEMTNSRFPIPLEKLFTGPSGAF,2666.3414,,3600,2.75,
unbound,234,257,VEEMTNSRFPIPLEKLFTGPSGAF,2666.3414,,28800,4.14,
100 mM fucose,327,333,VGKIQGL,713.4436,,15,0.25,
100 mM fucose,327,333,VGKIQGL,713.4436,,60,0.44,
100 mM fucose,327,333,VGKIQGL,713.4436,,600,0.57,
100 mM fucose,327,333,VGKIQGL,713.4436,,3600,0.75,
100 mM fucose,327,333,VGKIQGL,713.4436,,28800,0.71,
100 mM galactose,327,333,VGKIQGL,713.4436,,15,0.34,
100 mM galactose,327,333,VGKIQGL,713.4436,,60,0.44,
100 mM galactose,327,333,VGKIQGL,713.4436,,600,0.65,
100 mM galactose,327,333,VGKIQGL,713.4436,,3600,0.82,
100 mM galactose,327,333,VGKIQGL,713.4436,,28800,0.77,
10mM HBGA B,327,333,VGKIQGL,713.4436,,15,0.35,
10mM HBGA B,327,333,VGKIQGL,713.4436,,60,0.36,
10mM HBGA B,327,333,VGKIQGL,713.4436,,600,0.51,
10mM HBGA B,327,333,VGKIQGL,713.4436,,3600,0.73,
10mM HBGA B,327,333,VGKIQGL,713.4436,,28800,0.8,
unbound,327,333,VGKIQGL,713.4436,,15,0.27,
unbound,327,333,VGKIQGL,713.4436,,60,0.4,
unbound,327,333,VGKIQGL,713.4436,,600,0.56,
unbound,327,333,VGKIQGL,713.4436,,3600,0.86,
unbound,327,333,VGKIQGL,713.4436,,28800,0.79,
100 mM fucose,327,334,VGKIQGLL,826.5276,,15,0.26,
100 mM fucose,327,334,VGKIQGLL,826.5276,,60,0.43,
100 mM fucose,327,334,VGKIQGLL,826.5276,,600,0.59,
100 mM fucose,327,334,VGKIQGLL,826.5276,,3600,0.72,
100 mM fucose,327,334,VGKIQGLL,826.5276,,28800,0.67,
100 mM galactose,327,334,VGKIQGLL,826.5276,,15,0.36,
100 mM galactose,327,334,VGKIQGLL,826.5276,,60,0.46,
100 mM galactose,327,334,VGKIQGLL,826.5276,,600,0.62,
100 mM galactose,327,334,VGKIQGLL,826.5276,,3600,0.78,
100 mM galactose,327,334,VGKIQGLL,826.5276,,28800,0.75,
10mM HBGA B,327,334,VGKIQGLL,826.5276,,15,0.35,
10mM HBGA B,327,334,VGKIQGLL,826.5276,,60,0.42,
10mM HBGA B,327,334,VGKIQGLL,826.5276,,600,0.51,
10mM HBGA B,327,334,VGKIQGLL,826.5276,,3600,0.69,
10mM HBGA B,327,334,VGKIQGLL,826.5276,,28800,0.76,
unbound,327,334,VGKIQGLL,826.5276,,15,0.22,
unbound,327,334,VGKIQGLL,826.5276,,60,0.38,
unbound,327,334,VGKIQGLL,826.5276,,600,0.52,
unbound,327,334,VGKIQGLL,826.5276,,3600,0.62,
unbound,327,334,VGKIQGLL,826.5276,,28800,0.74,
100 mM fucose,327,335,VGKIQGLLT,927.5753,,15,0.43,
100 mM fucose,327,335,VGKIQGLLT,927.5753,,60,0.52,
100 mM fucose,327,335,VGKIQGLLT,927.5753,,600,0.61,
100 mM fucose,327,335,VGKIQGLLT,927.5753,,3600,0.75,
100 mM fucose,327,335,VGKIQGLLT,927.5753,,28800,0.72,
100 mM galactose,327,335,VGKIQGLLT,927.5753,,15,0.43,
100 mM galactose,327,335,VGKIQGLLT,927.5753,,60,0.49,
100 mM galactose,327,335,VGKIQGLLT,927.5753,,600,0.7,
100 mM galactose,327,335,VGKIQGLLT,927.5753,,3600,0.83,
100 mM galactose,327,335,VGKIQGLLT,927.5753,,28800,0.77,
10mM HBGA B,327,335,VGKIQGLLT,927.5753,,15,0.37,
10mM HBGA B,327,335,VGKIQGLLT,927.5753,,60,0.46,
10mM HBGA B,327,335,VGKIQGLLT,927.5753,,600,0.59,
10mM HBGA B,327,335,VGKIQGLLT,927.5753,,3600,0.72,
10mM HBGA B,327,335,VGKIQGLLT,927.5753,,28800,0.81,
unbound,327,335,VGKIQGLLT,927.5753,,15,0.35,
unbound,327,335,VGKIQGLLT,927.5753,,60,0.46,
unbound,327,335,VGKIQGLLT,927.5753,,600,0.6,
unbound,327,335,VGKIQGLLT,927.5753,,3600,0.61,
unbound,327,335,VGKIQGLLT,927.5753,,28800,0.79,
100 mM fucose,327,364,VGKIQGLLTQTTKGDGSTRGHKATVYTGSAPFTPKLGS,3859.0592,,15,5.72,
100 mM fucose,327,364,VGKIQGLLTQTTKGDGSTRGHKATVYTGSAPFTPKLGS,3859.0592,,60,6.3,
100 mM fucose,327,364,VGKIQGLLTQTTKGDGSTRGHKATVYTGSAPFTPKLGS,3859.0592,,600,7.37,
100 mM fucose,327,364,VGKIQGLLTQTTKGDGSTRGHKATVYTGSAPFTPKLGS,3859.0592,,3600,7.93,
100 mM fucose,327,364,VGKIQGLLTQTTKGDGSTRGHKATVYTGSAPFTPKLGS,3859.0592,,28800,10.61,
100 mM galactose,327,364,VGKIQGLLTQTTKGDGSTRGHKATVYTGSAPFTPKLGS,3859.0592,,15,4.75,
100 mM galactose,327,364,VGKIQGLLTQTTKGDGSTRGHKATVYTGSAPFTPKLGS,3859.0592,,60,6.26,
100 mM galactose,327,364,VGKIQGLLTQTTKGDGSTRGHKATVYTGSAPFTPKLGS,3859.0592,,600,7.8,
100 mM galactose,327,364,VGKIQGLLTQTTKGDGSTRGHKATVYTGSAPFTPKLGS,3859.0592,,3600,8.63,
100 mM galactose,327,364,VGKIQGLLTQTTKGDGSTRGHKATVYTGSAPFTPKLGS,3859.0592,,28800,10.91,
10mM HBGA B,327,364,VGKIQGLLTQTTKGDGSTRGHKATVYTGSAPFTPKLGS,3859.0592,,15,4.53,
10mM HBGA B,327,364,VGKIQGLLTQTTKGDGSTRGHKATVYTGSAPFTPKLGS,3859.0592,,60,6.17,
10mM HBGA B,327,364,VGKIQGLLTQTTKGDGSTRGHKATVYTGSAPFTPKLGS,3859.0592,,600,7.39,
10mM HBGA B,327,364,VGKIQGLLTQTTKGDGSTRGHKATVYTGSAPFTPKLGS,3859.0592,,3600,8.91,
10mM HBGA B,327,364,VGKIQGLLTQTTKGDGSTRGHKATVYTGSAPFTPKLGS,3859.0592,,28800,10.02,
unbound,327,364,VGKIQGLLTQTTKGDGSTRGHKATVYTGSAPFTPKLGS,3859.0592,,15,4.69,
unbound,327,364,VGKIQGLLTQTTKGDGSTRGHKATVYTGSAPFTPKLGS,3859.0592,,60,5.66,
unbound,327,364,VGKIQGLLTQTTKGDGSTRGHKATVYTGSAPFTPKLGS,3859.0592,,600,7.6,
unbound,327,364,VGKIQGLLTQTTKGDGSTRGHKATVYTGSAPFTPKLGS,3859.0592,,3600,9.64,
unbound,327,364,VGKIQGLLTQTTKGDGSTRGHKATVYTGSAPFTPKLGS,3859.0592,,28800,10.44,
100 mM fucose,258,272,VVQPQNGRCTTDGVL,1585.7882,,15,0.73,
100 mM fucose,258,272,VVQPQNGRCTTDGVL,1585.7882,,60,1.06,
100 mM fucose,258,272,VVQPQNGRCTTDGVL,1585.7882,,600,0.94,
100 mM fucose,258,272,VVQPQNGRCTTDGVL,1585.7882,,3600,1.15,
100 mM fucose,258,272,VVQPQNGRCTTDGVL,1585.7882,,28800,1.75,
100 mM galactose,258,272,VVQPQNGRCTTDGVL,1585.7882,,15,0.92,
100 mM galactose,258,272,VVQPQNGRCTTDGVL,1585.7882,,60,0.99,
100 mM galactose,258,272,VVQPQNGRCTTDGVL,1585.7882,,600,1.06,
100 mM galactose,258,272,VVQPQNGRCTTDGVL,1585.7882,,3600,1.33,
100 mM galactose,258,272,VVQPQNGRCTTDGVL,1585.7882,,28800,1.8,
10mM HBGA B,258,272,VVQPQNGRCTTDGVL,1585.7882,,15,0.83,
10mM HBGA B,258,272,VVQPQNGRCTTDGVL,1585.7882,,60,0.91,
10mM HBGA B,258,272,VVQPQNGRCTTDGVL,1585.7882,,600,0.86,
10mM HBGA B,258,272,VVQPQNGRCTTDGVL,1585.7882,,3600,1.08,
10mM HBGA B,258,272,VVQPQNGRCTTDGVL,1585.7882,,28800,1.84,
unbound,258,272,VVQPQNGRCTTDGVL,1585.7882,,15,0.75,
unbound,258,272,VVQPQNGRCTTDGVL,1585.7882,,60,0.89,
unbound,258,272,VVQPQNGRCTTDGVL,1585.7882,,600,0.86,
unbound,258,272,VVQPQNGRCTTDGVL,1585.7882,,3600,1.05,
unbound,258,272,VVQPQNGRCTTDGVL,1585.7882,,28800,1.83,
100 mM fucose,403,423,WVLPSYSGRNVHNVHLAPAVA,2286.2022,,15,3.2,
100 mM fucose,403,423,WVLPSYSGRNVHNVHLAPAVA,2286.2022,,60,4.42,
100 mM fucose,403,423,WVLPSYSGRNVHNVHLAPAVA,2286.2022,,600,6.28,
100 mM fucose,403,423,WVLPSYSGRNVHNVHLAPAVA,2286.2022,,3600,7.36,
100 mM fucose,403,423,WVLPSYSGRNVHNVHLAPAVA,2286.2022,,28800,8.11,
100 mM galactose,403,423,WVLPSYSGRNVHNVHLAPAVA,2286.2022,,15,3.66,
100 mM galactose,403,423,WVLPSYSGRNVHNVHLAPAVA,2286.2022,,60,4.45,
100 mM galactose,403,423,WVLPSYSGRNVHNVHLAPAVA,2286.2022,,600,6.36,
100 mM galactose,403,423,WVLPSYSGRNVHNVHLAPAVA,2286.2022,,3600,7.53,
100 mM galactose,403,423,WVLPSYSGRNVHNVHLAPAVA,2286.2022,,28800,8.42,
10mM HBGA B,403,423,WVLPSYSGRNVHNVHLAPAVA,2286.2022,,15,3.32,
10mM HBGA B,403,423,WVLPSYSGRNVHNVHLAPAVA,2286.2022,,60,4.33,
10mM HBGA B,403,423,WVLPSYSGRNVHNVHLAPAVA,2286.2022,,600,6.05,
10mM HBGA B,403,423,WVLPSYSGRNVHNVHLAPAVA,2286.2022,,3600,7.39,
10mM HBGA B,403,423,WVLPSYSGRNVHNVHLAPAVA,2286.2022,,28800,8.29,
unbound,403,423,WVLPSYSGRNVHNVHLAPAVA,2286.2022,,15,3.3,
unbound,403,423,WVLPSYSGRNVHNVHLAPAVA,2286.2022,,60,4.4,
unbound,403,423,WVLPSYSGRNVHNVHLAPAVA,2286.2022,,600,6.08,
unbound,403,423,WVLPSYSGRNVHNVHLAPAVA,2286.2022,,3600,7.31,
unbound,403,423,WVLPSYSGRNVHNVHLAPAVA,2286.2022,,28800,8.35,
100 mM fucose,403,430,WVLPSYSGRNVHNVHLAPAVAPTFPGEQ,3042.5464,,15,5.31,
100 mM fucose,403,430,WVLPSYSGRNVHNVHLAPAVAPTFPGEQ,3042.5464,,60,6.64,
100 mM fucose,403,430,WVLPSYSGRNVHNVHLAPAVAPTFPGEQ,3042.5464,,600,8.51,
100 mM fucose,403,430,WVLPSYSGRNVHNVHLAPAVAPTFPGEQ,3042.5464,,3600,9.84,
100 mM fucose,403,430,WVLPSYSGRNVHNVHLAPAVAPTFPGEQ,3042.5464,,28800,10.66,
100 mM galactose,403,430,WVLPSYSGRNVHNVHLAPAVAPTFPGEQ,3042.5464,,15,5.77,
100 mM galactose,403,430,WVLPSYSGRNVHNVHLAPAVAPTFPGEQ,3042.5464,,60,6.52,
100 mM galactose,403,430,WVLPSYSGRNVHNVHLAPAVAPTFPGEQ,3042.5464,,600,8.68,
100 mM galactose,403,430,WVLPSYSGRNVHNVHLAPAVAPTFPGEQ,3042.5464,,3600,9.66,
100 mM galactose,403,430,WVLPSYSGRNVHNVHLAPAVAPTFPGEQ,3042.5464,,28800,11.43,
10mM HBGA B,403,430,WVLPSYSGRNVHNVHLAPAVAPTFPGEQ,3042.5464,,15,5.47,
10mM HBGA B,403,430,WVLPSYSGRNVHNVHLAPAVAPTFPGEQ,3042.5464,,60,6.45,
10mM HBGA B,403,430,WVLPSYSGRNVHNVHLAPAVAPTFPGEQ,3042.5464,,600,8.13,
10mM HBGA B,403,430,WVLPSYSGRNVHNVHLAPAVAPTFPGEQ,3042.5464,,3600,9.7,
10mM HBGA B,403,430,WVLPSYSGRNVHNVHLAPAVAPTFPGEQ,3042.5464,,28800,10.68,
unbound,403,430,WVLPSYSGRNVHNVHLAPAVAPTFPGEQ,3042.5464,,15,5.4,
unbound,403,430,WVLPSYSGRNVHNVHLAPAVAPTFPGEQ,3042.5464,,60,6.47,
unbound,403,430,WVLPSYSGRNVHNVHLAPAVAPTFPGEQ,3042.5464,,600,8.18,
unbound,403,430,WVLPSYSGRNVHNVHLAPAVAPTFPGEQ,3042.5464,,3600,9.55,
unbound,403,430,WVLPSYSGRNVHNVHLAPAVAPTFPGEQ,3042.5464,,28800,10.82,
100 mM fucose,403,431,WVLPSYSGRNVHNVHLAPAVAPTFPGEQL,3155.6305,,15,5.11,
100 mM fucose,403,431,WVLPSYSGRNVHNVHLAPAVAPTFPGEQL,3155.6305,,60,6.61,
100 mM fucose,403,431,WVLPSYSGRNVHNVHLAPAVAPTFPGEQL,3155.6305,,600,8.36,
100 mM fucose,403,431,WVLPSYSGRNVHNVHLAPAVAPTFPGEQL,3155.6305,,3600,9.64,
100 mM fucose,403,431,WVLPSYSGRNVHNVHLAPAVAPTFPGEQL,3155.6305,,28800,10.77,
100 mM galactose,403,431,WVLPSYSGRNVHNVHLAPAVAPTFPGEQL,3155.6305,,15,5.73,
100 mM galactose,403,431,WVLPSYSGRNVHNVHLAPAVAPTFPGEQL,3155.6305,,60,6.61,
100 mM galactose,403,431,WVLPSYSGRNVHNVHLAPAVAPTFPGEQL,3155.6305,,600,8.44,
100 mM galactose,403,431,WVLPSYSGRNVHNVHLAPAVAPTFPGEQL,3155.6305,,3600,9.93,
100 mM galactose,403,431,WVLPSYSGRNVHNVHLAPAVAPTFPGEQL,3155.6305,,28800,11.3,
10mM HBGA B,403,431,WVLPSYSGRNVHNVHLAPAVAPTFPGEQL,3155.6305,,15,5.46,
10mM HBGA B,403,431,WVLPSYSGRNVHNVHLAPAVAPTFPGEQL,3155.6305,,60,6.44,
10mM HBGA B,403,431,WVLPSYSGRNVHNVHLAPAVAPTFPGEQL,3155.6305,,600,8.11,
10mM HBGA B,403,431,WVLPSYSGRNVHNVHLAPAVAPTFPGEQL,3155.6305,,3600,9.63,
10mM HBGA B,403,431,WVLPSYSGRNVHNVHLAPAVAPTFPGEQL,3155.6305,,28800,11.04,
unbound,403,431,WVLPSYSGRNVHNVHLAPAVAPTFPGEQL,3155.6305,,15,5.28,
unbound,403,431,WVLPSYSGRNVHNVHLAPAVAPTFPGEQL,3155.6305,,60,6.58,
unbound,403,431,WVLPSYSGRNVHNVHLAPAVAPTFPGEQL,3155.6305,,600,8.18,
unbound,403,431,WVLPSYSGRNVHNVHLAPAVAPTFPGEQL,3155.6305,,3600,9.48,
unbound,403,431,WVLPSYSGRNVHNVHLAPAVAPTFPGEQL,3155.6305,,28800,11.2,
100 mM fucose,403,432,WVLPSYSGRNVHNVHLAPAVAPTFPGEQLL,3268.7145,,15,5.33,
100 mM fucose,403,432,WVLPSYSGRNVHNVHLAPAVAPTFPGEQLL,3268.7145,,60,6.62,
100 mM fucose,403,432,WVLPSYSGRNVHNVHLAPAVAPTFPGEQLL,3268.7145,,600,8.48,
100 mM fucose,403,432,WVLPSYSGRNVHNVHLAPAVAPTFPGEQLL,3268.7145,,3600,9.78,
100 mM fucose,403,432,WVLPSYSGRNVHNVHLAPAVAPTFPGEQLL,3268.7145,,28800,11.1,
100 mM galactose,403,432,WVLPSYSGRNVHNVHLAPAVAPTFPGEQLL,3268.7145,,15,5.82,
100 mM galactose,403,432,WVLPSYSGRNVHNVHLAPAVAPTFPGEQLL,3268.7145,,60,6.66,
100 mM galactose,403,432,WVLPSYSGRNVHNVHLAPAVAPTFPGEQLL,3268.7145,,600,8.5,
100 mM galactose,403,432,WVLPSYSGRNVHNVHLAPAVAPTFPGEQLL,3268.7145,,3600,9.81,
100 mM galactose,403,432,WVLPSYSGRNVHNVHLAPAVAPTFPGEQLL,3268.7145,,28800,11.43,
10mM HBGA B,403,432,WVLPSYSGRNVHNVHLAPAVAPTFPGEQLL,3268.7145,,15,5.51,
10mM HBGA B,403,432,WVLPSYSGRNVHNVHLAPAVAPTFPGEQLL,3268.7145,,60,6.51,
10mM HBGA B,403,432,WVLPSYSGRNVHNVHLAPAVAPTFPGEQLL,3268.7145,,600,8.22,
10mM HBGA B,403,432,WVLPSYSGRNVHNVHLAPAVAPTFPGEQLL,3268.7145,,3600,9.7,
10mM HBGA B,403,432,WVLPSYSGRNVHNVHLAPAVAPTFPGEQLL,3268.7145,,28800,11.06,
unbound,403,432,WVLPSYSGRNVHNVHLAPAVAPTFPGEQLL,3268.7145,,15,5.42,
unbound,403,432,WVLPSYSGRNVHNVHLAPAVAPTFPGEQLL,3268.7145,,60,6.6,
unbound,403,432,WVLPSYSGRNVHNVHLAPAVAPTFPGEQLL,3268.7145,,600,8.23,
unbound,403,432,WVLPSYSGRNVHNVHLAPAVAPTFPGEQLL,3268.7145,,3600,9.64,
unbound,403,432,WVLPSYSGRNVHNVHLAPAVAPTFPGEQLL,3268.7145,,28800,11.27,
100 mM fucose,403,433,WVLPSYSGRNVHNVHLAPAVAPTFPGEQLLF,3415.783,,15,5.39,
100 mM fucose,403,433,WVLPSYSGRNVHNVHLAPAVAPTFPGEQLLF,3415.783,,60,6.61,
100 mM fucose,403,433,WVLPSYSGRNVHNVHLAPAVAPTFPGEQLLF,3415.783,,600,8.58,
100 mM fucose,403,433,WVLPSYSGRNVHNVHLAPAVAPTFPGEQLLF,3415.783,,3600,10.08,
100 mM fucose,403,433,WVLPSYSGRNVHNVHLAPAVAPTFPGEQLLF,3415.783,,28800,11.71,
100 mM galactose,403,433,WVLPSYSGRNVHNVHLAPAVAPTFPGEQLLF,3415.783,,15,5.58,
100 mM galactose,403,433,WVLPSYSGRNVHNVHLAPAVAPTFPGEQLLF,3415.783,,60,6.52,
100 mM galactose,403,433,WVLPSYSGRNVHNVHLAPAVAPTFPGEQLLF,3415.783,,600,8.46,
100 mM galactose,403,433,WVLPSYSGRNVHNVHLAPAVAPTFPGEQLLF,3415.783,,3600,9.8,
100 mM galactose,403,433,WVLPSYSGRNVHNVHLAPAVAPTFPGEQLLF,3415.783,,28800,11.63,
10mM HBGA B,403,433,WVLPSYSGRNVHNVHLAPAVAPTFPGEQLLF,3415.783,,15,5.38,
10mM HBGA B,403,433,WVLPSYSGRNVHNVHLAPAVAPTFPGEQLLF,3415.783,,60,6.42,
10mM HBGA B,403,433,WVLPSYSGRNVHNVHLAPAVAPTFPGEQLLF,3415.783,,600,8.45,
10mM HBGA B,403,433,WVLPSYSGRNVHNVHLAPAVAPTFPGEQLLF,3415.783,,3600,10,
10mM HBGA B,403,433,WVLPSYSGRNVHNVHLAPAVAPTFPGEQLLF,3415.783,,28800,11.32,
unbound,403,433,WVLPSYSGRNVHNVHLAPAVAPTFPGEQLLF,3415.783,,15,5.42,
unbound,403,433,WVLPSYSGRNVHNVHLAPAVAPTFPGEQLLF,3415.783,,60,6.57,
unbound,403,433,WVLPSYSGRNVHNVHLAPAVAPTFPGEQLLF,3415.783,,600,8.5,
unbound,403,433,WVLPSYSGRNVHNVHLAPAVAPTFPGEQLLF,3415.783,,3600,10.04,
unbound,403,433,WVLPSYSGRNVHNVHLAPAVAPTFPGEQLLF,3415.783,,28800,11.45,
100 mM fucose,457,461,WVQHF,715.3442,,15,0.05,
100 mM fucose,457,461,WVQHF,715.3442,,60,0.05,
100 mM fucose,457,461,WVQHF,715.3442,,600,0.04,
100 mM fucose,457,461,WVQHF,715.3442,,3600,0.06,
100 mM fucose,457,461,WVQHF,715.3442,,28800,0.01,
100 mM galactose,457,461,WVQHF,715.3442,,15,0.06,
100 mM galactose,457,461,WVQHF,715.3442,,60,0.06,
100 mM galactose,457,461,WVQHF,715.3442,,600,0.07,
100 mM galactose,457,461,WVQHF,715.3442,,3600,0.09,
100 mM galactose,457,461,WVQHF,715.3442,,28800,0.05,
10mM HBGA B,457,461,WVQHF,715.3442,,15,0.03,
10mM HBGA B,457,461,WVQHF,715.3442,,60,0.07,
10mM HBGA B,457,461,WVQHF,715.3442,,600,0.04,
10mM HBGA B,457,461,WVQHF,715.3442,,3600,0.03,
10mM HBGA B,457,461,WVQHF,715.3442,,28800,0.07,
unbound,457,461,WVQHF,715.3442,,15,0.03,
unbound,457,461,WVQHF,715.3442,,60,0.07,
unbound,457,461,WVQHF,715.3442,,600,0.03,
unbound,457,461,WVQHF,715.3442,,3600,-0.07,
unbound,457,461,WVQHF,715.3442,,28800,0.1,
100 mM fucose,457,470,WVQHFYQEAAPAQS,1660.7634,,15,1.35,
100 mM fucose,457,470,WVQHFYQEAAPAQS,1660.7634,,60,2.27,
100 mM fucose,457,470,WVQHFYQEAAPAQS,1660.7634,,600,3.03,
100 mM fucose,457,470,WVQHFYQEAAPAQS,1660.7634,,3600,3.21,
100 mM fucose,457,470,WVQHFYQEAAPAQS,1660.7634,,28800,3.41,
100 mM galactose,457,470,WVQHFYQEAAPAQS,1660.7634,,15,1.39,
100 mM galactose,457,470,WVQHFYQEAAPAQS,1660.7634,,60,2.13,
100 mM galactose,457,470,WVQHFYQEAAPAQS,1660.7634,,600,2.84,
100 mM galactose,457,470,WVQHFYQEAAPAQS,1660.7634,,3600,3.54,
100 mM galactose,457,470,WVQHFYQEAAPAQS,1660.7634,,28800,3.78,
10mM HBGA B,457,470,WVQHFYQEAAPAQS,1660.7634,,15,1.33,
10mM HBGA B,457,470,WVQHFYQEAAPAQS,1660.7634,,60,2.17,
10mM HBGA B,457,470,WVQHFYQEAAPAQS,1660.7634,,600,2.54,
10mM HBGA B,457,470,WVQHFYQEAAPAQS,1660.7634,,3600,3.06,
10mM HBGA B,457,470,WVQHFYQEAAPAQS,1660.7634,,28800,3.54,
unbound,457,470,WVQHFYQEAAPAQS,1660.7634,,15,1.55,
unbound,457,470,WVQHFYQEAAPAQS,1660.7634,,60,2.37,
unbound,457,470,WVQHFYQEAAPAQS,1660.7634,,600,2.51,
unbound,457,470,WVQHFYQEAAPAQS,1660.7634,,3600,2.81,
unbound,457,470,WVQHFYQEAAPAQS,1660.7634,,28800,3.81,
100 mM fucose,457,471,WVQHFYQEAAPAQSD,1775.7903,,15,2.19,
100 mM fucose,457,471,WVQHFYQEAAPAQSD,1775.7903,,60,2.88,
100 mM fucose,457,471,WVQHFYQEAAPAQSD,1775.7903,,600,3.46,
100 mM fucose,457,471,WVQHFYQEAAPAQSD,1775.7903,,3600,3.76,
100 mM fucose,457,471,WVQHFYQEAAPAQSD,1775.7903,,28800,4.24,
100 mM galactose,457,471,WVQHFYQEAAPAQSD,1775.7903,,15,2.31,
100 mM galactose,457,471,WVQHFYQEAAPAQSD,1775.7903,,60,2.85,
100 mM galactose,457,471,WVQHFYQEAAPAQSD,1775.7903,,600,3.43,
100 mM galactose,457,471,WVQHFYQEAAPAQSD,1775.7903,,3600,3.73,
100 mM galactose,457,471,WVQHFYQEAAPAQSD,1775.7903,,28800,4.26,
10mM HBGA B,457,471,WVQHFYQEAAPAQSD,1775.7903,,15,2.15,
10mM HBGA B,457,471,WVQHFYQEAAPAQSD,1775.7903,,60,2.84,
10mM HBGA B,457,471,WVQHFYQEAAPAQSD,1775.7903,,600,3.34,
10mM HBGA B,457,471,WVQHFYQEAAPAQSD,1775.7903,,3600,3.69,
10mM HBGA B,457,471,WVQHFYQEAAPAQSD,1775.7903,,28800,4.14,
unbound,457,471,WVQHFYQEAAPAQSD,1775.7903,,15,2.19,
unbound,457,471,WVQHFYQEAAPAQSD,1775.7903,,60,2.84,
unbound,457,471,WVQHFYQEAAPAQSD,1775.7903,,600,3.33,
unbound,457,471,WVQHFYQEAAPAQSD,1775.7903,,3600,3.63,
unbound,457,471,WVQHFYQEAAPAQSD,1775.7903,,28800,4.22,