Protein,Start,End,Sequence,Peptide mass (Da),State,Exposure,Uptake,Uptake SD
Vietnam Pdomain,65,85,AFRGKVTQQVQDEHRGTHWNM,2524.2142,unbound,60,5.06,0.16
Vietnam Pdomain,65,85,AFRGKVTQQVQDEHRGTHWNM,2524.2142,unbound,600,5.95,0.11
Vietnam Pdomain,65,85,AFRGKVTQQVQDEHRGTHWNM,2524.2142,unbound,3600,6.54,0.15
Vietnam Pdomain,65,85,AFRGKVTQQVQDEHRGTHWNM,2524.2142,unbound,28800,6.91,0.37
Vietnam Pdomain,65,85,AFRGKVTQQVQDEHRGTHWNM,2524.2142,fucose,60,4.46,0.12
Vietnam Pdomain,65,85,AFRGKVTQQVQDEHRGTHWNM,2524.2142,fucose,600,5.37,0.13
Vietnam Pdomain,65,85,AFRGKVTQQVQDEHRGTHWNM,2524.2142,fucose,3600,6.12,0.04
Vietnam Pdomain,65,85,AFRGKVTQQVQDEHRGTHWNM,2524.2142,fucose,28800,6.44,
Vietnam Pdomain,65,90,AFRGKVTQQVQDEHRGTHWNMTVTNL,3052.505,unbound,60,6.04,0.21
Vietnam Pdomain,65,90,AFRGKVTQQVQDEHRGTHWNMTVTNL,3052.505,unbound,600,7.08,0.08
Vietnam Pdomain,65,90,AFRGKVTQQVQDEHRGTHWNMTVTNL,3052.505,unbound,3600,7.94,0.16
Vietnam Pdomain,65,90,AFRGKVTQQVQDEHRGTHWNMTVTNL,3052.505,unbound,28800,8.53,0.49
Vietnam Pdomain,65,90,AFRGKVTQQVQDEHRGTHWNMTVTNL,3052.505,fucose,60,5.3,0.12
Vietnam Pdomain,65,90,AFRGKVTQQVQDEHRGTHWNMTVTNL,3052.505,fucose,600,6.37,0.17
Vietnam Pdomain,65,90,AFRGKVTQQVQDEHRGTHWNMTVTNL,3052.505,fucose,3600,7.51,0.18
Vietnam Pdomain,65,90,AFRGKVTQQVQDEHRGTHWNMTVTNL,3052.505,fucose,28800,7.96,
Vietnam Pdomain,277,302,AKLHRNGFLTVARNSAGPVVAPTNGY,2709.4463,unbound,60,5.69,0.18
Vietnam Pdomain,277,302,AKLHRNGFLTVARNSAGPVVAPTNGY,2709.4463,unbound,600,7.02,0.06
Vietnam Pdomain,277,302,AKLHRNGFLTVARNSAGPVVAPTNGY,2709.4463,unbound,3600,7.36,0.1
Vietnam Pdomain,277,302,AKLHRNGFLTVARNSAGPVVAPTNGY,2709.4463,unbound,28800,7.6,0.35
Vietnam Pdomain,277,302,AKLHRNGFLTVARNSAGPVVAPTNGY,2709.4463,fucose,60,5.3,0.06
Vietnam Pdomain,277,302,AKLHRNGFLTVARNSAGPVVAPTNGY,2709.4463,fucose,600,6.55,0.1
Vietnam Pdomain,277,302,AKLHRNGFLTVARNSAGPVVAPTNGY,2709.4463,fucose,3600,7.02,0.07
Vietnam Pdomain,277,302,AKLHRNGFLTVARNSAGPVVAPTNGY,2709.4463,fucose,28800,6.91,
Vietnam Pdomain,180,188,ASVDANSHF,946.4145,unbound,60,2.79,0.02
Vietnam Pdomain,180,188,ASVDANSHF,946.4145,unbound,600,3.17,0.07
Vietnam Pdomain,180,188,ASVDANSHF,946.4145,unbound,3600,3.11,0.04
Vietnam Pdomain,180,188,ASVDANSHF,946.4145,unbound,28800,2.95,0.2
Vietnam Pdomain,180,188,ASVDANSHF,946.4145,fucose,60,2.61,0.02
Vietnam Pdomain,180,188,ASVDANSHF,946.4145,fucose,600,2.99,0.08
Vietnam Pdomain,180,188,ASVDANSHF,946.4145,fucose,3600,2.96,0.04
Vietnam Pdomain,180,188,ASVDANSHF,946.4145,fucose,28800,2.82,
Vietnam Pdomain,180,190,ASVDANSHFDQ,1189.5,unbound,60,3.35,0.04
Vietnam Pdomain,180,190,ASVDANSHFDQ,1189.5,unbound,600,3.73,0.08
Vietnam Pdomain,180,190,ASVDANSHFDQ,1189.5,unbound,3600,3.69,0.11
Vietnam Pdomain,180,190,ASVDANSHFDQ,1189.5,unbound,28800,3.56,0.23
Vietnam Pdomain,180,190,ASVDANSHFDQ,1189.5,fucose,60,3.08,0.04
Vietnam Pdomain,180,190,ASVDANSHFDQ,1189.5,fucose,600,3.47,0.05
Vietnam Pdomain,180,190,ASVDANSHFDQ,1189.5,fucose,3600,3.52,0.05
Vietnam Pdomain,180,190,ASVDANSHFDQ,1189.5,fucose,28800,3.34,
Vietnam Pdomain,180,193,ASVDANSHFDQWTL,1589.711,unbound,60,3.31,0.03
Vietnam Pdomain,180,193,ASVDANSHFDQWTL,1589.711,unbound,600,4.66,0.04
Vietnam Pdomain,180,193,ASVDANSHFDQWTL,1589.711,unbound,3600,4.68,0.1
Vietnam Pdomain,180,193,ASVDANSHFDQWTL,1589.711,unbound,28800,4.72,0.22
Vietnam Pdomain,180,193,ASVDANSHFDQWTL,1589.711,fucose,60,3.06,0.05
Vietnam Pdomain,180,193,ASVDANSHFDQWTL,1589.711,fucose,600,4.26,0.1
Vietnam Pdomain,180,193,ASVDANSHFDQWTL,1589.711,fucose,3600,4.52,0.08
Vietnam Pdomain,180,193,ASVDANSHFDQWTL,1589.711,fucose,28800,4.37,
Vietnam Pdomain,180,199,ASVDANSHFDQWTLPSYSGA,2151.9498,unbound,60,4.56,0.05
Vietnam Pdomain,180,199,ASVDANSHFDQWTLPSYSGA,2151.9498,unbound,600,6.93,0.09
Vietnam Pdomain,180,199,ASVDANSHFDQWTLPSYSGA,2151.9498,unbound,3600,7.5,0.15
Vietnam Pdomain,180,199,ASVDANSHFDQWTLPSYSGA,2151.9498,unbound,28800,7.49,0.37
Vietnam Pdomain,180,199,ASVDANSHFDQWTLPSYSGA,2151.9498,fucose,60,4.27,0.03
Vietnam Pdomain,180,199,ASVDANSHFDQWTLPSYSGA,2151.9498,fucose,600,6.53,0.11
Vietnam Pdomain,180,199,ASVDANSHFDQWTLPSYSGA,2151.9498,fucose,3600,7.22,0.08
Vietnam Pdomain,180,199,ASVDANSHFDQWTLPSYSGA,2151.9498,fucose,28800,6.97,
Vietnam Pdomain,180,201,ASVDANSHFDQWTLPSYSGALT,2366.0815,unbound,60,5.92,0.08
Vietnam Pdomain,180,201,ASVDANSHFDQWTLPSYSGALT,2366.0815,unbound,600,8.39,0.07
Vietnam Pdomain,180,201,ASVDANSHFDQWTLPSYSGALT,2366.0815,unbound,3600,8.98,0.47
Vietnam Pdomain,180,201,ASVDANSHFDQWTLPSYSGALT,2366.0815,unbound,28800,9.14,0.51
Vietnam Pdomain,180,201,ASVDANSHFDQWTLPSYSGALT,2366.0815,fucose,60,5.41,0.08
Vietnam Pdomain,180,201,ASVDANSHFDQWTLPSYSGALT,2366.0815,fucose,600,7.8,0.22
Vietnam Pdomain,180,201,ASVDANSHFDQWTLPSYSGALT,2366.0815,fucose,3600,8.32,0.16
Vietnam Pdomain,180,201,ASVDANSHFDQWTLPSYSGALT,2366.0815,fucose,28800,8.07,
Vietnam Pdomain,180,202,ASVDANSHFDQWTLPSYSGALTL,2479.1656,unbound,60,6.43,0.1
Vietnam Pdomain,180,202,ASVDANSHFDQWTLPSYSGALTL,2479.1656,unbound,600,8.87,0.15
Vietnam Pdomain,180,202,ASVDANSHFDQWTLPSYSGALTL,2479.1656,unbound,3600,9.36,0.07
Vietnam Pdomain,180,202,ASVDANSHFDQWTLPSYSGALTL,2479.1656,unbound,28800,9.57,0.37
Vietnam Pdomain,180,202,ASVDANSHFDQWTLPSYSGALTL,2479.1656,fucose,60,5.89,0.1
Vietnam Pdomain,180,202,ASVDANSHFDQWTLPSYSGALTL,2479.1656,fucose,600,8.07,0.21
Vietnam Pdomain,180,202,ASVDANSHFDQWTLPSYSGALTL,2479.1656,fucose,3600,8.82,0.04
Vietnam Pdomain,180,202,ASVDANSHFDQWTLPSYSGALTL,2479.1656,fucose,28800,8.54,
Vietnam Pdomain,180,204,ASVDANSHFDQWTLPSYSGALTLNM,2724.249,unbound,60,7.62,0.15
Vietnam Pdomain,180,204,ASVDANSHFDQWTLPSYSGALTLNM,2724.249,unbound,600,10.09,0.15
Vietnam Pdomain,180,204,ASVDANSHFDQWTLPSYSGALTLNM,2724.249,unbound,3600,10.54,0.1
Vietnam Pdomain,180,204,ASVDANSHFDQWTLPSYSGALTLNM,2724.249,unbound,28800,10.78,0.42
Vietnam Pdomain,180,204,ASVDANSHFDQWTLPSYSGALTLNM,2724.249,fucose,60,6.95,0.12
Vietnam Pdomain,180,204,ASVDANSHFDQWTLPSYSGALTLNM,2724.249,fucose,600,9.21,0.27
Vietnam Pdomain,180,204,ASVDANSHFDQWTLPSYSGALTLNM,2724.249,fucose,3600,10.03,0.1
Vietnam Pdomain,180,204,ASVDANSHFDQWTLPSYSGALTLNM,2724.249,fucose,28800,9.7,
Vietnam Pdomain,143,158,ATYSPKFTPKLGNIQF,1810.9618,unbound,60,1.57,0.11
Vietnam Pdomain,143,158,ATYSPKFTPKLGNIQF,1810.9618,unbound,600,2.07,0.03
Vietnam Pdomain,143,158,ATYSPKFTPKLGNIQF,1810.9618,unbound,3600,2.61,0.01
Vietnam Pdomain,143,158,ATYSPKFTPKLGNIQF,1810.9618,unbound,28800,3.33,0.16
Vietnam Pdomain,143,158,ATYSPKFTPKLGNIQF,1810.9618,fucose,60,1.33,0.06
Vietnam Pdomain,143,158,ATYSPKFTPKLGNIQF,1810.9618,fucose,600,1.91,0.07
Vietnam Pdomain,143,158,ATYSPKFTPKLGNIQF,1810.9618,fucose,3600,2.45,0.02
Vietnam Pdomain,143,158,ATYSPKFTPKLGNIQF,1810.9618,fucose,28800,2.94,
Vietnam Pdomain,140,158,AVIATYSPKFTPKLGNIQF,2094.1514,unbound,60,2.32,0.12
Vietnam Pdomain,140,158,AVIATYSPKFTPKLGNIQF,2094.1514,unbound,600,2.79,0.03
Vietnam Pdomain,140,158,AVIATYSPKFTPKLGNIQF,2094.1514,unbound,3600,3.3,0.02
Vietnam Pdomain,140,158,AVIATYSPKFTPKLGNIQF,2094.1514,unbound,28800,4.1,0.19
Vietnam Pdomain,140,158,AVIATYSPKFTPKLGNIQF,2094.1514,fucose,60,1.99,0.05
Vietnam Pdomain,140,158,AVIATYSPKFTPKLGNIQF,2094.1514,fucose,600,2.6,0.09
Vietnam Pdomain,140,158,AVIATYSPKFTPKLGNIQF,2094.1514,fucose,3600,3.12,0
Vietnam Pdomain,140,158,AVIATYSPKFTPKLGNIQF,2094.1514,fucose,28800,3.56,
Vietnam Pdomain,189,199,DQWTLPSYSGA,1223.5459,unbound,60,1.22,0.03
Vietnam Pdomain,189,199,DQWTLPSYSGA,1223.5459,unbound,600,3.18,0.04
Vietnam Pdomain,189,199,DQWTLPSYSGA,1223.5459,unbound,3600,3.74,0.02
Vietnam Pdomain,189,199,DQWTLPSYSGA,1223.5459,unbound,28800,3.95,0.12
Vietnam Pdomain,189,199,DQWTLPSYSGA,1223.5459,fucose,60,1.13,0.01
Vietnam Pdomain,189,199,DQWTLPSYSGA,1223.5459,fucose,600,2.92,0.11
Vietnam Pdomain,189,199,DQWTLPSYSGA,1223.5459,fucose,3600,3.57,0.04
Vietnam Pdomain,189,199,DQWTLPSYSGA,1223.5459,fucose,28800,3.45,
Vietnam Pdomain,306,312,DSWVNQF,894.3872,unbound,60,2.46,0.05
Vietnam Pdomain,306,312,DSWVNQF,894.3872,unbound,600,2.5,0.02
Vietnam Pdomain,306,312,DSWVNQF,894.3872,unbound,3600,2.43,0
Vietnam Pdomain,306,312,DSWVNQF,894.3872,unbound,28800,2.58,0.03
Vietnam Pdomain,306,312,DSWVNQF,894.3872,fucose,60,2.23,0.06
Vietnam Pdomain,306,312,DSWVNQF,894.3872,fucose,600,2.28,0.06
Vietnam Pdomain,306,312,DSWVNQF,894.3872,fucose,3600,2.3,0.02
Vietnam Pdomain,306,312,DSWVNQF,894.3872,fucose,28800,2.28,
Vietnam Pdomain,165,179,DVSSGQPTKFTPVGL,1531.7882,unbound,60,1.64,0.09
Vietnam Pdomain,165,179,DVSSGQPTKFTPVGL,1531.7882,unbound,600,1.86,0.17
Vietnam Pdomain,165,179,DVSSGQPTKFTPVGL,1531.7882,unbound,3600,1.82,0.14
Vietnam Pdomain,165,179,DVSSGQPTKFTPVGL,1531.7882,unbound,28800,2.4,0.13
Vietnam Pdomain,165,179,DVSSGQPTKFTPVGL,1531.7882,fucose,60,1.45,0.06
Vietnam Pdomain,165,179,DVSSGQPTKFTPVGL,1531.7882,fucose,600,1.61,0.05
Vietnam Pdomain,165,179,DVSSGQPTKFTPVGL,1531.7882,fucose,3600,1.66,0.1
Vietnam Pdomain,165,179,DVSSGQPTKFTPVGL,1531.7882,fucose,28800,1.82,
Vietnam Pdomain,276,284,EAKLHRNGF,1070.5621,unbound,60,0.73,0.07
Vietnam Pdomain,276,284,EAKLHRNGF,1070.5621,unbound,600,0.79,0.01
Vietnam Pdomain,276,284,EAKLHRNGF,1070.5621,unbound,3600,0.82,0.05
Vietnam Pdomain,276,284,EAKLHRNGF,1070.5621,unbound,28800,0.79,0.08
Vietnam Pdomain,276,284,EAKLHRNGF,1070.5621,fucose,60,0.61,0.03
Vietnam Pdomain,276,284,EAKLHRNGF,1070.5621,fucose,600,0.79,0.03
Vietnam Pdomain,276,284,EAKLHRNGF,1070.5621,fucose,3600,0.78,0.02
Vietnam Pdomain,276,284,EAKLHRNGF,1070.5621,fucose,28800,0.79,
Vietnam Pdomain,276,285,EAKLHRNGFL,1183.6462,unbound,60,0.64,0.07
Vietnam Pdomain,276,285,EAKLHRNGFL,1183.6462,unbound,600,0.66,0.03
Vietnam Pdomain,276,285,EAKLHRNGFL,1183.6462,unbound,3600,0.71,0.04
Vietnam Pdomain,276,285,EAKLHRNGFL,1183.6462,unbound,28800,0.67,0.07
Vietnam Pdomain,276,285,EAKLHRNGFL,1183.6462,fucose,60,0.54,0.01
Vietnam Pdomain,276,285,EAKLHRNGFL,1183.6462,fucose,600,0.69,0.03
Vietnam Pdomain,276,285,EAKLHRNGFL,1183.6462,fucose,3600,0.65,0.01
Vietnam Pdomain,276,285,EAKLHRNGFL,1183.6462,fucose,28800,0.66,
Vietnam Pdomain,276,287,EAKLHRNGFLTV,1383.7623,unbound,60,0.79,0.08
Vietnam Pdomain,276,287,EAKLHRNGFLTV,1383.7623,unbound,600,0.81,0.03
Vietnam Pdomain,276,287,EAKLHRNGFLTV,1383.7623,unbound,3600,0.85,0.06
Vietnam Pdomain,276,287,EAKLHRNGFLTV,1383.7623,unbound,28800,0.78,0.08
Vietnam Pdomain,276,287,EAKLHRNGFLTV,1383.7623,fucose,60,0.73,0.04
Vietnam Pdomain,276,287,EAKLHRNGFLTV,1383.7623,fucose,600,0.86,0.01
Vietnam Pdomain,276,287,EAKLHRNGFLTV,1383.7623,fucose,3600,0.83,0.03
Vietnam Pdomain,276,287,EAKLHRNGFLTV,1383.7623,fucose,28800,0.84,
Vietnam Pdomain,276,301,EAKLHRNGFLTVARNSAGPVVAPTNG,2675.4256,unbound,60,5.57,0.1
Vietnam Pdomain,276,301,EAKLHRNGFLTVARNSAGPVVAPTNG,2675.4256,unbound,600,6.83,0.1
Vietnam Pdomain,276,301,EAKLHRNGFLTVARNSAGPVVAPTNG,2675.4256,unbound,3600,7.19,0.09
Vietnam Pdomain,276,301,EAKLHRNGFLTVARNSAGPVVAPTNG,2675.4256,unbound,28800,7.43,0.28
Vietnam Pdomain,276,301,EAKLHRNGFLTVARNSAGPVVAPTNG,2675.4256,fucose,60,5.19,0.02
Vietnam Pdomain,276,301,EAKLHRNGFLTVARNSAGPVVAPTNG,2675.4256,fucose,600,6.49,0.13
Vietnam Pdomain,276,301,EAKLHRNGFLTVARNSAGPVVAPTNG,2675.4256,fucose,3600,6.95,0.03
Vietnam Pdomain,276,301,EAKLHRNGFLTVARNSAGPVVAPTNG,2675.4256,fucose,28800,6.87,
Vietnam Pdomain,276,302,EAKLHRNGFLTVARNSAGPVVAPTNGY,2838.4889,unbound,60,5.88,0.14
Vietnam Pdomain,276,302,EAKLHRNGFLTVARNSAGPVVAPTNGY,2838.4889,unbound,600,7.15,0.05
Vietnam Pdomain,276,302,EAKLHRNGFLTVARNSAGPVVAPTNGY,2838.4889,unbound,3600,7.53,0.08
Vietnam Pdomain,276,302,EAKLHRNGFLTVARNSAGPVVAPTNGY,2838.4889,unbound,28800,7.67,0.34
Vietnam Pdomain,276,302,EAKLHRNGFLTVARNSAGPVVAPTNGY,2838.4889,fucose,60,5.5,0.07
Vietnam Pdomain,276,302,EAKLHRNGFLTVARNSAGPVVAPTNGY,2838.4889,fucose,600,6.78,0.13
Vietnam Pdomain,276,302,EAKLHRNGFLTVARNSAGPVVAPTNGY,2838.4889,fucose,3600,7.26,0.05
Vietnam Pdomain,276,302,EAKLHRNGFLTVARNSAGPVVAPTNGY,2838.4889,fucose,28800,7.07,
Vietnam Pdomain,276,303,EAKLHRNGFLTVARNSAGPVVAPTNGYF,2985.5573,unbound,60,5.76,0.15
Vietnam Pdomain,276,303,EAKLHRNGFLTVARNSAGPVVAPTNGYF,2985.5573,unbound,600,7.04,0.07
Vietnam Pdomain,276,303,EAKLHRNGFLTVARNSAGPVVAPTNGYF,2985.5573,unbound,3600,7.34,0.01
Vietnam Pdomain,276,303,EAKLHRNGFLTVARNSAGPVVAPTNGYF,2985.5573,unbound,28800,7.73,0.31
Vietnam Pdomain,276,303,EAKLHRNGFLTVARNSAGPVVAPTNGYF,2985.5573,fucose,60,5.36,0.11
Vietnam Pdomain,276,303,EAKLHRNGFLTVARNSAGPVVAPTNGYF,2985.5573,fucose,600,6.59,0.06
Vietnam Pdomain,276,303,EAKLHRNGFLTVARNSAGPVVAPTNGYF,2985.5573,fucose,3600,7.04,0.03
Vietnam Pdomain,276,303,EAKLHRNGFLTVARNSAGPVVAPTNGYF,2985.5573,fucose,28800,6.98,
Vietnam Pdomain,276,305,EAKLHRNGFLTVARNSAGPVVAPTNGYFRF,3288.7268,unbound,60,6.68,0.14
Vietnam Pdomain,276,305,EAKLHRNGFLTVARNSAGPVVAPTNGYFRF,3288.7268,unbound,600,7.95,0.07
Vietnam Pdomain,276,305,EAKLHRNGFLTVARNSAGPVVAPTNGYFRF,3288.7268,unbound,3600,8.34,0.06
Vietnam Pdomain,276,305,EAKLHRNGFLTVARNSAGPVVAPTNGYFRF,3288.7268,unbound,28800,8.66,0.43
Vietnam Pdomain,276,305,EAKLHRNGFLTVARNSAGPVVAPTNGYFRF,3288.7268,fucose,60,6.21,0.11
Vietnam Pdomain,276,305,EAKLHRNGFLTVARNSAGPVVAPTNGYFRF,3288.7268,fucose,600,7.47,0.17
Vietnam Pdomain,276,305,EAKLHRNGFLTVARNSAGPVVAPTNGYFRF,3288.7268,fucose,3600,8.01,0.04
Vietnam Pdomain,276,305,EAKLHRNGFLTVARNSAGPVVAPTNGYFRF,3288.7268,fucose,28800,7.94,
Vietnam Pdomain,162,179,ETQDVSSGQPTKFTPVGL,1889.9371,unbound,60,2.79,0.09
Vietnam Pdomain,162,179,ETQDVSSGQPTKFTPVGL,1889.9371,unbound,600,3.81,0.03
Vietnam Pdomain,162,179,ETQDVSSGQPTKFTPVGL,1889.9371,unbound,3600,3.91,0.05
Vietnam Pdomain,162,179,ETQDVSSGQPTKFTPVGL,1889.9371,unbound,28800,4.14,0.24
Vietnam Pdomain,162,179,ETQDVSSGQPTKFTPVGL,1889.9371,fucose,60,2.33,0.05
Vietnam Pdomain,162,179,ETQDVSSGQPTKFTPVGL,1889.9371,fucose,600,3.02,0.09
Vietnam Pdomain,162,179,ETQDVSSGQPTKFTPVGL,1889.9371,fucose,3600,3.65,0.01
Vietnam Pdomain,162,179,ETQDVSSGQPTKFTPVGL,1889.9371,fucose,28800,3.62,
Vietnam Pdomain,221,238,FFRSFIPLKGGYGNPAID,1998.0363,unbound,60,2.04,0.1
Vietnam Pdomain,221,238,FFRSFIPLKGGYGNPAID,1998.0363,unbound,600,2.34,0.02
Vietnam Pdomain,221,238,FFRSFIPLKGGYGNPAID,1998.0363,unbound,3600,2.76,0.03
Vietnam Pdomain,221,238,FFRSFIPLKGGYGNPAID,1998.0363,unbound,28800,3.92,0.23
Vietnam Pdomain,221,238,FFRSFIPLKGGYGNPAID,1998.0363,fucose,60,1.61,0.02
Vietnam Pdomain,221,238,FFRSFIPLKGGYGNPAID,1998.0363,fucose,600,2.16,0.05
Vietnam Pdomain,221,238,FFRSFIPLKGGYGNPAID,1998.0363,fucose,3600,2.4,0.02
Vietnam Pdomain,221,238,FFRSFIPLKGGYGNPAID,1998.0363,fucose,28800,3.1,
Vietnam Pdomain,303,307,FRFDS,670.3075,unbound,60,0.72,0.02
Vietnam Pdomain,303,307,FRFDS,670.3075,unbound,600,0.74,0.01
Vietnam Pdomain,303,307,FRFDS,670.3075,unbound,3600,0.88,0.02
Vietnam Pdomain,303,307,FRFDS,670.3075,unbound,28800,1.24,0.07
Vietnam Pdomain,303,307,FRFDS,670.3075,fucose,60,0.61,0.03
Vietnam Pdomain,303,307,FRFDS,670.3075,fucose,600,0.68,0.02
Vietnam Pdomain,303,307,FRFDS,670.3075,fucose,3600,0.8,0.01
Vietnam Pdomain,303,307,FRFDS,670.3075,fucose,28800,1.13,
Vietnam Pdomain,303,308,FRFDSW,856.3868,unbound,60,1.48,0.05
Vietnam Pdomain,303,308,FRFDSW,856.3868,unbound,600,1.51,0.04
Vietnam Pdomain,303,308,FRFDSW,856.3868,unbound,3600,1.61,0.01
Vietnam Pdomain,303,308,FRFDSW,856.3868,unbound,28800,2.04,0.08
Vietnam Pdomain,303,308,FRFDSW,856.3868,fucose,60,1.32,0.04
Vietnam Pdomain,303,308,FRFDSW,856.3868,fucose,600,1.41,0.03
Vietnam Pdomain,303,308,FRFDSW,856.3868,fucose,3600,1.5,0.03
Vietnam Pdomain,303,308,FRFDSW,856.3868,fucose,28800,1.81,
Vietnam Pdomain,303,311,FRFDSWVNQ,1197.5567,unbound,60,2.73,0.03
Vietnam Pdomain,303,311,FRFDSWVNQ,1197.5567,unbound,600,2.81,0.02
Vietnam Pdomain,303,311,FRFDSWVNQ,1197.5567,unbound,3600,2.88,0.01
Vietnam Pdomain,303,311,FRFDSWVNQ,1197.5567,unbound,28800,3.28,0.09
Vietnam Pdomain,303,311,FRFDSWVNQ,1197.5567,fucose,60,2.52,0.04
Vietnam Pdomain,303,311,FRFDSWVNQ,1197.5567,fucose,600,2.6,0.05
Vietnam Pdomain,303,311,FRFDSWVNQ,1197.5567,fucose,3600,2.71,0.03
Vietnam Pdomain,303,311,FRFDSWVNQ,1197.5567,fucose,28800,2.97,
Vietnam Pdomain,303,312,FRFDSWVNQF,1344.6251,unbound,60,3.4,0.05
Vietnam Pdomain,303,312,FRFDSWVNQF,1344.6251,unbound,600,3.48,0.03
Vietnam Pdomain,303,312,FRFDSWVNQF,1344.6251,unbound,3600,3.53,0
Vietnam Pdomain,303,312,FRFDSWVNQF,1344.6251,unbound,28800,4.01,0.11
Vietnam Pdomain,303,312,FRFDSWVNQF,1344.6251,fucose,60,3.12,0.08
Vietnam Pdomain,303,312,FRFDSWVNQF,1344.6251,fucose,600,3.2,0.08
Vietnam Pdomain,303,312,FRFDSWVNQF,1344.6251,fucose,3600,3.35,0.01
Vietnam Pdomain,303,312,FRFDSWVNQF,1344.6251,fucose,28800,3.64,
Vietnam Pdomain,66,77,FRGKVTQQVQDE,1433.7263,unbound,60,3.88,0.04
Vietnam Pdomain,66,77,FRGKVTQQVQDE,1433.7263,unbound,600,4.83,0.05
Vietnam Pdomain,66,77,FRGKVTQQVQDE,1433.7263,unbound,3600,5.38,0.01
Vietnam Pdomain,66,77,FRGKVTQQVQDE,1433.7263,unbound,28800,5.51,0.27
Vietnam Pdomain,66,77,FRGKVTQQVQDE,1433.7263,fucose,60,3.67,0.04
Vietnam Pdomain,66,77,FRGKVTQQVQDE,1433.7263,fucose,600,4.65,0.05
Vietnam Pdomain,66,77,FRGKVTQQVQDE,1433.7263,fucose,3600,5.18,0.05
Vietnam Pdomain,66,77,FRGKVTQQVQDE,1433.7263,fucose,28800,5.43,
Vietnam Pdomain,66,85,FRGKVTQQVQDEHRGTHWNM,2453.1771,unbound,60,4.91,0.12
Vietnam Pdomain,66,85,FRGKVTQQVQDEHRGTHWNM,2453.1771,unbound,600,5.79,0.08
Vietnam Pdomain,66,85,FRGKVTQQVQDEHRGTHWNM,2453.1771,unbound,3600,6.26,0.15
Vietnam Pdomain,66,85,FRGKVTQQVQDEHRGTHWNM,2453.1771,unbound,28800,6.51,0.39
Vietnam Pdomain,66,85,FRGKVTQQVQDEHRGTHWNM,2453.1771,fucose,60,4.35,0.1
Vietnam Pdomain,66,85,FRGKVTQQVQDEHRGTHWNM,2453.1771,fucose,600,5.2,0.13
Vietnam Pdomain,66,85,FRGKVTQQVQDEHRGTHWNM,2453.1771,fucose,3600,5.89,0.07
Vietnam Pdomain,66,85,FRGKVTQQVQDEHRGTHWNM,2453.1771,fucose,28800,6.02,
Vietnam Pdomain,66,90,FRGKVTQQVQDEHRGTHWNMTVTNL,2981.4678,unbound,60,5.92,0.19
Vietnam Pdomain,66,90,FRGKVTQQVQDEHRGTHWNMTVTNL,2981.4678,unbound,600,7,0.11
Vietnam Pdomain,66,90,FRGKVTQQVQDEHRGTHWNMTVTNL,2981.4678,unbound,3600,7.75,0.18
Vietnam Pdomain,66,90,FRGKVTQQVQDEHRGTHWNMTVTNL,2981.4678,unbound,28800,8.16,0.49
Vietnam Pdomain,66,90,FRGKVTQQVQDEHRGTHWNMTVTNL,2981.4678,fucose,60,5.21,0.14
Vietnam Pdomain,66,90,FRGKVTQQVQDEHRGTHWNMTVTNL,2981.4678,fucose,600,6.31,0.12
Vietnam Pdomain,66,90,FRGKVTQQVQDEHRGTHWNMTVTNL,2981.4678,fucose,3600,7.31,0.16
Vietnam Pdomain,66,90,FRGKVTQQVQDEHRGTHWNMTVTNL,2981.4678,fucose,28800,7.56,
Vietnam Pdomain,222,238,FRSFIPLKGGYGNPAID,1850.9679,unbound,60,2.03,0.1
Vietnam Pdomain,222,238,FRSFIPLKGGYGNPAID,1850.9679,unbound,600,2.33,0.01
Vietnam Pdomain,222,238,FRSFIPLKGGYGNPAID,1850.9679,unbound,3600,2.77,0.02
Vietnam Pdomain,222,238,FRSFIPLKGGYGNPAID,1850.9679,unbound,28800,3.88,0.25
Vietnam Pdomain,222,238,FRSFIPLKGGYGNPAID,1850.9679,fucose,60,1.62,0.02
Vietnam Pdomain,222,238,FRSFIPLKGGYGNPAID,1850.9679,fucose,600,2.17,0.05
Vietnam Pdomain,222,238,FRSFIPLKGGYGNPAID,1850.9679,fucose,3600,2.41,0.01
Vietnam Pdomain,222,238,FRSFIPLKGGYGNPAID,1850.9679,fucose,28800,3.11,
Vietnam Pdomain,15,28,GELTNSRFPLPIDV,1556.8198,unbound,60,0.75,0.07
Vietnam Pdomain,15,28,GELTNSRFPLPIDV,1556.8198,unbound,600,0.66,0.03
Vietnam Pdomain,15,28,GELTNSRFPLPIDV,1556.8198,unbound,3600,0.72,0.01
Vietnam Pdomain,15,28,GELTNSRFPLPIDV,1556.8198,unbound,28800,1.04,0.08
Vietnam Pdomain,15,28,GELTNSRFPLPIDV,1556.8198,fucose,60,0.63,0.03
Vietnam Pdomain,15,28,GELTNSRFPLPIDV,1556.8198,fucose,600,0.66,0.07
Vietnam Pdomain,15,28,GELTNSRFPLPIDV,1556.8198,fucose,3600,0.65,0.02
Vietnam Pdomain,15,28,GELTNSRFPLPIDV,1556.8198,fucose,28800,0.89,
Vietnam Pdomain,15,29,GELTNSRFPLPIDVL,1669.9039,unbound,60,0.79,0.1
Vietnam Pdomain,15,29,GELTNSRFPLPIDVL,1669.9039,unbound,600,0.71,0.04
Vietnam Pdomain,15,29,GELTNSRFPLPIDVL,1669.9039,unbound,3600,0.75,0.01
Vietnam Pdomain,15,29,GELTNSRFPLPIDVL,1669.9039,unbound,28800,1.11,0.09
Vietnam Pdomain,15,29,GELTNSRFPLPIDVL,1669.9039,fucose,60,0.67,0.03
Vietnam Pdomain,15,29,GELTNSRFPLPIDVL,1669.9039,fucose,600,0.71,0.04
Vietnam Pdomain,15,29,GELTNSRFPLPIDVL,1669.9039,fucose,3600,0.7,0.04
Vietnam Pdomain,15,29,GELTNSRFPLPIDVL,1669.9039,fucose,28800,1,
Vietnam Pdomain,1,9,GPGSKPFTL,902.4862,unbound,60,2.33,0.06
Vietnam Pdomain,1,9,GPGSKPFTL,902.4862,unbound,600,3.21,0.04
Vietnam Pdomain,1,9,GPGSKPFTL,902.4862,unbound,3600,3.19,0.03
Vietnam Pdomain,1,9,GPGSKPFTL,902.4862,unbound,28800,3.28,0.09
Vietnam Pdomain,1,9,GPGSKPFTL,902.4862,fucose,60,2.24,0.04
Vietnam Pdomain,1,9,GPGSKPFTL,902.4862,fucose,600,2.99,0.05
Vietnam Pdomain,1,9,GPGSKPFTL,902.4862,fucose,3600,3.07,0.04
Vietnam Pdomain,1,9,GPGSKPFTL,902.4862,fucose,28800,2.94,
Vietnam Pdomain,1,12,GPGSKPFTLPIL,1225.7071,unbound,60,2.63,0.05
Vietnam Pdomain,1,12,GPGSKPFTLPIL,1225.7071,unbound,600,4.09,0.03
Vietnam Pdomain,1,12,GPGSKPFTLPIL,1225.7071,unbound,3600,4.12,0.02
Vietnam Pdomain,1,12,GPGSKPFTLPIL,1225.7071,unbound,28800,4.24,0.15
Vietnam Pdomain,1,12,GPGSKPFTLPIL,1225.7071,fucose,60,2.51,0.06
Vietnam Pdomain,1,12,GPGSKPFTLPIL,1225.7071,fucose,600,3.8,0.07
Vietnam Pdomain,1,12,GPGSKPFTLPIL,1225.7071,fucose,3600,3.95,0.02
Vietnam Pdomain,1,12,GPGSKPFTLPIL,1225.7071,fucose,28800,3.85,
Vietnam Pdomain,1,13,GPGSKPFTLPILT,1326.7547,unbound,60,2.72,0.06
Vietnam Pdomain,1,13,GPGSKPFTLPILT,1326.7547,unbound,600,4.21,0.05
Vietnam Pdomain,1,13,GPGSKPFTLPILT,1326.7547,unbound,3600,4.26,0
Vietnam Pdomain,1,13,GPGSKPFTLPILT,1326.7547,unbound,28800,4.61,0.16
Vietnam Pdomain,1,13,GPGSKPFTLPILT,1326.7547,fucose,60,2.57,0.05
Vietnam Pdomain,1,13,GPGSKPFTLPILT,1326.7547,fucose,600,3.9,0.06
Vietnam Pdomain,1,13,GPGSKPFTLPILT,1326.7547,fucose,3600,4.09,0.02
Vietnam Pdomain,1,13,GPGSKPFTLPILT,1326.7547,fucose,28800,4.14,
Vietnam Pdomain,1,14,GPGSKPFTLPILTL,1439.8388,unbound,60,2.75,0.05
Vietnam Pdomain,1,14,GPGSKPFTLPILTL,1439.8388,unbound,600,4.6,0.04
Vietnam Pdomain,1,14,GPGSKPFTLPILTL,1439.8388,unbound,3600,4.88,0
Vietnam Pdomain,1,14,GPGSKPFTLPILTL,1439.8388,unbound,28800,5.25,0.17
Vietnam Pdomain,1,14,GPGSKPFTLPILTL,1439.8388,fucose,60,2.6,0.06
Vietnam Pdomain,1,14,GPGSKPFTLPILTL,1439.8388,fucose,600,4.27,0.08
Vietnam Pdomain,1,14,GPGSKPFTLPILTL,1439.8388,fucose,3600,4.69,0.02
Vietnam Pdomain,1,14,GPGSKPFTLPILTL,1439.8388,fucose,28800,4.73,
Vietnam Pdomain,3,12,GSKPFTLPIL,1071.6328,unbound,60,1.88,0.03
Vietnam Pdomain,3,12,GSKPFTLPIL,1071.6328,unbound,600,3.35,0.05
Vietnam Pdomain,3,12,GSKPFTLPIL,1071.6328,unbound,3600,3.41,0.02
Vietnam Pdomain,3,12,GSKPFTLPIL,1071.6328,unbound,28800,3.53,0.11
Vietnam Pdomain,3,12,GSKPFTLPIL,1071.6328,fucose,60,1.76,0.06
Vietnam Pdomain,3,12,GSKPFTLPIL,1071.6328,fucose,600,3.17,0.04
Vietnam Pdomain,3,12,GSKPFTLPIL,1071.6328,fucose,3600,3.08,0.15
Vietnam Pdomain,3,12,GSKPFTLPIL,1071.6328,fucose,28800,3.19,
Vietnam Pdomain,3,13,GSKPFTLPILT,1172.6805,unbound,60,1.95,0.02
Vietnam Pdomain,3,13,GSKPFTLPILT,1172.6805,unbound,600,3.48,0.04
Vietnam Pdomain,3,13,GSKPFTLPILT,1172.6805,unbound,3600,3.54,0.04
Vietnam Pdomain,3,13,GSKPFTLPILT,1172.6805,unbound,28800,3.9,0.15
Vietnam Pdomain,3,13,GSKPFTLPILT,1172.6805,fucose,60,1.86,0.07
Vietnam Pdomain,3,13,GSKPFTLPILT,1172.6805,fucose,600,3.18,0.06
Vietnam Pdomain,3,13,GSKPFTLPILT,1172.6805,fucose,3600,3.49,0.14
Vietnam Pdomain,3,13,GSKPFTLPILT,1172.6805,fucose,28800,3.62,
Vietnam Pdomain,3,14,GSKPFTLPILTL,1285.7646,unbound,60,2.06,0.01
Vietnam Pdomain,3,14,GSKPFTLPILTL,1285.7646,unbound,600,3.87,0.07
Vietnam Pdomain,3,14,GSKPFTLPILTL,1285.7646,unbound,3600,4.21,0
Vietnam Pdomain,3,14,GSKPFTLPILTL,1285.7646,unbound,28800,4.58,0.17
Vietnam Pdomain,3,14,GSKPFTLPILTL,1285.7646,fucose,60,1.94,0.04
Vietnam Pdomain,3,14,GSKPFTLPILTL,1285.7646,fucose,600,3.6,0.11
Vietnam Pdomain,3,14,GSKPFTLPILTL,1285.7646,fucose,3600,4,0.06
Vietnam Pdomain,3,14,GSKPFTLPILTL,1285.7646,fucose,28800,4.21,
Vietnam Pdomain,116,139,GVISQRNTNTVPGEGNLPANRAHE,2530.2636,unbound,60,6.48,0.13
Vietnam Pdomain,116,139,GVISQRNTNTVPGEGNLPANRAHE,2530.2636,unbound,600,7.61,0.05
Vietnam Pdomain,116,139,GVISQRNTNTVPGEGNLPANRAHE,2530.2636,unbound,3600,7.94,0.01
Vietnam Pdomain,116,139,GVISQRNTNTVPGEGNLPANRAHE,2530.2636,unbound,28800,8.9,0.37
Vietnam Pdomain,116,139,GVISQRNTNTVPGEGNLPANRAHE,2530.2636,fucose,60,5.82,0.09
Vietnam Pdomain,116,139,GVISQRNTNTVPGEGNLPANRAHE,2530.2636,fucose,600,6.7,0.15
Vietnam Pdomain,116,139,GVISQRNTNTVPGEGNLPANRAHE,2530.2636,fucose,3600,7.27,0.02
Vietnam Pdomain,116,139,GVISQRNTNTVPGEGNLPANRAHE,2530.2636,fucose,28800,7.24,
Vietnam Pdomain,116,141,GVISQRNTNTVPGEGNLPANRAHEAV,2700.3692,unbound,60,6.39,0.14
Vietnam Pdomain,116,141,GVISQRNTNTVPGEGNLPANRAHEAV,2700.3692,unbound,600,7.51,0.07
Vietnam Pdomain,116,141,GVISQRNTNTVPGEGNLPANRAHEAV,2700.3692,unbound,3600,7.87,0.02
Vietnam Pdomain,116,141,GVISQRNTNTVPGEGNLPANRAHEAV,2700.3692,unbound,28800,8.79,0.38
Vietnam Pdomain,116,141,GVISQRNTNTVPGEGNLPANRAHEAV,2700.3692,fucose,60,5.67,0.08
Vietnam Pdomain,116,141,GVISQRNTNTVPGEGNLPANRAHEAV,2700.3692,fucose,600,6.68,0.15
Vietnam Pdomain,116,141,GVISQRNTNTVPGEGNLPANRAHEAV,2700.3692,fucose,3600,7.23,0.04
Vietnam Pdomain,116,141,GVISQRNTNTVPGEGNLPANRAHEAV,2700.3692,fucose,28800,7.18,
Vietnam Pdomain,116,142,GVISQRNTNTVPGEGNLPANRAHEAVI,2813.4532,unbound,60,6.58,0.12
Vietnam Pdomain,116,142,GVISQRNTNTVPGEGNLPANRAHEAVI,2813.4532,unbound,600,7.66,0.05
Vietnam Pdomain,116,142,GVISQRNTNTVPGEGNLPANRAHEAVI,2813.4532,unbound,3600,8.11,0.05
Vietnam Pdomain,116,142,GVISQRNTNTVPGEGNLPANRAHEAVI,2813.4532,unbound,28800,8.98,0.46
Vietnam Pdomain,116,142,GVISQRNTNTVPGEGNLPANRAHEAVI,2813.4532,fucose,60,5.89,0.14
Vietnam Pdomain,116,142,GVISQRNTNTVPGEGNLPANRAHEAVI,2813.4532,fucose,600,6.77,0.12
Vietnam Pdomain,116,142,GVISQRNTNTVPGEGNLPANRAHEAVI,2813.4532,fucose,3600,7.33,0.07
Vietnam Pdomain,116,142,GVISQRNTNTVPGEGNLPANRAHEAVI,2813.4532,fucose,28800,7.36,
Vietnam Pdomain,116,143,GVISQRNTNTVPGEGNLPANRAHEAVIA,2884.4904,unbound,60,7.27,0.18
Vietnam Pdomain,116,143,GVISQRNTNTVPGEGNLPANRAHEAVIA,2884.4904,unbound,600,8.43,0.07
Vietnam Pdomain,116,143,GVISQRNTNTVPGEGNLPANRAHEAVIA,2884.4904,unbound,3600,8.87,0.07
Vietnam Pdomain,116,143,GVISQRNTNTVPGEGNLPANRAHEAVIA,2884.4904,unbound,28800,9.72,0.45
Vietnam Pdomain,116,143,GVISQRNTNTVPGEGNLPANRAHEAVIA,2884.4904,fucose,60,6.52,0.08
Vietnam Pdomain,116,143,GVISQRNTNTVPGEGNLPANRAHEAVIA,2884.4904,fucose,600,7.48,0.11
Vietnam Pdomain,116,143,GVISQRNTNTVPGEGNLPANRAHEAVIA,2884.4904,fucose,3600,8.1,0.13
Vietnam Pdomain,116,143,GVISQRNTNTVPGEGNLPANRAHEAVIA,2884.4904,fucose,28800,8.07,
Vietnam Pdomain,116,144,GVISQRNTNTVPGEGNLPANRAHEAVIAT,2985.538,unbound,60,7.51,0.13
Vietnam Pdomain,116,144,GVISQRNTNTVPGEGNLPANRAHEAVIAT,2985.538,unbound,600,8.68,0.04
Vietnam Pdomain,116,144,GVISQRNTNTVPGEGNLPANRAHEAVIAT,2985.538,unbound,3600,9.05,0.06
Vietnam Pdomain,116,144,GVISQRNTNTVPGEGNLPANRAHEAVIAT,2985.538,unbound,28800,10,0.47
Vietnam Pdomain,116,144,GVISQRNTNTVPGEGNLPANRAHEAVIAT,2985.538,fucose,60,6.68,0.12
Vietnam Pdomain,116,144,GVISQRNTNTVPGEGNLPANRAHEAVIAT,2985.538,fucose,600,7.64,0.19
Vietnam Pdomain,116,144,GVISQRNTNTVPGEGNLPANRAHEAVIAT,2985.538,fucose,3600,8.27,0.04
Vietnam Pdomain,116,144,GVISQRNTNTVPGEGNLPANRAHEAVIAT,2985.538,fucose,28800,8.29,
Vietnam Pdomain,78,90,HRGTHWNMTVTNL,1565.7521,unbound,60,1.57,0.09
Vietnam Pdomain,78,90,HRGTHWNMTVTNL,1565.7521,unbound,600,1.85,0.01
Vietnam Pdomain,78,90,HRGTHWNMTVTNL,1565.7521,unbound,3600,2.18,0.02
Vietnam Pdomain,78,90,HRGTHWNMTVTNL,1565.7521,unbound,28800,2.46,0.16
Vietnam Pdomain,78,90,HRGTHWNMTVTNL,1565.7521,fucose,60,1.35,0.06
Vietnam Pdomain,78,90,HRGTHWNMTVTNL,1565.7521,fucose,600,1.73,0.04
Vietnam Pdomain,78,90,HRGTHWNMTVTNL,1565.7521,fucose,3600,2.12,0.04
Vietnam Pdomain,78,90,HRGTHWNMTVTNL,1565.7521,fucose,28800,2.2,
Vietnam Pdomain,280,302,HRNGFLTVARNSAGPVVAPTNGY,2397.2302,unbound,60,5.27,0.21
Vietnam Pdomain,280,302,HRNGFLTVARNSAGPVVAPTNGY,2397.2302,unbound,600,6.5,0.03
Vietnam Pdomain,280,302,HRNGFLTVARNSAGPVVAPTNGY,2397.2302,unbound,3600,6.81,0.12
Vietnam Pdomain,280,302,HRNGFLTVARNSAGPVVAPTNGY,2397.2302,unbound,28800,7.11,0.32
Vietnam Pdomain,280,302,HRNGFLTVARNSAGPVVAPTNGY,2397.2302,fucose,60,4.75,0.04
Vietnam Pdomain,280,302,HRNGFLTVARNSAGPVVAPTNGY,2397.2302,fucose,600,6.06,0.26
Vietnam Pdomain,280,302,HRNGFLTVARNSAGPVVAPTNGY,2397.2302,fucose,3600,6.57,0.11
Vietnam Pdomain,280,302,HRNGFLTVARNSAGPVVAPTNGY,2397.2302,fucose,28800,6.5,
Vietnam Pdomain,142,158,IATYSPKFTPKLGNIQF,1924.0458,unbound,60,1.71,0.14
Vietnam Pdomain,142,158,IATYSPKFTPKLGNIQF,1924.0458,unbound,600,2.18,0.03
Vietnam Pdomain,142,158,IATYSPKFTPKLGNIQF,1924.0458,unbound,3600,2.71,0.02
Vietnam Pdomain,142,158,IATYSPKFTPKLGNIQF,1924.0458,unbound,28800,3.44,0.17
Vietnam Pdomain,142,158,IATYSPKFTPKLGNIQF,1924.0458,fucose,60,1.44,0.05
Vietnam Pdomain,142,158,IATYSPKFTPKLGNIQF,1924.0458,fucose,600,2.06,0.09
Vietnam Pdomain,142,158,IATYSPKFTPKLGNIQF,1924.0458,fucose,3600,2.56,0.02
Vietnam Pdomain,142,158,IATYSPKFTPKLGNIQF,1924.0458,fucose,28800,3.06,
Vietnam Pdomain,226,238,IPLKGGYGNPAID,1313.6979,unbound,60,1.9,0.08
Vietnam Pdomain,226,238,IPLKGGYGNPAID,1313.6979,unbound,600,2.16,0.01
Vietnam Pdomain,226,238,IPLKGGYGNPAID,1313.6979,unbound,3600,2.49,0.02
Vietnam Pdomain,226,238,IPLKGGYGNPAID,1313.6979,unbound,28800,3.43,0.2
Vietnam Pdomain,226,238,IPLKGGYGNPAID,1313.6979,fucose,60,1.44,0.05
Vietnam Pdomain,226,238,IPLKGGYGNPAID,1313.6979,fucose,600,2.04,0.04
Vietnam Pdomain,226,238,IPLKGGYGNPAID,1313.6979,fucose,3600,2.15,0.02
Vietnam Pdomain,226,238,IPLKGGYGNPAID,1313.6979,fucose,28800,2.57,
Vietnam Pdomain,220,238,LFFRSFIPLKGGYGNPAID,2111.1204,unbound,60,2.05,0.1
Vietnam Pdomain,220,238,LFFRSFIPLKGGYGNPAID,2111.1204,unbound,600,2.35,0.03
Vietnam Pdomain,220,238,LFFRSFIPLKGGYGNPAID,2111.1204,unbound,3600,2.79,0.03
Vietnam Pdomain,220,238,LFFRSFIPLKGGYGNPAID,2111.1204,unbound,28800,3.95,0.23
Vietnam Pdomain,220,238,LFFRSFIPLKGGYGNPAID,2111.1204,fucose,60,1.62,0.01
Vietnam Pdomain,220,238,LFFRSFIPLKGGYGNPAID,2111.1204,fucose,600,2.17,0.06
Vietnam Pdomain,220,238,LFFRSFIPLKGGYGNPAID,2111.1204,fucose,3600,2.42,0.01
Vietnam Pdomain,220,238,LFFRSFIPLKGGYGNPAID,2111.1204,fucose,28800,3.16,
Vietnam Pdomain,14,28,LGELTNSRFPLPIDV,1669.9039,unbound,60,0.79,0.1
Vietnam Pdomain,14,28,LGELTNSRFPLPIDV,1669.9039,unbound,600,0.71,0.04
Vietnam Pdomain,14,28,LGELTNSRFPLPIDV,1669.9039,unbound,3600,0.75,0.01
Vietnam Pdomain,14,28,LGELTNSRFPLPIDV,1669.9039,unbound,28800,1.11,0.09
Vietnam Pdomain,14,28,LGELTNSRFPLPIDV,1669.9039,fucose,60,0.67,0.03
Vietnam Pdomain,14,28,LGELTNSRFPLPIDV,1669.9039,fucose,600,0.71,0.04
Vietnam Pdomain,14,28,LGELTNSRFPLPIDV,1669.9039,fucose,3600,0.7,0.04
Vietnam Pdomain,14,28,LGELTNSRFPLPIDV,1669.9039,fucose,28800,1,
Vietnam Pdomain,14,29,LGELTNSRFPLPIDVL,1782.988,unbound,60,0.87,0.11
Vietnam Pdomain,14,29,LGELTNSRFPLPIDVL,1782.988,unbound,600,0.78,0.04
Vietnam Pdomain,14,29,LGELTNSRFPLPIDVL,1782.988,unbound,3600,0.81,0.01
Vietnam Pdomain,14,29,LGELTNSRFPLPIDVL,1782.988,unbound,28800,1.17,0.1
Vietnam Pdomain,14,29,LGELTNSRFPLPIDVL,1782.988,fucose,60,0.72,0.02
Vietnam Pdomain,14,29,LGELTNSRFPLPIDVL,1782.988,fucose,600,0.78,0.04
Vietnam Pdomain,14,29,LGELTNSRFPLPIDVL,1782.988,fucose,3600,0.76,0.03
Vietnam Pdomain,14,29,LGELTNSRFPLPIDVL,1782.988,fucose,28800,1.07,
Vietnam Pdomain,200,204,LTLNM,590.3098,unbound,60,1.9,0.04
Vietnam Pdomain,200,204,LTLNM,590.3098,unbound,600,1.95,0.01
Vietnam Pdomain,200,204,LTLNM,590.3098,unbound,3600,1.9,0.03
Vietnam Pdomain,200,204,LTLNM,590.3098,unbound,28800,1.97,0.05
Vietnam Pdomain,200,204,LTLNM,590.3098,fucose,60,1.67,0.06
Vietnam Pdomain,200,204,LTLNM,590.3098,fucose,600,1.76,0.06
Vietnam Pdomain,200,204,LTLNM,590.3098,fucose,3600,1.77,0.02
Vietnam Pdomain,200,204,LTLNM,590.3098,fucose,28800,1.73,
Vietnam Pdomain,17,29,LTNSRFPLPIDVL,1483.8399,unbound,60,0.6,0.09
Vietnam Pdomain,17,29,LTNSRFPLPIDVL,1483.8399,unbound,600,0.52,0.03
Vietnam Pdomain,17,29,LTNSRFPLPIDVL,1483.8399,unbound,3600,0.58,0.01
Vietnam Pdomain,17,29,LTNSRFPLPIDVL,1483.8399,unbound,28800,0.93,0.06
Vietnam Pdomain,17,29,LTNSRFPLPIDVL,1483.8399,fucose,60,0.45,0.02
Vietnam Pdomain,17,29,LTNSRFPLPIDVL,1483.8399,fucose,600,0.58,0.04
Vietnam Pdomain,17,29,LTNSRFPLPIDVL,1483.8399,fucose,3600,0.53,0.06
Vietnam Pdomain,17,29,LTNSRFPLPIDVL,1483.8399,fucose,28800,0.84,
Vietnam Pdomain,285,302,LTVARNSAGPVVAPTNGY,1785.9373,unbound,60,5.24,0.12
Vietnam Pdomain,285,302,LTVARNSAGPVVAPTNGY,1785.9373,unbound,600,6.42,0.05
Vietnam Pdomain,285,302,LTVARNSAGPVVAPTNGY,1785.9373,unbound,3600,6.61,0.06
Vietnam Pdomain,285,302,LTVARNSAGPVVAPTNGY,1785.9373,unbound,28800,6.92,0.25
Vietnam Pdomain,285,302,LTVARNSAGPVVAPTNGY,1785.9373,fucose,60,4.79,0.06
Vietnam Pdomain,285,302,LTVARNSAGPVVAPTNGY,1785.9373,fucose,600,5.94,0.12
Vietnam Pdomain,285,302,LTVARNSAGPVVAPTNGY,1785.9373,fucose,3600,6.34,0.03
Vietnam Pdomain,285,302,LTVARNSAGPVVAPTNGY,1785.9373,fucose,28800,6.18,
Vietnam Pdomain,285,303,LTVARNSAGPVVAPTNGYF,1933.0058,unbound,60,5.01,0.17
Vietnam Pdomain,285,303,LTVARNSAGPVVAPTNGYF,1933.0058,unbound,600,6.32,0.06
Vietnam Pdomain,285,303,LTVARNSAGPVVAPTNGYF,1933.0058,unbound,3600,6.63,0.12
Vietnam Pdomain,285,303,LTVARNSAGPVVAPTNGYF,1933.0058,unbound,28800,6.96,0.29
Vietnam Pdomain,285,303,LTVARNSAGPVVAPTNGYF,1933.0058,fucose,60,4.71,0.19
Vietnam Pdomain,285,303,LTVARNSAGPVVAPTNGYF,1933.0058,fucose,600,5.83,0.02
Vietnam Pdomain,285,303,LTVARNSAGPVVAPTNGYF,1933.0058,fucose,3600,6.3,0.06
Vietnam Pdomain,285,303,LTVARNSAGPVVAPTNGYF,1933.0058,fucose,28800,6.2,
Vietnam Pdomain,285,305,LTVARNSAGPVVAPTNGYFRF,2236.1753,unbound,60,5.9,0.17
Vietnam Pdomain,285,305,LTVARNSAGPVVAPTNGYFRF,2236.1753,unbound,600,7.1,0.06
Vietnam Pdomain,285,305,LTVARNSAGPVVAPTNGYFRF,2236.1753,unbound,3600,7.46,0.09
Vietnam Pdomain,285,305,LTVARNSAGPVVAPTNGYFRF,2236.1753,unbound,28800,7.69,0.38
Vietnam Pdomain,285,305,LTVARNSAGPVVAPTNGYFRF,2236.1753,fucose,60,5.44,0.1
Vietnam Pdomain,285,305,LTVARNSAGPVVAPTNGYFRF,2236.1753,fucose,600,6.62,0.15
Vietnam Pdomain,285,305,LTVARNSAGPVVAPTNGYFRF,2236.1753,fucose,3600,7.1,0.07
Vietnam Pdomain,285,305,LTVARNSAGPVVAPTNGYFRF,2236.1753,fucose,28800,7.03,
Vietnam Pdomain,285,308,LTVARNSAGPVVAPTNGYFRFDSW,2624.3136,unbound,60,6.52,0.18
Vietnam Pdomain,285,308,LTVARNSAGPVVAPTNGYFRFDSW,2624.3136,unbound,600,7.74,0.09
Vietnam Pdomain,285,308,LTVARNSAGPVVAPTNGYFRFDSW,2624.3136,unbound,3600,8.06,0.03
Vietnam Pdomain,285,308,LTVARNSAGPVVAPTNGYFRFDSW,2624.3136,unbound,28800,8.92,0.42
Vietnam Pdomain,285,308,LTVARNSAGPVVAPTNGYFRFDSW,2624.3136,fucose,60,5.97,0.1
Vietnam Pdomain,285,308,LTVARNSAGPVVAPTNGYFRFDSW,2624.3136,fucose,600,7.2,0.23
Vietnam Pdomain,285,308,LTVARNSAGPVVAPTNGYFRFDSW,2624.3136,fucose,3600,7.65,0.04
Vietnam Pdomain,285,308,LTVARNSAGPVVAPTNGYFRFDSW,2624.3136,fucose,28800,7.94,
Vietnam Pdomain,285,312,LTVARNSAGPVVAPTNGYFRFDSWVNQF,3112.5519,unbound,60,8.22,0.21
Vietnam Pdomain,285,312,LTVARNSAGPVVAPTNGYFRFDSWVNQF,3112.5519,unbound,600,9.47,0.08
Vietnam Pdomain,285,312,LTVARNSAGPVVAPTNGYFRFDSWVNQF,3112.5519,unbound,3600,9.74,0
Vietnam Pdomain,285,312,LTVARNSAGPVVAPTNGYFRFDSWVNQF,3112.5519,unbound,28800,10.71,0.31
Vietnam Pdomain,285,312,LTVARNSAGPVVAPTNGYFRFDSWVNQF,3112.5519,fucose,60,7.37,0.14
Vietnam Pdomain,285,312,LTVARNSAGPVVAPTNGYFRFDSWVNQF,3112.5519,fucose,600,8.48,0.3
Vietnam Pdomain,285,312,LTVARNSAGPVVAPTNGYFRFDSWVNQF,3112.5519,fucose,3600,9.11,0.08
Vietnam Pdomain,285,312,LTVARNSAGPVVAPTNGYFRFDSWVNQF,3112.5519,fucose,28800,9.43,
Vietnam Pdomain,262,275,LVRYVNPETGRTLF,1663.9046,unbound,60,3.05,0.03
Vietnam Pdomain,262,275,LVRYVNPETGRTLF,1663.9046,unbound,600,3.67,0.03
Vietnam Pdomain,262,275,LVRYVNPETGRTLF,1663.9046,unbound,3600,4.16,0.06
Vietnam Pdomain,262,275,LVRYVNPETGRTLF,1663.9046,unbound,28800,5.55,0.15
Vietnam Pdomain,262,275,LVRYVNPETGRTLF,1663.9046,fucose,60,2.74,0.08
Vietnam Pdomain,262,275,LVRYVNPETGRTLF,1663.9046,fucose,600,3.33,0.16
Vietnam Pdomain,262,275,LVRYVNPETGRTLF,1663.9046,fucose,3600,3.85,0.04
Vietnam Pdomain,262,275,LVRYVNPETGRTLF,1663.9046,fucose,28800,4.88,
Vietnam Pdomain,241,259,MPQEWVQHLYQESAPSLSD,2244.0157,unbound,60,3,0.13
Vietnam Pdomain,241,259,MPQEWVQHLYQESAPSLSD,2244.0157,unbound,600,3.8,0.04
Vietnam Pdomain,241,259,MPQEWVQHLYQESAPSLSD,2244.0157,unbound,3600,3.97,0.05
Vietnam Pdomain,241,259,MPQEWVQHLYQESAPSLSD,2244.0157,unbound,28800,4.33,0.19
Vietnam Pdomain,241,259,MPQEWVQHLYQESAPSLSD,2244.0157,fucose,60,2.53,0.06
Vietnam Pdomain,241,259,MPQEWVQHLYQESAPSLSD,2244.0157,fucose,600,3.48,0.02
Vietnam Pdomain,241,259,MPQEWVQHLYQESAPSLSD,2244.0157,fucose,3600,3.69,0.24
Vietnam Pdomain,241,259,MPQEWVQHLYQESAPSLSD,2244.0157,fucose,28800,3.67,
Vietnam Pdomain,91,110,NGTPFDPTEDVPAPLGTPDF,2085.9531,unbound,60,2.27,0.09
Vietnam Pdomain,91,110,NGTPFDPTEDVPAPLGTPDF,2085.9531,unbound,600,4.12,0.13
Vietnam Pdomain,91,110,NGTPFDPTEDVPAPLGTPDF,2085.9531,unbound,3600,4.15,0.04
Vietnam Pdomain,91,110,NGTPFDPTEDVPAPLGTPDF,2085.9531,unbound,28800,4.57,0.23
Vietnam Pdomain,91,110,NGTPFDPTEDVPAPLGTPDF,2085.9531,fucose,60,2.08,0.05
Vietnam Pdomain,91,110,NGTPFDPTEDVPAPLGTPDF,2085.9531,fucose,600,3.47,0.12
Vietnam Pdomain,91,110,NGTPFDPTEDVPAPLGTPDF,2085.9531,fucose,3600,3.83,0.11
Vietnam Pdomain,91,110,NGTPFDPTEDVPAPLGTPDF,2085.9531,fucose,28800,3.85,
Vietnam Pdomain,91,115,NGTPFDPTEDVPAPLGTPDFSGQIY,2634.2126,unbound,60,3.07,0.13
Vietnam Pdomain,91,115,NGTPFDPTEDVPAPLGTPDFSGQIY,2634.2126,unbound,600,4.52,0.06
Vietnam Pdomain,91,115,NGTPFDPTEDVPAPLGTPDFSGQIY,2634.2126,unbound,3600,5,0
Vietnam Pdomain,91,115,NGTPFDPTEDVPAPLGTPDFSGQIY,2634.2126,unbound,28800,5.47,0.25
Vietnam Pdomain,91,115,NGTPFDPTEDVPAPLGTPDFSGQIY,2634.2126,fucose,60,2.75,0.04
Vietnam Pdomain,91,115,NGTPFDPTEDVPAPLGTPDFSGQIY,2634.2126,fucose,600,4.21,0.1
Vietnam Pdomain,91,115,NGTPFDPTEDVPAPLGTPDFSGQIY,2634.2126,fucose,3600,4.72,0.07
Vietnam Pdomain,91,115,NGTPFDPTEDVPAPLGTPDFSGQIY,2634.2126,fucose,28800,4.89,
Vietnam Pdomain,91,116,NGTPFDPTEDVPAPLGTPDFSGQIYG,2691.234,unbound,60,3.01,0.18
Vietnam Pdomain,91,116,NGTPFDPTEDVPAPLGTPDFSGQIYG,2691.234,unbound,600,4.55,0.01
Vietnam Pdomain,91,116,NGTPFDPTEDVPAPLGTPDFSGQIYG,2691.234,unbound,3600,5.11,0.03
Vietnam Pdomain,91,116,NGTPFDPTEDVPAPLGTPDFSGQIYG,2691.234,unbound,28800,5.62,0.2
Vietnam Pdomain,91,116,NGTPFDPTEDVPAPLGTPDFSGQIYG,2691.234,fucose,60,2.56,0.03
Vietnam Pdomain,91,116,NGTPFDPTEDVPAPLGTPDFSGQIYG,2691.234,fucose,600,4.31,0.03
Vietnam Pdomain,91,116,NGTPFDPTEDVPAPLGTPDFSGQIYG,2691.234,fucose,3600,4.83,0.04
Vietnam Pdomain,91,116,NGTPFDPTEDVPAPLGTPDFSGQIYG,2691.234,fucose,28800,5.06,
Vietnam Pdomain,205,211,NLAPSVA,670.365,unbound,60,0.99,0.02
Vietnam Pdomain,205,211,NLAPSVA,670.365,unbound,600,1.37,0.01
Vietnam Pdomain,205,211,NLAPSVA,670.365,unbound,3600,1.54,0.02
Vietnam Pdomain,205,211,NLAPSVA,670.365,unbound,28800,2.02,0.05
Vietnam Pdomain,205,211,NLAPSVA,670.365,fucose,60,0.91,0.01
Vietnam Pdomain,205,211,NLAPSVA,670.365,fucose,600,1.27,0.03
Vietnam Pdomain,205,211,NLAPSVA,670.365,fucose,3600,1.44,0
Vietnam Pdomain,205,211,NLAPSVA,670.365,fucose,28800,1.79,
Vietnam Pdomain,205,217,NLAPSVAPVFPGE,1296.6714,unbound,60,3.06,0.05
Vietnam Pdomain,205,217,NLAPSVAPVFPGE,1296.6714,unbound,600,3.56,0.05
Vietnam Pdomain,205,217,NLAPSVAPVFPGE,1296.6714,unbound,3600,3.94,0.03
Vietnam Pdomain,205,217,NLAPSVAPVFPGE,1296.6714,unbound,28800,4.55,0.15
Vietnam Pdomain,205,217,NLAPSVAPVFPGE,1296.6714,fucose,60,2.86,0.03
Vietnam Pdomain,205,217,NLAPSVAPVFPGE,1296.6714,fucose,600,3.35,0.02
Vietnam Pdomain,205,217,NLAPSVAPVFPGE,1296.6714,fucose,3600,3.78,0.03
Vietnam Pdomain,205,217,NLAPSVAPVFPGE,1296.6714,fucose,28800,4.12,
Vietnam Pdomain,203,217,NMNLAPSVAPVFPGE,1541.7548,unbound,60,3.38,0.09
Vietnam Pdomain,203,217,NMNLAPSVAPVFPGE,1541.7548,unbound,600,4.49,0.03
Vietnam Pdomain,203,217,NMNLAPSVAPVFPGE,1541.7548,unbound,3600,4.97,0.03
Vietnam Pdomain,203,217,NMNLAPSVAPVFPGE,1541.7548,unbound,28800,5.54,0.17
Vietnam Pdomain,203,217,NMNLAPSVAPVFPGE,1541.7548,fucose,60,3.1,0.11
Vietnam Pdomain,203,217,NMNLAPSVAPVFPGE,1541.7548,fucose,600,4.24,0.17
Vietnam Pdomain,203,217,NMNLAPSVAPVFPGE,1541.7548,fucose,3600,4.7,0.15
Vietnam Pdomain,203,217,NMNLAPSVAPVFPGE,1541.7548,fucose,28800,4.62,
Vietnam Pdomain,10,14,PILTL,555.3632,unbound,60,0.13,0.02
Vietnam Pdomain,10,14,PILTL,555.3632,unbound,600,0.66,0.01
Vietnam Pdomain,10,14,PILTL,555.3632,unbound,3600,0.9,0.02
Vietnam Pdomain,10,14,PILTL,555.3632,unbound,28800,1.15,0.07
Vietnam Pdomain,10,14,PILTL,555.3632,fucose,60,0.09,0.02
Vietnam Pdomain,10,14,PILTL,555.3632,fucose,600,0.63,0.02
Vietnam Pdomain,10,14,PILTL,555.3632,fucose,3600,0.83,0.03
Vietnam Pdomain,10,14,PILTL,555.3632,fucose,28800,1.01,
Vietnam Pdomain,10,29,PILTLGELTNSRFPLPIDVL,2207.2565,unbound,60,1.58,0.13
Vietnam Pdomain,10,29,PILTLGELTNSRFPLPIDVL,2207.2565,unbound,600,2.09,0.07
Vietnam Pdomain,10,29,PILTLGELTNSRFPLPIDVL,2207.2565,unbound,3600,2.41,0.02
Vietnam Pdomain,10,29,PILTLGELTNSRFPLPIDVL,2207.2565,unbound,28800,3.12,0.18
Vietnam Pdomain,10,29,PILTLGELTNSRFPLPIDVL,2207.2565,fucose,60,1.34,0.01
Vietnam Pdomain,10,29,PILTLGELTNSRFPLPIDVL,2207.2565,fucose,600,2.07,0.06
Vietnam Pdomain,10,29,PILTLGELTNSRFPLPIDVL,2207.2565,fucose,3600,2.3,0.01
Vietnam Pdomain,10,29,PILTLGELTNSRFPLPIDVL,2207.2565,fucose,28800,2.71,
Vietnam Pdomain,242,259,PQEWVQHLYQESAPSLSD,2112.9752,unbound,60,2.98,0.15
Vietnam Pdomain,242,259,PQEWVQHLYQESAPSLSD,2112.9752,unbound,600,4.02,0.19
Vietnam Pdomain,242,259,PQEWVQHLYQESAPSLSD,2112.9752,unbound,3600,4.18,0.01
Vietnam Pdomain,242,259,PQEWVQHLYQESAPSLSD,2112.9752,unbound,28800,4.42,0.25
Vietnam Pdomain,242,259,PQEWVQHLYQESAPSLSD,2112.9752,fucose,60,2.71,0.04
Vietnam Pdomain,242,259,PQEWVQHLYQESAPSLSD,2112.9752,fucose,600,3.42,0.12
Vietnam Pdomain,242,259,PQEWVQHLYQESAPSLSD,2112.9752,fucose,3600,3.77,0.1
Vietnam Pdomain,242,259,PQEWVQHLYQESAPSLSD,2112.9752,fucose,28800,3.96,
Vietnam Pdomain,212,217,PVFPGE,644.317,unbound,60,1.47,0.03
Vietnam Pdomain,212,217,PVFPGE,644.317,unbound,600,1.59,0.03
Vietnam Pdomain,212,217,PVFPGE,644.317,unbound,3600,1.77,0.07
Vietnam Pdomain,212,217,PVFPGE,644.317,unbound,28800,1.85,0.07
Vietnam Pdomain,212,217,PVFPGE,644.317,fucose,60,1.36,0.05
Vietnam Pdomain,212,217,PVFPGE,644.317,fucose,600,1.48,0.04
Vietnam Pdomain,212,217,PVFPGE,644.317,fucose,3600,1.67,0.01
Vietnam Pdomain,212,217,PVFPGE,644.317,fucose,28800,1.68,
Vietnam Pdomain,304,308,RFDSW,709.3184,unbound,60,0.7,0
Vietnam Pdomain,304,308,RFDSW,709.3184,unbound,600,0.71,0.01
Vietnam Pdomain,304,308,RFDSW,709.3184,unbound,3600,0.8,0
Vietnam Pdomain,304,308,RFDSW,709.3184,unbound,28800,1.15,0.04
Vietnam Pdomain,304,308,RFDSW,709.3184,fucose,60,0.59,0.05
Vietnam Pdomain,304,308,RFDSW,709.3184,fucose,600,0.62,0.09
Vietnam Pdomain,304,308,RFDSW,709.3184,fucose,3600,0.74,0.06
Vietnam Pdomain,304,308,RFDSW,709.3184,fucose,28800,0.91,
Vietnam Pdomain,304,312,RFDSWVNQF,1197.5567,unbound,60,2.73,0.03
Vietnam Pdomain,304,312,RFDSWVNQF,1197.5567,unbound,600,2.81,0.02
Vietnam Pdomain,304,312,RFDSWVNQF,1197.5567,unbound,3600,2.88,0.01
Vietnam Pdomain,304,312,RFDSWVNQF,1197.5567,unbound,28800,3.28,0.09
Vietnam Pdomain,304,312,RFDSWVNQF,1197.5567,fucose,60,2.52,0.04
Vietnam Pdomain,304,312,RFDSWVNQF,1197.5567,fucose,600,2.6,0.05
Vietnam Pdomain,304,312,RFDSWVNQF,1197.5567,fucose,3600,2.71,0.03
Vietnam Pdomain,304,312,RFDSWVNQF,1197.5567,fucose,28800,2.97,
Vietnam Pdomain,67,85,RGKVTQQVQDEHRGTHWNM,2306.1087,unbound,60,4.84,0.12
Vietnam Pdomain,67,85,RGKVTQQVQDEHRGTHWNM,2306.1087,unbound,600,5.68,0.1
Vietnam Pdomain,67,85,RGKVTQQVQDEHRGTHWNM,2306.1087,unbound,3600,6.17,0.13
Vietnam Pdomain,67,85,RGKVTQQVQDEHRGTHWNM,2306.1087,unbound,28800,6.33,0.36
Vietnam Pdomain,67,85,RGKVTQQVQDEHRGTHWNM,2306.1087,fucose,60,4.22,0.1
Vietnam Pdomain,67,85,RGKVTQQVQDEHRGTHWNM,2306.1087,fucose,600,5.06,0.13
Vietnam Pdomain,67,85,RGKVTQQVQDEHRGTHWNM,2306.1087,fucose,3600,5.7,0.09
Vietnam Pdomain,67,85,RGKVTQQVQDEHRGTHWNM,2306.1087,fucose,28800,5.79,
Vietnam Pdomain,67,90,RGKVTQQVQDEHRGTHWNMTVTNL,2834.3994,unbound,60,5.56,0.04
Vietnam Pdomain,67,90,RGKVTQQVQDEHRGTHWNMTVTNL,2834.3994,unbound,600,6.54,0.14
Vietnam Pdomain,67,90,RGKVTQQVQDEHRGTHWNMTVTNL,2834.3994,unbound,3600,7.32,0.01
Vietnam Pdomain,67,90,RGKVTQQVQDEHRGTHWNMTVTNL,2834.3994,unbound,28800,8.39,0.48
Vietnam Pdomain,67,90,RGKVTQQVQDEHRGTHWNMTVTNL,2834.3994,fucose,60,4.83,0.14
Vietnam Pdomain,67,90,RGKVTQQVQDEHRGTHWNMTVTNL,2834.3994,fucose,600,5.82,0.11
Vietnam Pdomain,67,90,RGKVTQQVQDEHRGTHWNMTVTNL,2834.3994,fucose,3600,6.89,0.19
Vietnam Pdomain,67,90,RGKVTQQVQDEHRGTHWNMTVTNL,2834.3994,fucose,28800,7.23,
Vietnam Pdomain,223,238,RSFIPLKGGYGNPAID,1703.8995,unbound,60,1.93,0.1
Vietnam Pdomain,223,238,RSFIPLKGGYGNPAID,1703.8995,unbound,600,2.2,0.01
Vietnam Pdomain,223,238,RSFIPLKGGYGNPAID,1703.8995,unbound,3600,2.63,0.02
Vietnam Pdomain,223,238,RSFIPLKGGYGNPAID,1703.8995,unbound,28800,3.68,0.22
Vietnam Pdomain,223,238,RSFIPLKGGYGNPAID,1703.8995,fucose,60,1.51,0
Vietnam Pdomain,223,238,RSFIPLKGGYGNPAID,1703.8995,fucose,600,2.05,0.05
Vietnam Pdomain,223,238,RSFIPLKGGYGNPAID,1703.8995,fucose,3600,2.25,0.04
Vietnam Pdomain,223,238,RSFIPLKGGYGNPAID,1703.8995,fucose,28800,2.91,
Vietnam Pdomain,111,139,SGQIYGVISQRNTNTVPGEGNLPANRAHE,3078.5231,unbound,60,7.02,0.14
Vietnam Pdomain,111,139,SGQIYGVISQRNTNTVPGEGNLPANRAHE,3078.5231,unbound,600,8.21,0.09
Vietnam Pdomain,111,139,SGQIYGVISQRNTNTVPGEGNLPANRAHE,3078.5231,unbound,3600,8.71,0.04
Vietnam Pdomain,111,139,SGQIYGVISQRNTNTVPGEGNLPANRAHE,3078.5231,unbound,28800,9.77,0.42
Vietnam Pdomain,111,139,SGQIYGVISQRNTNTVPGEGNLPANRAHE,3078.5231,fucose,60,6.1,0.12
Vietnam Pdomain,111,139,SGQIYGVISQRNTNTVPGEGNLPANRAHE,3078.5231,fucose,600,7.02,0.13
Vietnam Pdomain,111,139,SGQIYGVISQRNTNTVPGEGNLPANRAHE,3078.5231,fucose,3600,7.69,0.1
Vietnam Pdomain,111,139,SGQIYGVISQRNTNTVPGEGNLPANRAHE,3078.5231,fucose,28800,7.57,
Vietnam Pdomain,159,174,STWETQDVSSGQPTKF,1796.8217,unbound,60,4.31,0.17
Vietnam Pdomain,159,174,STWETQDVSSGQPTKF,1796.8217,unbound,600,5.39,0.16
Vietnam Pdomain,159,174,STWETQDVSSGQPTKF,1796.8217,unbound,3600,5.36,0.05
Vietnam Pdomain,159,174,STWETQDVSSGQPTKF,1796.8217,unbound,28800,5.79,0.15
Vietnam Pdomain,159,174,STWETQDVSSGQPTKF,1796.8217,fucose,60,3.52,0.26
Vietnam Pdomain,159,174,STWETQDVSSGQPTKF,1796.8217,fucose,600,4.3,0.21
Vietnam Pdomain,159,174,STWETQDVSSGQPTKF,1796.8217,fucose,3600,5.01,0.12
Vietnam Pdomain,159,174,STWETQDVSSGQPTKF,1796.8217,fucose,28800,4.87,
Vietnam Pdomain,159,179,STWETQDVSSGQPTKFTPVGL,2264.0961,unbound,60,4.84,0.14
Vietnam Pdomain,159,179,STWETQDVSSGQPTKFTPVGL,2264.0961,unbound,600,6,0.05
Vietnam Pdomain,159,179,STWETQDVSSGQPTKFTPVGL,2264.0961,unbound,3600,6.05,0.02
Vietnam Pdomain,159,179,STWETQDVSSGQPTKFTPVGL,2264.0961,unbound,28800,6.32,0.31
Vietnam Pdomain,159,179,STWETQDVSSGQPTKFTPVGL,2264.0961,fucose,60,4.2,0.08
Vietnam Pdomain,159,179,STWETQDVSSGQPTKFTPVGL,2264.0961,fucose,600,4.98,0.14
Vietnam Pdomain,159,179,STWETQDVSSGQPTKFTPVGL,2264.0961,fucose,3600,5.69,0.05
Vietnam Pdomain,159,179,STWETQDVSSGQPTKFTPVGL,2264.0961,fucose,28800,5.54,
Vietnam Pdomain,159,188,STWETQDVSSGQPTKFTPVGLASVDANSHF,3192.5,unbound,60,7.94,0.23
Vietnam Pdomain,159,188,STWETQDVSSGQPTKFTPVGLASVDANSHF,3192.5,unbound,600,9.62,0.09
Vietnam Pdomain,159,188,STWETQDVSSGQPTKFTPVGLASVDANSHF,3192.5,unbound,3600,9.8,0.15
Vietnam Pdomain,159,188,STWETQDVSSGQPTKFTPVGLASVDANSHF,3192.5,unbound,28800,10.02,0.57
Vietnam Pdomain,159,188,STWETQDVSSGQPTKFTPVGLASVDANSHF,3192.5,fucose,60,6.96,0.04
Vietnam Pdomain,159,188,STWETQDVSSGQPTKFTPVGLASVDANSHF,3192.5,fucose,600,8.18,0.17
Vietnam Pdomain,159,188,STWETQDVSSGQPTKFTPVGLASVDANSHF,3192.5,fucose,3600,9.3,0.18
Vietnam Pdomain,159,188,STWETQDVSSGQPTKFTPVGLASVDANSHF,3192.5,fucose,28800,9,
Vietnam Pdomain,13,29,TLGELTNSRFPLPIDVL,1884.0357,unbound,60,1.29,0.12
Vietnam Pdomain,13,29,TLGELTNSRFPLPIDVL,1884.0357,unbound,600,1.39,0.04
Vietnam Pdomain,13,29,TLGELTNSRFPLPIDVL,1884.0357,unbound,3600,1.41,0.01
Vietnam Pdomain,13,29,TLGELTNSRFPLPIDVL,1884.0357,unbound,28800,1.8,0.13
Vietnam Pdomain,13,29,TLGELTNSRFPLPIDVL,1884.0357,fucose,60,1.1,0.02
Vietnam Pdomain,13,29,TLGELTNSRFPLPIDVL,1884.0357,fucose,600,1.35,0.06
Vietnam Pdomain,13,29,TLGELTNSRFPLPIDVL,1884.0357,fucose,3600,1.31,0.04
Vietnam Pdomain,13,29,TLGELTNSRFPLPIDVL,1884.0357,fucose,28800,1.61,
Vietnam Pdomain,18,29,TNSRFPLPIDVL,1370.7558,unbound,60,0.53,0.08
Vietnam Pdomain,18,29,TNSRFPLPIDVL,1370.7558,unbound,600,0.43,0.05
Vietnam Pdomain,18,29,TNSRFPLPIDVL,1370.7558,unbound,3600,0.48,0
Vietnam Pdomain,18,29,TNSRFPLPIDVL,1370.7558,unbound,28800,0.85,0.09
Vietnam Pdomain,18,29,TNSRFPLPIDVL,1370.7558,fucose,60,0.37,0.06
Vietnam Pdomain,18,29,TNSRFPLPIDVL,1370.7558,fucose,600,0.47,0.04
Vietnam Pdomain,18,29,TNSRFPLPIDVL,1370.7558,fucose,3600,0.41,0.02
Vietnam Pdomain,18,29,TNSRFPLPIDVL,1370.7558,fucose,28800,0.76,
Vietnam Pdomain,163,179,TQDVSSGQPTKFTPVGL,1760.8945,unbound,60,2.6,0.04
Vietnam Pdomain,163,179,TQDVSSGQPTKFTPVGL,1760.8945,unbound,600,3.33,0.02
Vietnam Pdomain,163,179,TQDVSSGQPTKFTPVGL,1760.8945,unbound,3600,3.67,0.06
Vietnam Pdomain,163,179,TQDVSSGQPTKFTPVGL,1760.8945,unbound,28800,3.89,0.23
Vietnam Pdomain,163,179,TQDVSSGQPTKFTPVGL,1760.8945,fucose,60,2.44,0.12
Vietnam Pdomain,163,179,TQDVSSGQPTKFTPVGL,1760.8945,fucose,600,2.87,0.25
Vietnam Pdomain,163,179,TQDVSSGQPTKFTPVGL,1760.8945,fucose,3600,3.17,0.1
Vietnam Pdomain,163,179,TQDVSSGQPTKFTPVGL,1760.8945,fucose,28800,3.61,
Vietnam Pdomain,286,305,TVARNSAGPVVAPTNGYFRF,2123.0912,unbound,60,5.89,0.17
Vietnam Pdomain,286,305,TVARNSAGPVVAPTNGYFRF,2123.0912,unbound,600,7.24,0.02
Vietnam Pdomain,286,305,TVARNSAGPVVAPTNGYFRF,2123.0912,unbound,3600,7.44,0.13
Vietnam Pdomain,286,305,TVARNSAGPVVAPTNGYFRF,2123.0912,unbound,28800,7.74,0.43
Vietnam Pdomain,286,305,TVARNSAGPVVAPTNGYFRF,2123.0912,fucose,60,5.48,0.1
Vietnam Pdomain,286,305,TVARNSAGPVVAPTNGYFRF,2123.0912,fucose,600,6.65,0.21
Vietnam Pdomain,286,305,TVARNSAGPVVAPTNGYFRF,2123.0912,fucose,3600,7.22,0.14
Vietnam Pdomain,286,305,TVARNSAGPVVAPTNGYFRF,2123.0912,fucose,28800,6.94,
Vietnam Pdomain,86,90,TVTNL,546.3013,unbound,60,0.78,0.03
Vietnam Pdomain,86,90,TVTNL,546.3013,unbound,600,0.98,0.01
Vietnam Pdomain,86,90,TVTNL,546.3013,unbound,3600,1.19,0
Vietnam Pdomain,86,90,TVTNL,546.3013,unbound,28800,1.44,0.05
Vietnam Pdomain,86,90,TVTNL,546.3013,fucose,60,0.67,0.03
Vietnam Pdomain,86,90,TVTNL,546.3013,fucose,600,0.86,0.02
Vietnam Pdomain,86,90,TVTNL,546.3013,fucose,3600,1.11,0.02
Vietnam Pdomain,86,90,TVTNL,546.3013,fucose,28800,1.18,
Vietnam Pdomain,144,158,TYSPKFTPKLGNIQF,1739.9246,unbound,60,1.48,0.1
Vietnam Pdomain,144,158,TYSPKFTPKLGNIQF,1739.9246,unbound,600,1.97,0.02
Vietnam Pdomain,144,158,TYSPKFTPKLGNIQF,1739.9246,unbound,3600,2.43,0
Vietnam Pdomain,144,158,TYSPKFTPKLGNIQF,1739.9246,unbound,28800,2.85,0.15
Vietnam Pdomain,144,158,TYSPKFTPKLGNIQF,1739.9246,fucose,60,1.26,0.05
Vietnam Pdomain,144,158,TYSPKFTPKLGNIQF,1739.9246,fucose,600,1.82,0.08
Vietnam Pdomain,144,158,TYSPKFTPKLGNIQF,1739.9246,fucose,3600,2.29,0.01
Vietnam Pdomain,144,158,TYSPKFTPKLGNIQF,1739.9246,fucose,28800,2.52,
Vietnam Pdomain,260,275,VALVRYVNPETGRTLF,1834.0101,unbound,60,3.22,0.08
Vietnam Pdomain,260,275,VALVRYVNPETGRTLF,1834.0101,unbound,600,3.88,0.05
Vietnam Pdomain,260,275,VALVRYVNPETGRTLF,1834.0101,unbound,3600,4.26,0
Vietnam Pdomain,260,275,VALVRYVNPETGRTLF,1834.0101,unbound,28800,5.75,0.22
Vietnam Pdomain,260,275,VALVRYVNPETGRTLF,1834.0101,fucose,60,2.86,0.04
Vietnam Pdomain,260,275,VALVRYVNPETGRTLF,1834.0101,fucose,600,3.45,0.12
Vietnam Pdomain,260,275,VALVRYVNPETGRTLF,1834.0101,fucose,3600,4.05,0.06
Vietnam Pdomain,260,275,VALVRYVNPETGRTLF,1834.0101,fucose,28800,5.08,
Vietnam Pdomain,117,139,VISQRNTNTVPGEGNLPANRAHE,2473.2422,unbound,60,6.38,0.18
Vietnam Pdomain,117,139,VISQRNTNTVPGEGNLPANRAHE,2473.2422,unbound,600,7.64,0.09
Vietnam Pdomain,117,139,VISQRNTNTVPGEGNLPANRAHE,2473.2422,unbound,3600,8.1,0.13
Vietnam Pdomain,117,139,VISQRNTNTVPGEGNLPANRAHE,2473.2422,unbound,28800,9.04,0.45
Vietnam Pdomain,117,139,VISQRNTNTVPGEGNLPANRAHE,2473.2422,fucose,60,5.46,0.15
Vietnam Pdomain,117,139,VISQRNTNTVPGEGNLPANRAHE,2473.2422,fucose,600,6.59,0.12
Vietnam Pdomain,117,139,VISQRNTNTVPGEGNLPANRAHE,2473.2422,fucose,3600,7.16,0.08
Vietnam Pdomain,117,139,VISQRNTNTVPGEGNLPANRAHE,2473.2422,fucose,28800,7.16,
Vietnam Pdomain,117,141,VISQRNTNTVPGEGNLPANRAHEAV,2643.3477,unbound,60,6.63,0.1
Vietnam Pdomain,117,141,VISQRNTNTVPGEGNLPANRAHEAV,2643.3477,unbound,600,7.61,0.12
Vietnam Pdomain,117,141,VISQRNTNTVPGEGNLPANRAHEAV,2643.3477,unbound,3600,8.02,0.01
Vietnam Pdomain,117,141,VISQRNTNTVPGEGNLPANRAHEAV,2643.3477,unbound,28800,8.87,0.3
Vietnam Pdomain,117,141,VISQRNTNTVPGEGNLPANRAHEAV,2643.3477,fucose,60,6.28,0.17
Vietnam Pdomain,117,141,VISQRNTNTVPGEGNLPANRAHEAV,2643.3477,fucose,600,7.28,0.21
Vietnam Pdomain,117,141,VISQRNTNTVPGEGNLPANRAHEAV,2643.3477,fucose,3600,7.84,0.19
Vietnam Pdomain,117,141,VISQRNTNTVPGEGNLPANRAHEAV,2643.3477,fucose,28800,7.53,
Vietnam Pdomain,309,312,VNQF,506.2489,unbound,60,0.99,0.03
Vietnam Pdomain,309,312,VNQF,506.2489,unbound,600,1.02,0.01
Vietnam Pdomain,309,312,VNQF,506.2489,unbound,3600,0.98,0.01
Vietnam Pdomain,309,312,VNQF,506.2489,unbound,28800,1.06,0.02
Vietnam Pdomain,309,312,VNQF,506.2489,fucose,60,0.84,0.03
Vietnam Pdomain,309,312,VNQF,506.2489,fucose,600,0.89,0.02
Vietnam Pdomain,309,312,VNQF,506.2489,fucose,3600,0.87,0.01
Vietnam Pdomain,309,312,VNQF,506.2489,fucose,28800,0.88,
Vietnam Pdomain,246,257,VQHLYQESAPSL,1370.683,unbound,60,1.8,0.21
Vietnam Pdomain,246,257,VQHLYQESAPSL,1370.683,unbound,600,2.44,0.06
Vietnam Pdomain,246,257,VQHLYQESAPSL,1370.683,unbound,3600,2.51,0.24
Vietnam Pdomain,246,257,VQHLYQESAPSL,1370.683,unbound,28800,3.01,0.18
Vietnam Pdomain,246,257,VQHLYQESAPSL,1370.683,fucose,60,1.62,0.12
Vietnam Pdomain,246,257,VQHLYQESAPSL,1370.683,fucose,600,2.25,0.12
Vietnam Pdomain,246,257,VQHLYQESAPSL,1370.683,fucose,3600,2.5,0.15
Vietnam Pdomain,246,257,VQHLYQESAPSL,1370.683,fucose,28800,2.38,
Vietnam Pdomain,246,259,VQHLYQESAPSLSD,1572.742,unbound,60,2.76,0.06
Vietnam Pdomain,246,259,VQHLYQESAPSLSD,1572.742,unbound,600,3.61,0.04
Vietnam Pdomain,246,259,VQHLYQESAPSLSD,1572.742,unbound,3600,3.76,0.03
Vietnam Pdomain,246,259,VQHLYQESAPSLSD,1572.742,unbound,28800,4.04,0.19
Vietnam Pdomain,246,259,VQHLYQESAPSLSD,1572.742,fucose,60,2.57,0.01
Vietnam Pdomain,246,259,VQHLYQESAPSLSD,1572.742,fucose,600,3.29,0.09
Vietnam Pdomain,246,259,VQHLYQESAPSLSD,1572.742,fucose,3600,3.51,0.03
Vietnam Pdomain,246,259,VQHLYQESAPSLSD,1572.742,fucose,28800,3.62,
Vietnam Pdomain,246,262,VQHLYQESAPSLSDVAL,1855.9316,unbound,60,2.99,0.11
Vietnam Pdomain,246,262,VQHLYQESAPSLSDVAL,1855.9316,unbound,600,3.9,0.06
Vietnam Pdomain,246,262,VQHLYQESAPSLSDVAL,1855.9316,unbound,3600,4.25,0.07
Vietnam Pdomain,246,262,VQHLYQESAPSLSDVAL,1855.9316,unbound,28800,5.07,0.26
Vietnam Pdomain,246,262,VQHLYQESAPSLSDVAL,1855.9316,fucose,60,2.68,0.1
Vietnam Pdomain,246,262,VQHLYQESAPSLSDVAL,1855.9316,fucose,600,3.5,0.13
Vietnam Pdomain,246,262,VQHLYQESAPSLSDVAL,1855.9316,fucose,3600,3.94,0.09
Vietnam Pdomain,246,262,VQHLYQESAPSLSDVAL,1855.9316,fucose,28800,4.36,
Vietnam Pdomain,263,275,VRYVNPETGRTLF,1550.8205,unbound,60,2.94,0.05
Vietnam Pdomain,263,275,VRYVNPETGRTLF,1550.8205,unbound,600,3.58,0.02
Vietnam Pdomain,263,275,VRYVNPETGRTLF,1550.8205,unbound,3600,4.03,0
Vietnam Pdomain,263,275,VRYVNPETGRTLF,1550.8205,unbound,28800,5.39,0.2
Vietnam Pdomain,263,275,VRYVNPETGRTLF,1550.8205,fucose,60,2.67,0.03
Vietnam Pdomain,263,275,VRYVNPETGRTLF,1550.8205,fucose,600,3.29,0.1
Vietnam Pdomain,263,275,VRYVNPETGRTLF,1550.8205,fucose,3600,3.79,0.03
Vietnam Pdomain,263,275,VRYVNPETGRTLF,1550.8205,fucose,28800,4.78,
Vietnam Pdomain,263,276,VRYVNPETGRTLFE,1679.8631,unbound,60,2.92,0.06
Vietnam Pdomain,263,276,VRYVNPETGRTLFE,1679.8631,unbound,600,3.55,0.02
Vietnam Pdomain,263,276,VRYVNPETGRTLFE,1679.8631,unbound,3600,4.17,0.02
Vietnam Pdomain,263,276,VRYVNPETGRTLFE,1679.8631,unbound,28800,5.89,0.19
Vietnam Pdomain,263,276,VRYVNPETGRTLFE,1679.8631,fucose,60,2.6,0.04
Vietnam Pdomain,263,276,VRYVNPETGRTLFE,1679.8631,fucose,600,3.27,0.09
Vietnam Pdomain,263,276,VRYVNPETGRTLFE,1679.8631,fucose,3600,3.87,0.01
Vietnam Pdomain,263,276,VRYVNPETGRTLFE,1679.8631,fucose,28800,5.11,
Vietnam Pdomain,263,284,VRYVNPETGRTLFEAKLHRNGF,2603.3721,unbound,60,3.79,0.13
Vietnam Pdomain,263,284,VRYVNPETGRTLFEAKLHRNGF,2603.3721,unbound,600,4.51,0
Vietnam Pdomain,263,284,VRYVNPETGRTLFEAKLHRNGF,2603.3721,unbound,3600,5.14,0.01
Vietnam Pdomain,263,284,VRYVNPETGRTLFEAKLHRNGF,2603.3721,unbound,28800,6.96,0.22
Vietnam Pdomain,263,284,VRYVNPETGRTLFEAKLHRNGF,2603.3721,fucose,60,3.35,0.11
Vietnam Pdomain,263,284,VRYVNPETGRTLFEAKLHRNGF,2603.3721,fucose,600,4.11,0.15
Vietnam Pdomain,263,284,VRYVNPETGRTLFEAKLHRNGF,2603.3721,fucose,3600,4.75,0.06
Vietnam Pdomain,263,284,VRYVNPETGRTLFEAKLHRNGF,2603.3721,fucose,28800,6.17,
Vietnam Pdomain,263,285,VRYVNPETGRTLFEAKLHRNGFL,2716.4561,unbound,60,3.69,0.16
Vietnam Pdomain,263,285,VRYVNPETGRTLFEAKLHRNGFL,2716.4561,unbound,600,4.39,0.01
Vietnam Pdomain,263,285,VRYVNPETGRTLFEAKLHRNGFL,2716.4561,unbound,3600,4.96,0.03
Vietnam Pdomain,263,285,VRYVNPETGRTLFEAKLHRNGFL,2716.4561,unbound,28800,6.86,0.25
Vietnam Pdomain,263,285,VRYVNPETGRTLFEAKLHRNGFL,2716.4561,fucose,60,3.21,0.07
Vietnam Pdomain,263,285,VRYVNPETGRTLFEAKLHRNGFL,2716.4561,fucose,600,3.9,0.25
Vietnam Pdomain,263,285,VRYVNPETGRTLFEAKLHRNGFL,2716.4561,fucose,3600,4.65,0.1
Vietnam Pdomain,263,285,VRYVNPETGRTLFEAKLHRNGFL,2716.4561,fucose,28800,5.92,
Vietnam Pdomain,166,179,VSSGQPTKFTPVGL,1416.7613,unbound,60,1.38,0.07
Vietnam Pdomain,166,179,VSSGQPTKFTPVGL,1416.7613,unbound,600,1.61,0.05
Vietnam Pdomain,166,179,VSSGQPTKFTPVGL,1416.7613,unbound,3600,1.6,0.02
Vietnam Pdomain,166,179,VSSGQPTKFTPVGL,1416.7613,unbound,28800,1.91,0.15
Vietnam Pdomain,166,179,VSSGQPTKFTPVGL,1416.7613,fucose,60,1.1,0.05
Vietnam Pdomain,166,179,VSSGQPTKFTPVGL,1416.7613,fucose,600,1.36,0.04
Vietnam Pdomain,166,179,VSSGQPTKFTPVGL,1416.7613,fucose,3600,1.48,0.04
Vietnam Pdomain,166,179,VSSGQPTKFTPVGL,1416.7613,fucose,28800,1.44,
Vietnam Pdomain,191,199,WTLPSYSGA,980.4603,unbound,60,1.03,0.03
Vietnam Pdomain,191,199,WTLPSYSGA,980.4603,unbound,600,2.53,0.01
Vietnam Pdomain,191,199,WTLPSYSGA,980.4603,unbound,3600,3.17,0
Vietnam Pdomain,191,199,WTLPSYSGA,980.4603,unbound,28800,3.31,0.1
Vietnam Pdomain,191,199,WTLPSYSGA,980.4603,fucose,60,0.95,0.02
Vietnam Pdomain,191,199,WTLPSYSGA,980.4603,fucose,600,2.42,0.07
Vietnam Pdomain,191,199,WTLPSYSGA,980.4603,fucose,3600,3.04,0.07
Vietnam Pdomain,191,199,WTLPSYSGA,980.4603,fucose,28800,2.94,
Vietnam Pdomain,308,312,WVNQF,692.3282,unbound,60,1.83,0.07
Vietnam Pdomain,308,312,WVNQF,692.3282,unbound,600,1.88,0.05
Vietnam Pdomain,308,312,WVNQF,692.3282,unbound,3600,1.82,0.01
Vietnam Pdomain,308,312,WVNQF,692.3282,unbound,28800,1.98,0.04
Vietnam Pdomain,308,312,WVNQF,692.3282,fucose,60,1.63,0.03
Vietnam Pdomain,308,312,WVNQF,692.3282,fucose,600,1.67,0.06
Vietnam Pdomain,308,312,WVNQF,692.3282,fucose,3600,1.68,0.02
Vietnam Pdomain,308,312,WVNQF,692.3282,fucose,28800,1.73,
Vietnam Pdomain,245,249,WVQHL,681.3598,unbound,60,0.09,0.02
Vietnam Pdomain,245,249,WVQHL,681.3598,unbound,600,0.07,0
Vietnam Pdomain,245,249,WVQHL,681.3598,unbound,3600,0.06,0
Vietnam Pdomain,245,249,WVQHL,681.3598,unbound,28800,0.08,0.01
Vietnam Pdomain,245,249,WVQHL,681.3598,fucose,60,0.06,0.01
Vietnam Pdomain,245,249,WVQHL,681.3598,fucose,600,0.07,0.01
Vietnam Pdomain,245,249,WVQHL,681.3598,fucose,3600,0.05,0.01
Vietnam Pdomain,245,249,WVQHL,681.3598,fucose,28800,0.05,
Vietnam Pdomain,245,251,WVQHLYQ,972.4817,unbound,60,0.14,0.07
Vietnam Pdomain,245,251,WVQHLYQ,972.4817,unbound,600,0.15,0.04
Vietnam Pdomain,245,251,WVQHLYQ,972.4817,unbound,3600,0.16,0.03
Vietnam Pdomain,245,251,WVQHLYQ,972.4817,unbound,28800,0.15,0.01
Vietnam Pdomain,245,251,WVQHLYQ,972.4817,fucose,60,0.12,0.04
Vietnam Pdomain,245,251,WVQHLYQ,972.4817,fucose,600,0.14,0.05
Vietnam Pdomain,245,251,WVQHLYQ,972.4817,fucose,3600,0.08,0.02
Vietnam Pdomain,245,251,WVQHLYQ,972.4817,fucose,28800,0.01,
Vietnam Pdomain,245,257,WVQHLYQESAPSL,1556.7623,unbound,60,1.93,0.06
Vietnam Pdomain,245,257,WVQHLYQESAPSL,1556.7623,unbound,600,2.62,0
Vietnam Pdomain,245,257,WVQHLYQESAPSL,1556.7623,unbound,3600,2.81,0.02
Vietnam Pdomain,245,257,WVQHLYQESAPSL,1556.7623,unbound,28800,3.15,0.1
Vietnam Pdomain,245,257,WVQHLYQESAPSL,1556.7623,fucose,60,1.65,0.04
Vietnam Pdomain,245,257,WVQHLYQESAPSL,1556.7623,fucose,600,2.27,0.12
Vietnam Pdomain,245,257,WVQHLYQESAPSL,1556.7623,fucose,3600,2.48,0.07
Vietnam Pdomain,245,257,WVQHLYQESAPSL,1556.7623,fucose,28800,2.68,
Vietnam Pdomain,245,259,WVQHLYQESAPSLSD,1758.8213,unbound,60,2.81,0.06
Vietnam Pdomain,245,259,WVQHLYQESAPSLSD,1758.8213,unbound,600,3.68,0.04
Vietnam Pdomain,245,259,WVQHLYQESAPSLSD,1758.8213,unbound,3600,3.82,0.02
Vietnam Pdomain,245,259,WVQHLYQESAPSLSD,1758.8213,unbound,28800,4.07,0.22
Vietnam Pdomain,245,259,WVQHLYQESAPSLSD,1758.8213,fucose,60,2.64,0.02
Vietnam Pdomain,245,259,WVQHLYQESAPSLSD,1758.8213,fucose,600,3.4,0.08
Vietnam Pdomain,245,259,WVQHLYQESAPSLSD,1758.8213,fucose,3600,3.64,0.03
Vietnam Pdomain,245,259,WVQHLYQESAPSLSD,1758.8213,fucose,28800,3.72,
Vietnam Pdomain,245,261,WVQHLYQESAPSLSDVA,1928.9268,unbound,60,2.89,0.08
Vietnam Pdomain,245,261,WVQHLYQESAPSLSDVA,1928.9268,unbound,600,3.82,0.04
Vietnam Pdomain,245,261,WVQHLYQESAPSLSDVA,1928.9268,unbound,3600,4.17,0.03
Vietnam Pdomain,245,261,WVQHLYQESAPSLSDVA,1928.9268,unbound,28800,4.85,0.21
Vietnam Pdomain,245,261,WVQHLYQESAPSLSDVA,1928.9268,fucose,60,2.64,0.07
Vietnam Pdomain,245,261,WVQHLYQESAPSLSDVA,1928.9268,fucose,600,3.44,0.12
Vietnam Pdomain,245,261,WVQHLYQESAPSLSDVA,1928.9268,fucose,3600,3.86,0.05
Vietnam Pdomain,245,261,WVQHLYQESAPSLSDVA,1928.9268,fucose,28800,4.47,
Vietnam Pdomain,245,262,WVQHLYQESAPSLSDVAL,2042.0109,unbound,60,3.01,0.08
Vietnam Pdomain,245,262,WVQHLYQESAPSLSDVAL,2042.0109,unbound,600,3.97,0.06
Vietnam Pdomain,245,262,WVQHLYQESAPSLSDVAL,2042.0109,unbound,3600,4.31,0.01
Vietnam Pdomain,245,262,WVQHLYQESAPSLSDVAL,2042.0109,unbound,28800,5.01,0.25
Vietnam Pdomain,245,262,WVQHLYQESAPSLSDVAL,2042.0109,fucose,60,2.75,0.01
Vietnam Pdomain,245,262,WVQHLYQESAPSLSDVAL,2042.0109,fucose,600,3.6,0.1
Vietnam Pdomain,245,262,WVQHLYQESAPSLSDVAL,2042.0109,fucose,3600,4.05,0.03
Vietnam Pdomain,245,262,WVQHLYQESAPSLSDVAL,2042.0109,fucose,28800,4.51,
Vietnam Pdomain,302,305,YFRF,631.3118,unbound,60,0.65,0.02
Vietnam Pdomain,302,305,YFRF,631.3118,unbound,600,0.66,0.02
Vietnam Pdomain,302,305,YFRF,631.3118,unbound,3600,0.61,0
Vietnam Pdomain,302,305,YFRF,631.3118,unbound,28800,0.75,0.16
Vietnam Pdomain,302,305,YFRF,631.3118,fucose,60,0.55,0.01
Vietnam Pdomain,302,305,YFRF,631.3118,fucose,600,0.58,0.02
Vietnam Pdomain,302,305,YFRF,631.3118,fucose,3600,0.59,0.01
Vietnam Pdomain,302,305,YFRF,631.3118,fucose,28800,0.58,
Vietnam Pdomain,302,307,YFRFDS,833.3708,unbound,60,0.73,0.02
Vietnam Pdomain,302,307,YFRFDS,833.3708,unbound,600,0.78,0.02
Vietnam Pdomain,302,307,YFRFDS,833.3708,unbound,3600,0.79,0.01
Vietnam Pdomain,302,307,YFRFDS,833.3708,unbound,28800,1.26,0.07
Vietnam Pdomain,302,307,YFRFDS,833.3708,fucose,60,0.65,0.15
Vietnam Pdomain,302,307,YFRFDS,833.3708,fucose,600,0.67,0.12
Vietnam Pdomain,302,307,YFRFDS,833.3708,fucose,3600,0.7,0.13
Vietnam Pdomain,302,307,YFRFDS,833.3708,fucose,28800,1.18,
Vietnam Pdomain,302,308,YFRFDSW,1019.4501,unbound,60,1.46,0.02
Vietnam Pdomain,302,308,YFRFDSW,1019.4501,unbound,600,1.51,0.01
Vietnam Pdomain,302,308,YFRFDSW,1019.4501,unbound,3600,1.61,0.02
Vietnam Pdomain,302,308,YFRFDSW,1019.4501,unbound,28800,2.01,0.08
Vietnam Pdomain,302,308,YFRFDSW,1019.4501,fucose,60,1.32,0.04
Vietnam Pdomain,302,308,YFRFDSW,1019.4501,fucose,600,1.37,0.08
Vietnam Pdomain,302,308,YFRFDSW,1019.4501,fucose,3600,1.47,0.02
Vietnam Pdomain,302,308,YFRFDSW,1019.4501,fucose,28800,1.78,
Vietnam Pdomain,302,312,YFRFDSWVNQF,1507.6884,unbound,60,3.48,0.06
Vietnam Pdomain,302,312,YFRFDSWVNQF,1507.6884,unbound,600,3.57,0.03
Vietnam Pdomain,302,312,YFRFDSWVNQF,1507.6884,unbound,3600,3.55,0.02
Vietnam Pdomain,302,312,YFRFDSWVNQF,1507.6884,unbound,28800,4.1,0.09
Vietnam Pdomain,302,312,YFRFDSWVNQF,1507.6884,fucose,60,3.15,0.12
Vietnam Pdomain,302,312,YFRFDSWVNQF,1507.6884,fucose,600,3.21,0.13
Vietnam Pdomain,302,312,YFRFDSWVNQF,1507.6884,fucose,3600,3.36,0.04
Vietnam Pdomain,302,312,YFRFDSWVNQF,1507.6884,fucose,28800,3.58,
Vietnam Pdomain,250,259,YQESAPSLSD,1095.472,unbound,60,2.51,0.06
Vietnam Pdomain,250,259,YQESAPSLSD,1095.472,unbound,600,3.42,0.04
Vietnam Pdomain,250,259,YQESAPSLSD,1095.472,unbound,3600,3.52,0.01
Vietnam Pdomain,250,259,YQESAPSLSD,1095.472,unbound,28800,3.88,0.1
Vietnam Pdomain,250,259,YQESAPSLSD,1095.472,fucose,60,2.34,0.02
Vietnam Pdomain,250,259,YQESAPSLSD,1095.472,fucose,600,3.08,0.08
Vietnam Pdomain,250,259,YQESAPSLSD,1095.472,fucose,3600,3.26,0.02
Vietnam Pdomain,250,259,YQESAPSLSD,1095.472,fucose,28800,3.35,
Vietnam Pdomain,145,158,YSPKFTPKLGNIQF,1638.877,unbound,60,1.37,0.1
Vietnam Pdomain,145,158,YSPKFTPKLGNIQF,1638.877,unbound,600,1.68,0.01
Vietnam Pdomain,145,158,YSPKFTPKLGNIQF,1638.877,unbound,3600,1.88,0
Vietnam Pdomain,145,158,YSPKFTPKLGNIQF,1638.877,unbound,28800,2.29,0.13
Vietnam Pdomain,145,158,YSPKFTPKLGNIQF,1638.877,fucose,60,1.17,0.04
Vietnam Pdomain,145,158,YSPKFTPKLGNIQF,1638.877,fucose,600,1.57,0.05
Vietnam Pdomain,145,158,YSPKFTPKLGNIQF,1638.877,fucose,3600,1.8,0.01
Vietnam Pdomain,145,158,YSPKFTPKLGNIQF,1638.877,fucose,28800,2.05,
Vietnam Pdomain,145,161,YSPKFTPKLGNIQFSTW,2013.036,unbound,60,2.13,0.15
Vietnam Pdomain,145,161,YSPKFTPKLGNIQFSTW,2013.036,unbound,600,2.91,0.1
Vietnam Pdomain,145,161,YSPKFTPKLGNIQFSTW,2013.036,unbound,3600,3.23,0.16
Vietnam Pdomain,145,161,YSPKFTPKLGNIQFSTW,2013.036,unbound,28800,3.82,0.16
Vietnam Pdomain,145,161,YSPKFTPKLGNIQFSTW,2013.036,fucose,60,1.56,0.11
Vietnam Pdomain,145,161,YSPKFTPKLGNIQFSTW,2013.036,fucose,600,2.2,0.24
Vietnam Pdomain,145,161,YSPKFTPKLGNIQFSTW,2013.036,fucose,3600,2.88,0.29
Vietnam Pdomain,145,161,YSPKFTPKLGNIQFSTW,2013.036,fucose,28800,3.38,
Vietnam Pdomain,313,318,YTLAPM,694.336,unbound,60,0.44,0.05
Vietnam Pdomain,313,318,YTLAPM,694.336,unbound,600,0.71,0
Vietnam Pdomain,313,318,YTLAPM,694.336,unbound,3600,1.46,0.03
Vietnam Pdomain,313,318,YTLAPM,694.336,unbound,28800,1.97,0.05
Vietnam Pdomain,313,318,YTLAPM,694.336,fucose,60,0.36,0.03
Vietnam Pdomain,313,318,YTLAPM,694.336,fucose,600,0.69,0.03
Vietnam Pdomain,313,318,YTLAPM,694.336,fucose,3600,1.38,0.01
Vietnam Pdomain,313,318,YTLAPM,694.336,fucose,28800,1.77,
Vietnam Pdomain,30,37,YTNPNESA,894.3719,unbound,60,2.44,0.06
Vietnam Pdomain,30,37,YTNPNESA,894.3719,unbound,600,2.84,0.03
Vietnam Pdomain,30,37,YTNPNESA,894.3719,unbound,3600,2.8,0.01
Vietnam Pdomain,30,37,YTNPNESA,894.3719,unbound,28800,2.92,0.12
Vietnam Pdomain,30,37,YTNPNESA,894.3719,fucose,60,2.21,0.03
Vietnam Pdomain,30,37,YTNPNESA,894.3719,fucose,600,2.59,0.07
Vietnam Pdomain,30,37,YTNPNESA,894.3719,fucose,3600,2.64,0.03
Vietnam Pdomain,30,37,YTNPNESA,894.3719,fucose,28800,2.58,
Vietnam Pdomain,30,38,YTNPNESAI,1007.456,unbound,60,2.39,0.1
Vietnam Pdomain,30,38,YTNPNESAI,1007.456,unbound,600,2.83,0.05
Vietnam Pdomain,30,38,YTNPNESAI,1007.456,unbound,3600,2.8,0.01
Vietnam Pdomain,30,38,YTNPNESAI,1007.456,unbound,28800,3.21,0.08
Vietnam Pdomain,30,38,YTNPNESAI,1007.456,fucose,60,2.09,0.13
Vietnam Pdomain,30,38,YTNPNESAI,1007.456,fucose,600,2.39,0.01
Vietnam Pdomain,30,38,YTNPNESAI,1007.456,fucose,3600,2.63,0.12
Vietnam Pdomain,30,38,YTNPNESAI,1007.456,fucose,28800,2.82,