Protein,Start,End,Sequence,Peptide mass (Da),State,Exposure,Uptake,Uptake SD,,
Kawasaki Pdomain,1,9,GPGSKPFSL,888.4705,unbound,60,2.83,0.04,,
Kawasaki Pdomain,1,12,GPGSKPFSLPIL,1211.6914,unbound,60,3.41,0.05,,
Kawasaki Pdomain,1,13,GPGSKPFSLPILT,1312.7391,unbound,60,3.52,0.05,,
Kawasaki Pdomain,1,14,GPGSKPFSLPILTL,1425.8231,unbound,60,3.68,0.05,,
Kawasaki Pdomain,1,16,GPGSKPFSLPILTLSE,1641.8978,unbound,60,4.08,0.03,,
Kawasaki Pdomain,3,14,GSKPFSLPILTL,1271.7489,unbound,60,3.01,0.08,,
Kawasaki Pdomain,13,29,TLSELTNSRFPVPIDSL,1887.9942,unbound,60,1.42,0.05,,
Kawasaki Pdomain,14,29,LSELTNSRFPVPIDSL,1786.9465,unbound,60,1.1,0.04,,
Kawasaki Pdomain,14,30,LSELTNSRFPVPIDSLF,1934.0149,unbound,60,1.06,0.05,,
Kawasaki Pdomain,15,29,SELTNSRFPVPIDSL,1673.8624,unbound,60,1.09,0.05,,
Kawasaki Pdomain,15,30,SELTNSRFPVPIDSLF,1820.9309,unbound,60,1.1,0.04,,
Kawasaki Pdomain,17,29,LTNSRFPVPIDSL,1457.7878,unbound,60,0.91,0.06,,
Kawasaki Pdomain,18,29,TNSRFPVPIDSL,1344.7038,unbound,60,1.17,0.07,,
Kawasaki Pdomain,30,37,FTAQNNVL,905.4607,unbound,60,2.88,0.02,,
Kawasaki Pdomain,30,48,FTAQNNVLQVQCQNGRCTL,2136.0204,unbound,60,4.87,0.07,,
Kawasaki Pdomain,31,48,TAQNNVLQVQCQNGRCTL,1988.952,unbound,60,4.71,0.03,,
Kawasaki Pdomain,35,48,NVLQVQCQNGRCTL,1574.7657,unbound,60,2.44,0.03,,
Kawasaki Pdomain,38,48,QVQCQNGRCTL,1248.5703,unbound,60,1.08,0.04,,
Kawasaki Pdomain,38,52,QVQCQNGRCTLDGEL,1662.7454,unbound,60,1.35,0.05,,
Kawasaki Pdomain,38,58,QVQCQNGRCTLDGELQGTTQL,2291.0634,unbound,60,2.17,0.08,,
Kawasaki Pdomain,49,58,DGELQGTTQL,1060.5037,unbound,60,0.89,0.03,,
Kawasaki Pdomain,49,64,DGELQGTTQLLPTGIC,1644.8029,unbound,60,1.19,0.04,,
Kawasaki Pdomain,49,65,DGELQGTTQLLPTGICA,1715.84,unbound,60,1.46,0.1,,
Kawasaki Pdomain,49,66,DGELQGTTQLLPTGICAF,1862.9084,unbound,60,1.4,0.05,,
Kawasaki Pdomain,53,65,QGTTQLLPTGICA,1301.6649,unbound,60,0.8,0.05,,
Kawasaki Pdomain,66,84,FRGRVTAQINQRDRWHMQL,2411.2505,unbound,60,3.3,0.08,,
Kawasaki Pdomain,67,84,RGRVTAQINQRDRWHMQL,2264.1821,unbound,60,3.18,0.07,,
Kawasaki Pdomain,85,109,QNLNGTTYDPTDDVPAPLGTPDFKG,2632.2293,unbound,60,4.4,0.08,,
Kawasaki Pdomain,88,107,NGTTYDPTDDVPAPLGTPDF,2091.9273,unbound,60,2.61,0.1,,
Kawasaki Pdomain,88,109,NGTTYDPTDDVPAPLGTPDFKG,2277.0437,unbound,60,3.15,0.07,,
Kawasaki Pdomain,88,112,NGTTYDPTDDVPAPLGTPDFKGVVF,2622.249,unbound,60,3.31,0.07,,
Kawasaki Pdomain,90,112,TTYDPTDDVPAPLGTPDFKGVVF,2451.1846,unbound,60,2.62,0.05,,
Kawasaki Pdomain,110,133,VVFGMVSQRNVGNDAPGSTRAQQA,2488.2241,unbound,60,4.05,0.1,,
Kawasaki Pdomain,110,134,VVFGMVSQRNVGNDAPGSTRAQQAW,2674.3034,unbound,60,3.92,0.16,,
Kawasaki Pdomain,113,133,GMVSQRNVGNDAPGSTRAQQA,2143.0189,unbound,60,3.99,0.09,,
Kawasaki Pdomain,113,134,GMVSQRNVGNDAPGSTRAQQAW,2329.0982,unbound,60,3.86,0.1,,
Kawasaki Pdomain,113,137,GMVSQRNVGNDAPGSTRAQQAWVST,2616.2463,unbound,60,4.56,0.11,,
Kawasaki Pdomain,114,133,MVSQRNVGNDAPGSTRAQQA,2085.9974,unbound,60,3.81,0.07,,
Kawasaki Pdomain,114,134,MVSQRNVGNDAPGSTRAQQAW,2272.0767,unbound,60,3.75,0.1,,
Kawasaki Pdomain,134,146,WVSTYSPQFVPKL,1550.8133,unbound,60,2.79,0.03,,
Kawasaki Pdomain,134,148,WVSTYSPQFVPKLGS,1694.8668,unbound,60,1.2,0.06,,
Kawasaki Pdomain,134,150,WVSTYSPQFVPKLGSVN,1907.9781,unbound,60,1.58,0.04,,
Kawasaki Pdomain,134,151,WVSTYSPQFVPKLGSVNL,2021.0622,unbound,60,1.6,0.04,,
Kawasaki Pdomain,134,158,WVSTYSPQFVPKLGSVNLRISDNDD,2836.4032,unbound,60,2.65,0.13,,
Kawasaki Pdomain,135,150,VSTYSPQFVPKLGSVN,1721.8988,unbound,60,1.18,0.02,,
Kawasaki Pdomain,135,151,VSTYSPQFVPKLGSVNL,1834.9829,unbound,60,1.19,0.03,,
Kawasaki Pdomain,138,150,YSPQFVPKLGSVN,1434.7507,unbound,60,1.03,0.03,,
Kawasaki Pdomain,138,151,YSPQFVPKLGSVNL,1547.8348,unbound,60,1.07,0.03,,
Kawasaki Pdomain,143,150,VPKLGSVN,812.4756,unbound,60,0.66,0.04,,
Kawasaki Pdomain,143,151,VPKLGSVNL,925.5597,unbound,60,0.7,0.04,,
Kawasaki Pdomain,151,158,LRISDNDD,946.4356,unbound,60,1.24,0.03,,
Kawasaki Pdomain,151,159,LRISDNDDF,1093.504,unbound,60,1.32,0.04,,
Kawasaki Pdomain,152,159,RISDNDDF,980.4199,unbound,60,1.18,0.04,,
Kawasaki Pdomain,159,166,FQFQPTKF,1041.5284,unbound,60,1.02,0.06,,
Kawasaki Pdomain,160,182,QFQPTKFTPVGVNDDDDGHPFRQ,2644.2306,unbound,60,2.59,0.11,,
Kawasaki Pdomain,183,191,WELPNYSGE,1093.4716,unbound,60,0.99,0.04,,
Kawasaki Pdomain,195,211,NMNLAPPVAPNFPGEQL,1807.8927,unbound,60,3.08,0.22,,
Kawasaki Pdomain,195,213,NMNLAPPVAPNFPGEQLLF,2068.0452,unbound,60,3.34,0.04,,
Kawasaki Pdomain,197,210,NLAPPVAPNFPGEQ,1449.7252,unbound,60,1.39,0.05,,
Kawasaki Pdomain,197,212,NLAPPVAPNFPGEQLL,1675.8933,unbound,60,2.66,0.05,,
Kawasaki Pdomain,197,213,NLAPPVAPNFPGEQLLF,1822.9618,unbound,60,2.72,0.04,,
Kawasaki Pdomain,212,230,LFFRSFVPCSGGYNQGIID,2119.0197,unbound,60,3.13,0.03,,
Kawasaki Pdomain,213,230,FFRSFVPCSGGYNQGIID,2005.9356,unbound,60,2.82,0.04,,
Kawasaki Pdomain,214,230,FRSFVPCSGGYNQGIID,1858.8672,unbound,60,2.85,0.04,,
Kawasaki Pdomain,214,232,FRSFVPCSGGYNQGIIDCL,2074.9605,unbound,60,2.85,0.04,,
Kawasaki Pdomain,214,236,FRSFVPCSGGYNQGIIDCLIPQE,2542.1985,unbound,60,2.81,0.12,,
Kawasaki Pdomain,215,230,RSFVPCSGGYNQGIID,1711.7988,unbound,60,2.76,0.07,,
Kawasaki Pdomain,231,241,CLIPQEWIQHF,1412.6911,unbound,60,0.35,0.03,,
Kawasaki Pdomain,231,251,CLIPQEWIQHFYQESAPSQSD,2505.1271,unbound,60,3.05,0.06,,
Kawasaki Pdomain,233,241,IPQEWIQHF,1196.5978,unbound,60,0.39,0.06,,
Kawasaki Pdomain,233,251,IPQEWIQHFYQESAPSQSD,2289.0338,unbound,60,3.22,0.11,,
Kawasaki Pdomain,233,254,IPQEWIQHFYQESAPSQSDVAL,2572.2234,unbound,60,3.4,0.03,,
Kawasaki Pdomain,237,251,WIQHFYQESAPSQSD,1821.7958,unbound,60,2.95,0.05,,
Kawasaki Pdomain,237,253,WIQHFYQESAPSQSDVA,1991.9013,unbound,60,3.16,0.17,,
Kawasaki Pdomain,237,254,WIQHFYQESAPSQSDVAL,2104.9854,unbound,60,3.25,0.05,,
Kawasaki Pdomain,238,250,IQHFYQESAPSQS,1520.6896,unbound,60,2.66,0.01,,
Kawasaki Pdomain,238,251,IQHFYQESAPSQSD,1635.7165,unbound,60,2.94,0.04,,
Kawasaki Pdomain,238,254,IQHFYQESAPSQSDVAL,1918.9061,unbound,60,3.2,0.04,,
Kawasaki Pdomain,242,254,YQESAPSQSDVAL,1393.6361,unbound,60,2.99,0.09,,
Kawasaki Pdomain,255,267,IRYVNPDTGRTLF,1550.8205,unbound,60,2.84,0.03,,
Kawasaki Pdomain,255,268,IRYVNPDTGRTLFE,1679.8631,unbound,60,2.89,0.03,,
Kawasaki Pdomain,255,271,IRYVNPDTGRTLFEAKL,1992.0793,unbound,60,2.98,0.02,,
Kawasaki Pdomain,255,276,IRYVNPDTGRTLFEAKLHRSGY,2592.3561,unbound,60,3.61,0.02,,
Kawasaki Pdomain,268,278,EAKLHRSGYIT,1273.6779,unbound,60,0.87,0.05,,
Kawasaki Pdomain,268,289,EAKLHRSGYITVAHSGDYPLVV,2411.2597,unbound,60,3.31,0.08,,
Kawasaki Pdomain,277,297,ITVAHSGDYPLVVPANGHFRF,2296.1753,unbound,60,4.02,0.09,,
Kawasaki Pdomain,279,300,VAHSGDYPLVVPANGHFRFDSW,2470.1818,unbound,60,4.68,0.09,,
Kawasaki Pdomain,290,300,PANGHFRFDSW,1332.6,unbound,60,2.03,0.05,,
Kawasaki Pdomain,290,304,PANGHFRFDSWVNQF,1820.8383,unbound,60,0.41,0.04,,
Kawasaki Pdomain,1,9,GPGSKPFSL,888.4705,unbound,600,3.13,0.03,,
Kawasaki Pdomain,1,12,GPGSKPFSLPIL,1211.6914,unbound,600,4.37,0.04,,
Kawasaki Pdomain,1,13,GPGSKPFSLPILT,1312.7391,unbound,600,4.52,0.04,,
Kawasaki Pdomain,1,14,GPGSKPFSLPILTL,1425.8231,unbound,600,5.19,0.05,,
Kawasaki Pdomain,1,16,GPGSKPFSLPILTLSE,1641.8978,unbound,600,5.91,0.1,,
Kawasaki Pdomain,3,14,GSKPFSLPILTL,1271.7489,unbound,600,4.61,0.06,,
Kawasaki Pdomain,13,29,TLSELTNSRFPVPIDSL,1887.9942,unbound,600,2,0.03,,
Kawasaki Pdomain,14,29,LSELTNSRFPVPIDSL,1786.9465,unbound,600,1.56,0.06,,
Kawasaki Pdomain,14,30,LSELTNSRFPVPIDSLF,1934.0149,unbound,600,1.54,0.02,,
Kawasaki Pdomain,15,29,SELTNSRFPVPIDSL,1673.8624,unbound,600,1.54,0.05,,
Kawasaki Pdomain,15,30,SELTNSRFPVPIDSLF,1820.9309,unbound,600,1.54,0.04,,
Kawasaki Pdomain,17,29,LTNSRFPVPIDSL,1457.7878,unbound,600,1.38,0.05,,
Kawasaki Pdomain,18,29,TNSRFPVPIDSL,1344.7038,unbound,600,1.66,0.04,,
Kawasaki Pdomain,30,37,FTAQNNVL,905.4607,unbound,600,3.19,0.03,,
Kawasaki Pdomain,30,48,FTAQNNVLQVQCQNGRCTL,2136.0204,unbound,600,5.91,0,,
Kawasaki Pdomain,31,48,TAQNNVLQVQCQNGRCTL,1988.952,unbound,600,5.75,0.08,,
Kawasaki Pdomain,35,48,NVLQVQCQNGRCTL,1574.7657,unbound,600,3.2,0.05,,
Kawasaki Pdomain,38,48,QVQCQNGRCTL,1248.5703,unbound,600,1.33,0.06,,
Kawasaki Pdomain,38,52,QVQCQNGRCTLDGEL,1662.7454,unbound,600,1.75,0.07,,
Kawasaki Pdomain,38,58,QVQCQNGRCTLDGELQGTTQL,2291.0634,unbound,600,2.96,0.09,,
Kawasaki Pdomain,49,58,DGELQGTTQL,1060.5037,unbound,600,1.35,0.02,,
Kawasaki Pdomain,49,64,DGELQGTTQLLPTGIC,1644.8029,unbound,600,1.66,0.04,,
Kawasaki Pdomain,49,65,DGELQGTTQLLPTGICA,1715.84,unbound,600,2.02,0.11,,
Kawasaki Pdomain,49,66,DGELQGTTQLLPTGICAF,1862.9084,unbound,600,1.87,0.05,,
Kawasaki Pdomain,53,65,QGTTQLLPTGICA,1301.6649,unbound,600,1.01,0.05,,
Kawasaki Pdomain,66,84,FRGRVTAQINQRDRWHMQL,2411.2505,unbound,600,4.79,0.06,,
Kawasaki Pdomain,67,84,RGRVTAQINQRDRWHMQL,2264.1821,unbound,600,4.64,0.07,,
Kawasaki Pdomain,85,109,QNLNGTTYDPTDDVPAPLGTPDFKG,2632.2293,unbound,600,6.27,0.09,,
Kawasaki Pdomain,88,107,NGTTYDPTDDVPAPLGTPDF,2091.9273,unbound,600,3.87,0.14,,
Kawasaki Pdomain,88,109,NGTTYDPTDDVPAPLGTPDFKG,2277.0437,unbound,600,4.37,0.04,,
Kawasaki Pdomain,88,112,NGTTYDPTDDVPAPLGTPDFKGVVF,2622.249,unbound,600,4.46,0.08,,
Kawasaki Pdomain,90,112,TTYDPTDDVPAPLGTPDFKGVVF,2451.1846,unbound,600,3.59,0.13,,
Kawasaki Pdomain,110,133,VVFGMVSQRNVGNDAPGSTRAQQA,2488.2241,unbound,600,5.85,0.03,,
Kawasaki Pdomain,110,134,VVFGMVSQRNVGNDAPGSTRAQQAW,2674.3034,unbound,600,5.79,0.12,,
Kawasaki Pdomain,113,133,GMVSQRNVGNDAPGSTRAQQA,2143.0189,unbound,600,5.79,0.02,,
Kawasaki Pdomain,113,134,GMVSQRNVGNDAPGSTRAQQAW,2329.0982,unbound,600,5.66,0.01,,
Kawasaki Pdomain,113,137,GMVSQRNVGNDAPGSTRAQQAWVST,2616.2463,unbound,600,6.56,0.02,,
Kawasaki Pdomain,114,133,MVSQRNVGNDAPGSTRAQQA,2085.9974,unbound,600,5.64,0.03,,
Kawasaki Pdomain,114,134,MVSQRNVGNDAPGSTRAQQAW,2272.0767,unbound,600,5.55,0.04,,
Kawasaki Pdomain,134,146,WVSTYSPQFVPKL,1550.8133,unbound,600,3.35,0.06,,
Kawasaki Pdomain,134,148,WVSTYSPQFVPKLGS,1694.8668,unbound,600,1.83,0.04,,
Kawasaki Pdomain,134,150,WVSTYSPQFVPKLGSVN,1907.9781,unbound,600,2.48,0.04,,
Kawasaki Pdomain,134,151,WVSTYSPQFVPKLGSVNL,2021.0622,unbound,600,2.48,0.04,,
Kawasaki Pdomain,134,158,WVSTYSPQFVPKLGSVNLRISDNDD,2836.4032,unbound,600,4.05,0.1,,
Kawasaki Pdomain,135,150,VSTYSPQFVPKLGSVN,1721.8988,unbound,600,1.9,0.04,,
Kawasaki Pdomain,135,151,VSTYSPQFVPKLGSVNL,1834.9829,unbound,600,1.95,0.03,,
Kawasaki Pdomain,138,150,YSPQFVPKLGSVN,1434.7507,unbound,600,1.61,0.03,,
Kawasaki Pdomain,138,151,YSPQFVPKLGSVNL,1547.8348,unbound,600,1.61,0.05,,
Kawasaki Pdomain,143,150,VPKLGSVN,812.4756,unbound,600,0.83,0.02,,
Kawasaki Pdomain,143,151,VPKLGSVNL,925.5597,unbound,600,0.86,0.04,,
Kawasaki Pdomain,151,158,LRISDNDD,946.4356,unbound,600,1.81,0.02,,
Kawasaki Pdomain,151,159,LRISDNDDF,1093.504,unbound,600,2.19,0.03,,
Kawasaki Pdomain,152,159,RISDNDDF,980.4199,unbound,600,1.98,0.04,,
Kawasaki Pdomain,159,166,FQFQPTKF,1041.5284,unbound,600,1.14,0.14,,
Kawasaki Pdomain,160,182,QFQPTKFTPVGVNDDDDGHPFRQ,2644.2306,unbound,600,3.02,0.1,,
Kawasaki Pdomain,183,191,WELPNYSGE,1093.4716,unbound,600,2.36,0.04,,
Kawasaki Pdomain,195,211,NMNLAPPVAPNFPGEQL,1807.8927,unbound,600,3.84,0.14,,
Kawasaki Pdomain,195,213,NMNLAPPVAPNFPGEQLLF,2068.0452,unbound,600,3.92,0.03,,
Kawasaki Pdomain,197,210,NLAPPVAPNFPGEQ,1449.7252,unbound,600,1.47,0.01,,
Kawasaki Pdomain,197,212,NLAPPVAPNFPGEQLL,1675.8933,unbound,600,2.79,0.01,,
Kawasaki Pdomain,197,213,NLAPPVAPNFPGEQLLF,1822.9618,unbound,600,2.83,0.01,,
Kawasaki Pdomain,212,230,LFFRSFVPCSGGYNQGIID,2119.0197,unbound,600,3.81,0.03,,
Kawasaki Pdomain,213,230,FFRSFVPCSGGYNQGIID,2005.9356,unbound,600,3.56,0.03,,
Kawasaki Pdomain,214,230,FRSFVPCSGGYNQGIID,1858.8672,unbound,600,3.63,0.02,,
Kawasaki Pdomain,214,232,FRSFVPCSGGYNQGIIDCL,2074.9605,unbound,600,3.6,0.03,,
Kawasaki Pdomain,214,236,FRSFVPCSGGYNQGIIDCLIPQE,2542.1985,unbound,600,3.52,0.05,,
Kawasaki Pdomain,215,230,RSFVPCSGGYNQGIID,1711.7988,unbound,600,3.58,0.01,,
Kawasaki Pdomain,231,241,CLIPQEWIQHF,1412.6911,unbound,600,0.36,0.02,,
Kawasaki Pdomain,231,251,CLIPQEWIQHFYQESAPSQSD,2505.1271,unbound,600,3.74,0.04,,
Kawasaki Pdomain,233,241,IPQEWIQHF,1196.5978,unbound,600,0.34,0.08,,
Kawasaki Pdomain,233,251,IPQEWIQHFYQESAPSQSD,2289.0338,unbound,600,3.97,0.07,,
Kawasaki Pdomain,233,254,IPQEWIQHFYQESAPSQSDVAL,2572.2234,unbound,600,4.16,0.02,,
Kawasaki Pdomain,237,251,WIQHFYQESAPSQSD,1821.7958,unbound,600,3.66,0.05,,
Kawasaki Pdomain,237,253,WIQHFYQESAPSQSDVA,1991.9013,unbound,600,4.08,0.08,,
Kawasaki Pdomain,237,254,WIQHFYQESAPSQSDVAL,2104.9854,unbound,600,4.05,0.04,,
Kawasaki Pdomain,238,250,IQHFYQESAPSQS,1520.6896,unbound,600,3.33,0.03,,
Kawasaki Pdomain,238,251,IQHFYQESAPSQSD,1635.7165,unbound,600,3.65,0.05,,
Kawasaki Pdomain,238,254,IQHFYQESAPSQSDVAL,1918.9061,unbound,600,4.03,0.03,,
Kawasaki Pdomain,242,254,YQESAPSQSDVAL,1393.6361,unbound,600,3.82,0.04,,
Kawasaki Pdomain,255,267,IRYVNPDTGRTLF,1550.8205,unbound,600,3.43,0.06,,
Kawasaki Pdomain,255,268,IRYVNPDTGRTLFE,1679.8631,unbound,600,3.48,0.05,,
Kawasaki Pdomain,255,271,IRYVNPDTGRTLFEAKL,1992.0793,unbound,600,3.58,0.05,,
Kawasaki Pdomain,255,276,IRYVNPDTGRTLFEAKLHRSGY,2592.3561,unbound,600,4.39,0.05,,
Kawasaki Pdomain,268,278,EAKLHRSGYIT,1273.6779,unbound,600,1.04,0.02,,
Kawasaki Pdomain,268,289,EAKLHRSGYITVAHSGDYPLVV,2411.2597,unbound,600,4.8,0.06,,
Kawasaki Pdomain,277,297,ITVAHSGDYPLVVPANGHFRF,2296.1753,unbound,600,5.7,0.07,,
Kawasaki Pdomain,279,300,VAHSGDYPLVVPANGHFRFDSW,2470.1818,unbound,600,6.4,0.06,,
Kawasaki Pdomain,290,300,PANGHFRFDSW,1332.6,unbound,600,2.71,0.24,,
Kawasaki Pdomain,290,304,PANGHFRFDSWVNQF,1820.8383,unbound,600,0.46,0.05,,
Kawasaki Pdomain,1,9,GPGSKPFSL,888.4705,unbound,3600,3.16,0.03,,
Kawasaki Pdomain,1,12,GPGSKPFSLPIL,1211.6914,unbound,3600,4.65,0.04,,
Kawasaki Pdomain,1,13,GPGSKPFSLPILT,1312.7391,unbound,3600,4.96,0.05,,
Kawasaki Pdomain,1,14,GPGSKPFSLPILTL,1425.8231,unbound,3600,5.63,0.05,,
Kawasaki Pdomain,1,16,GPGSKPFSLPILTLSE,1641.8978,unbound,3600,6.41,0.06,,
Kawasaki Pdomain,3,14,GSKPFSLPILTL,1271.7489,unbound,3600,5.04,0.15,,
Kawasaki Pdomain,13,29,TLSELTNSRFPVPIDSL,1887.9942,unbound,3600,1.99,0.04,,
Kawasaki Pdomain,14,29,LSELTNSRFPVPIDSL,1786.9465,unbound,3600,1.56,0.03,,
Kawasaki Pdomain,14,30,LSELTNSRFPVPIDSLF,1934.0149,unbound,3600,1.55,0.03,,
Kawasaki Pdomain,15,29,SELTNSRFPVPIDSL,1673.8624,unbound,3600,1.54,0.04,,
Kawasaki Pdomain,15,30,SELTNSRFPVPIDSLF,1820.9309,unbound,3600,1.56,0.03,,
Kawasaki Pdomain,17,29,LTNSRFPVPIDSL,1457.7878,unbound,3600,1.36,0.01,,
Kawasaki Pdomain,18,29,TNSRFPVPIDSL,1344.7038,unbound,3600,1.59,0.02,,
Kawasaki Pdomain,30,37,FTAQNNVL,905.4607,unbound,3600,3.24,0.03,,
Kawasaki Pdomain,30,48,FTAQNNVLQVQCQNGRCTL,2136.0204,unbound,3600,6.39,0.06,,
Kawasaki Pdomain,31,48,TAQNNVLQVQCQNGRCTL,1988.952,unbound,3600,6.22,0.07,,
Kawasaki Pdomain,35,48,NVLQVQCQNGRCTL,1574.7657,unbound,3600,3.62,0.15,,
Kawasaki Pdomain,38,48,QVQCQNGRCTL,1248.5703,unbound,3600,1.65,0.03,,
Kawasaki Pdomain,38,52,QVQCQNGRCTLDGEL,1662.7454,unbound,3600,2.54,0.03,,
Kawasaki Pdomain,38,58,QVQCQNGRCTLDGELQGTTQL,2291.0634,unbound,3600,4.07,0.05,,
Kawasaki Pdomain,49,58,DGELQGTTQL,1060.5037,unbound,3600,1.89,0.02,,
Kawasaki Pdomain,49,64,DGELQGTTQLLPTGIC,1644.8029,unbound,3600,2.28,0.03,,
Kawasaki Pdomain,49,65,DGELQGTTQLLPTGICA,1715.84,unbound,3600,2.69,0.08,,
Kawasaki Pdomain,49,66,DGELQGTTQLLPTGICAF,1862.9084,unbound,3600,2.47,0.03,,
Kawasaki Pdomain,53,65,QGTTQLLPTGICA,1301.6649,unbound,3600,1.43,0.08,,
Kawasaki Pdomain,66,84,FRGRVTAQINQRDRWHMQL,2411.2505,unbound,3600,5.85,0.02,,
Kawasaki Pdomain,67,84,RGRVTAQINQRDRWHMQL,2264.1821,unbound,3600,5.68,0.05,,
Kawasaki Pdomain,85,109,QNLNGTTYDPTDDVPAPLGTPDFKG,2632.2293,unbound,3600,6.77,0,,
Kawasaki Pdomain,88,107,NGTTYDPTDDVPAPLGTPDF,2091.9273,unbound,3600,4.37,0.05,,
Kawasaki Pdomain,88,109,NGTTYDPTDDVPAPLGTPDFKG,2277.0437,unbound,3600,4.85,0.02,,
Kawasaki Pdomain,88,112,NGTTYDPTDDVPAPLGTPDFKGVVF,2622.249,unbound,3600,5.01,0.02,,
Kawasaki Pdomain,90,112,TTYDPTDDVPAPLGTPDFKGVVF,2451.1846,unbound,3600,4.15,0.1,,
Kawasaki Pdomain,110,133,VVFGMVSQRNVGNDAPGSTRAQQA,2488.2241,unbound,3600,6.62,0.06,,
Kawasaki Pdomain,110,134,VVFGMVSQRNVGNDAPGSTRAQQAW,2674.3034,unbound,3600,6.58,0.06,,
Kawasaki Pdomain,113,133,GMVSQRNVGNDAPGSTRAQQA,2143.0189,unbound,3600,6.59,0.06,,
Kawasaki Pdomain,113,134,GMVSQRNVGNDAPGSTRAQQAW,2329.0982,unbound,3600,6.44,0.06,,
Kawasaki Pdomain,113,137,GMVSQRNVGNDAPGSTRAQQAWVST,2616.2463,unbound,3600,7.38,0.06,,
Kawasaki Pdomain,114,133,MVSQRNVGNDAPGSTRAQQA,2085.9974,unbound,3600,6.43,0.08,,
Kawasaki Pdomain,114,134,MVSQRNVGNDAPGSTRAQQAW,2272.0767,unbound,3600,6.29,0.04,,
Kawasaki Pdomain,134,146,WVSTYSPQFVPKL,1550.8133,unbound,3600,4.1,0.03,,
Kawasaki Pdomain,134,148,WVSTYSPQFVPKLGS,1694.8668,unbound,3600,2.16,0.07,,
Kawasaki Pdomain,134,150,WVSTYSPQFVPKLGSVN,1907.9781,unbound,3600,3.04,0.01,,
Kawasaki Pdomain,134,151,WVSTYSPQFVPKLGSVNL,2021.0622,unbound,3600,3.04,0.01,,
Kawasaki Pdomain,134,158,WVSTYSPQFVPKLGSVNLRISDNDD,2836.4032,unbound,3600,4.99,0.1,,
Kawasaki Pdomain,135,150,VSTYSPQFVPKLGSVN,1721.8988,unbound,3600,2.46,0.02,,
Kawasaki Pdomain,135,151,VSTYSPQFVPKLGSVNL,1834.9829,unbound,3600,2.51,0.02,,
Kawasaki Pdomain,138,150,YSPQFVPKLGSVN,1434.7507,unbound,3600,1.91,0.01,,
Kawasaki Pdomain,138,151,YSPQFVPKLGSVNL,1547.8348,unbound,3600,1.89,0.01,,
Kawasaki Pdomain,143,150,VPKLGSVN,812.4756,unbound,3600,1.05,0.01,,
Kawasaki Pdomain,143,151,VPKLGSVNL,925.5597,unbound,3600,1.06,0.01,,
Kawasaki Pdomain,151,158,LRISDNDD,946.4356,unbound,3600,2.19,0.02,,
Kawasaki Pdomain,151,159,LRISDNDDF,1093.504,unbound,3600,2.59,0.03,,
Kawasaki Pdomain,152,159,RISDNDDF,980.4199,unbound,3600,2.21,0.03,,
Kawasaki Pdomain,159,166,FQFQPTKF,1041.5284,unbound,3600,1.12,0.16,,
Kawasaki Pdomain,160,182,QFQPTKFTPVGVNDDDDGHPFRQ,2644.2306,unbound,3600,3.27,0.03,,
Kawasaki Pdomain,183,191,WELPNYSGE,1093.4716,unbound,3600,3.08,0.05,,
Kawasaki Pdomain,195,211,NMNLAPPVAPNFPGEQL,1807.8927,unbound,3600,4.31,0.04,,
Kawasaki Pdomain,195,213,NMNLAPPVAPNFPGEQLLF,2068.0452,unbound,3600,4.31,0.04,,
Kawasaki Pdomain,197,210,NLAPPVAPNFPGEQ,1449.7252,unbound,3600,1.71,0.02,,
Kawasaki Pdomain,197,212,NLAPPVAPNFPGEQLL,1675.8933,unbound,3600,3.15,0.01,,
Kawasaki Pdomain,197,213,NLAPPVAPNFPGEQLLF,1822.9618,unbound,3600,3.19,0.02,,
Kawasaki Pdomain,212,230,LFFRSFVPCSGGYNQGIID,2119.0197,unbound,3600,4.19,0.01,,
Kawasaki Pdomain,213,230,FFRSFVPCSGGYNQGIID,2005.9356,unbound,3600,3.84,0.03,,
Kawasaki Pdomain,214,230,FRSFVPCSGGYNQGIID,1858.8672,unbound,3600,3.91,0.03,,
Kawasaki Pdomain,214,232,FRSFVPCSGGYNQGIIDCL,2074.9605,unbound,3600,3.94,0.06,,
Kawasaki Pdomain,214,236,FRSFVPCSGGYNQGIIDCLIPQE,2542.1985,unbound,3600,3.85,0.08,,
Kawasaki Pdomain,215,230,RSFVPCSGGYNQGIID,1711.7988,unbound,3600,3.84,0.02,,
Kawasaki Pdomain,231,241,CLIPQEWIQHF,1412.6911,unbound,3600,0.38,0.02,,
Kawasaki Pdomain,231,251,CLIPQEWIQHFYQESAPSQSD,2505.1271,unbound,3600,4.03,0,,
Kawasaki Pdomain,233,241,IPQEWIQHF,1196.5978,unbound,3600,0.32,0.02,,
Kawasaki Pdomain,233,251,IPQEWIQHFYQESAPSQSD,2289.0338,unbound,3600,4.21,0.09,,
Kawasaki Pdomain,233,254,IPQEWIQHFYQESAPSQSDVAL,2572.2234,unbound,3600,4.72,0.09,,
Kawasaki Pdomain,237,251,WIQHFYQESAPSQSD,1821.7958,unbound,3600,3.87,0.03,,
Kawasaki Pdomain,237,253,WIQHFYQESAPSQSDVA,1991.9013,unbound,3600,4.55,0.03,,
Kawasaki Pdomain,237,254,WIQHFYQESAPSQSDVAL,2104.9854,unbound,3600,4.57,0.03,,
Kawasaki Pdomain,238,250,IQHFYQESAPSQS,1520.6896,unbound,3600,3.54,0.08,,
Kawasaki Pdomain,238,251,IQHFYQESAPSQSD,1635.7165,unbound,3600,3.85,0.04,,
Kawasaki Pdomain,238,254,IQHFYQESAPSQSDVAL,1918.9061,unbound,3600,4.56,0.04,,
Kawasaki Pdomain,242,254,YQESAPSQSDVAL,1393.6361,unbound,3600,4.34,0.05,,
Kawasaki Pdomain,255,267,IRYVNPDTGRTLF,1550.8205,unbound,3600,4.2,0.03,,
Kawasaki Pdomain,255,268,IRYVNPDTGRTLFE,1679.8631,unbound,3600,4.33,0.02,,
Kawasaki Pdomain,255,271,IRYVNPDTGRTLFEAKL,1992.0793,unbound,3600,4.5,0.07,,
Kawasaki Pdomain,255,276,IRYVNPDTGRTLFEAKLHRSGY,2592.3561,unbound,3600,5.3,0.05,,
Kawasaki Pdomain,268,278,EAKLHRSGYIT,1273.6779,unbound,3600,1.01,0.04,,
Kawasaki Pdomain,268,289,EAKLHRSGYITVAHSGDYPLVV,2411.2597,unbound,3600,5.86,0.02,,
Kawasaki Pdomain,277,297,ITVAHSGDYPLVVPANGHFRF,2296.1753,unbound,3600,6.18,0.07,,
Kawasaki Pdomain,279,300,VAHSGDYPLVVPANGHFRFDSW,2470.1818,unbound,3600,7.01,0.07,,
Kawasaki Pdomain,290,300,PANGHFRFDSW,1332.6,unbound,3600,3.02,0.06,,
Kawasaki Pdomain,290,304,PANGHFRFDSWVNQF,1820.8383,unbound,3600,0.74,0.05,,
Kawasaki Pdomain,1,9,GPGSKPFSL,888.4705,unbound,28800,3.26,0.06,,
Kawasaki Pdomain,1,12,GPGSKPFSLPIL,1211.6914,unbound,28800,4.78,0.07,,
Kawasaki Pdomain,1,13,GPGSKPFSLPILT,1312.7391,unbound,28800,5.43,0.08,,
Kawasaki Pdomain,1,14,GPGSKPFSLPILTL,1425.8231,unbound,28800,6.1,0.06,,
Kawasaki Pdomain,1,16,GPGSKPFSLPILTLSE,1641.8978,unbound,28800,7.09,0.06,,
Kawasaki Pdomain,3,14,GSKPFSLPILTL,1271.7489,unbound,28800,5.63,0.2,,
Kawasaki Pdomain,13,29,TLSELTNSRFPVPIDSL,1887.9942,unbound,28800,1.94,0.02,,
Kawasaki Pdomain,14,29,LSELTNSRFPVPIDSL,1786.9465,unbound,28800,1.53,0.02,,
Kawasaki Pdomain,14,30,LSELTNSRFPVPIDSLF,1934.0149,unbound,28800,1.54,0.01,,
Kawasaki Pdomain,15,29,SELTNSRFPVPIDSL,1673.8624,unbound,28800,1.51,0.01,,
Kawasaki Pdomain,15,30,SELTNSRFPVPIDSLF,1820.9309,unbound,28800,1.52,0.02,,
Kawasaki Pdomain,17,29,LTNSRFPVPIDSL,1457.7878,unbound,28800,1.33,0.02,,
Kawasaki Pdomain,18,29,TNSRFPVPIDSL,1344.7038,unbound,28800,1.63,0.05,,
Kawasaki Pdomain,30,37,FTAQNNVL,905.4607,unbound,28800,3.46,0.04,,
Kawasaki Pdomain,30,48,FTAQNNVLQVQCQNGRCTL,2136.0204,unbound,28800,6.55,0.09,,
Kawasaki Pdomain,31,48,TAQNNVLQVQCQNGRCTL,1988.952,unbound,28800,6.28,0.06,,
Kawasaki Pdomain,35,48,NVLQVQCQNGRCTL,1574.7657,unbound,28800,3.68,0.14,,
Kawasaki Pdomain,38,48,QVQCQNGRCTL,1248.5703,unbound,28800,1.64,0.01,,
Kawasaki Pdomain,38,52,QVQCQNGRCTLDGEL,1662.7454,unbound,28800,2.81,0.02,,
Kawasaki Pdomain,38,58,QVQCQNGRCTLDGELQGTTQL,2291.0634,unbound,28800,4.6,0.05,,
Kawasaki Pdomain,49,58,DGELQGTTQL,1060.5037,unbound,28800,2.37,0.02,,
Kawasaki Pdomain,49,64,DGELQGTTQLLPTGIC,1644.8029,unbound,28800,3.06,0.01,,
Kawasaki Pdomain,49,65,DGELQGTTQLLPTGICA,1715.84,unbound,28800,3.38,0.05,,
Kawasaki Pdomain,49,66,DGELQGTTQLLPTGICAF,1862.9084,unbound,28800,3.23,0.01,,
Kawasaki Pdomain,53,65,QGTTQLLPTGICA,1301.6649,unbound,28800,1.92,0.11,,
Kawasaki Pdomain,66,84,FRGRVTAQINQRDRWHMQL,2411.2505,unbound,28800,6.67,0.1,,
Kawasaki Pdomain,67,84,RGRVTAQINQRDRWHMQL,2264.1821,unbound,28800,6.42,0.12,,
Kawasaki Pdomain,85,109,QNLNGTTYDPTDDVPAPLGTPDFKG,2632.2293,unbound,28800,7.22,0.1,,
Kawasaki Pdomain,88,107,NGTTYDPTDDVPAPLGTPDF,2091.9273,unbound,28800,4.71,0.09,,
Kawasaki Pdomain,88,109,NGTTYDPTDDVPAPLGTPDFKG,2277.0437,unbound,28800,5.25,0.06,,
Kawasaki Pdomain,88,112,NGTTYDPTDDVPAPLGTPDFKGVVF,2622.249,unbound,28800,5.36,0.07,,
Kawasaki Pdomain,90,112,TTYDPTDDVPAPLGTPDFKGVVF,2451.1846,unbound,28800,4.47,0.08,,
Kawasaki Pdomain,110,133,VVFGMVSQRNVGNDAPGSTRAQQA,2488.2241,unbound,28800,7.65,0.12,,
Kawasaki Pdomain,110,134,VVFGMVSQRNVGNDAPGSTRAQQAW,2674.3034,unbound,28800,7.77,0.1,,
Kawasaki Pdomain,113,133,GMVSQRNVGNDAPGSTRAQQA,2143.0189,unbound,28800,7.69,0.11,,
Kawasaki Pdomain,113,134,GMVSQRNVGNDAPGSTRAQQAW,2329.0982,unbound,28800,7.48,0.12,,
Kawasaki Pdomain,113,137,GMVSQRNVGNDAPGSTRAQQAWVST,2616.2463,unbound,28800,8.36,0.01,,
Kawasaki Pdomain,114,133,MVSQRNVGNDAPGSTRAQQA,2085.9974,unbound,28800,7.47,0.11,,
Kawasaki Pdomain,114,134,MVSQRNVGNDAPGSTRAQQAW,2272.0767,unbound,28800,7.37,0.16,,
Kawasaki Pdomain,134,146,WVSTYSPQFVPKL,1550.8133,unbound,28800,5.45,0.09,,
Kawasaki Pdomain,134,148,WVSTYSPQFVPKLGS,1694.8668,unbound,28800,2.52,0.04,,
Kawasaki Pdomain,134,150,WVSTYSPQFVPKLGSVN,1907.9781,unbound,28800,3.24,0.02,,
Kawasaki Pdomain,134,151,WVSTYSPQFVPKLGSVNL,2021.0622,unbound,28800,3.23,0,,
Kawasaki Pdomain,134,158,WVSTYSPQFVPKLGSVNLRISDNDD,2836.4032,unbound,28800,5.69,0.09,,
Kawasaki Pdomain,135,150,VSTYSPQFVPKLGSVN,1721.8988,unbound,28800,2.67,0.01,,
Kawasaki Pdomain,135,151,VSTYSPQFVPKLGSVNL,1834.9829,unbound,28800,2.67,0.02,,
Kawasaki Pdomain,138,150,YSPQFVPKLGSVN,1434.7507,unbound,28800,1.98,0.02,,
Kawasaki Pdomain,138,151,YSPQFVPKLGSVNL,1547.8348,unbound,28800,1.98,0.01,,
Kawasaki Pdomain,143,150,VPKLGSVN,812.4756,unbound,28800,1.1,0,,
Kawasaki Pdomain,143,151,VPKLGSVNL,925.5597,unbound,28800,1.11,0.02,,
Kawasaki Pdomain,151,158,LRISDNDD,946.4356,unbound,28800,2.61,0.07,,
Kawasaki Pdomain,151,159,LRISDNDDF,1093.504,unbound,28800,3.02,0.09,,
Kawasaki Pdomain,152,159,RISDNDDF,980.4199,unbound,28800,2.3,0.09,,
Kawasaki Pdomain,159,166,FQFQPTKF,1041.5284,unbound,28800,1.34,0.11,,
Kawasaki Pdomain,160,182,QFQPTKFTPVGVNDDDDGHPFRQ,2644.2306,unbound,28800,3.41,0.07,,
Kawasaki Pdomain,183,191,WELPNYSGE,1093.4716,unbound,28800,3.31,0.09,,
Kawasaki Pdomain,195,211,NMNLAPPVAPNFPGEQL,1807.8927,unbound,28800,5.25,0.29,,
Kawasaki Pdomain,195,213,NMNLAPPVAPNFPGEQLLF,2068.0452,unbound,28800,5.42,0.04,,
Kawasaki Pdomain,197,210,NLAPPVAPNFPGEQ,1449.7252,unbound,28800,2.49,0.08,,
Kawasaki Pdomain,197,212,NLAPPVAPNFPGEQLL,1675.8933,unbound,28800,4.24,0.02,,
Kawasaki Pdomain,197,213,NLAPPVAPNFPGEQLLF,1822.9618,unbound,28800,4.33,0.02,,
Kawasaki Pdomain,212,230,LFFRSFVPCSGGYNQGIID,2119.0197,unbound,28800,4.25,0.07,,
Kawasaki Pdomain,213,230,FFRSFVPCSGGYNQGIID,2005.9356,unbound,28800,4,0.08,,
Kawasaki Pdomain,214,230,FRSFVPCSGGYNQGIID,1858.8672,unbound,28800,4.09,0.07,,
Kawasaki Pdomain,214,232,FRSFVPCSGGYNQGIIDCL,2074.9605,unbound,28800,4.12,0.07,,
Kawasaki Pdomain,214,236,FRSFVPCSGGYNQGIIDCLIPQE,2542.1985,unbound,28800,4.08,0.05,,
Kawasaki Pdomain,215,230,RSFVPCSGGYNQGIID,1711.7988,unbound,28800,3.99,0.07,,
Kawasaki Pdomain,231,241,CLIPQEWIQHF,1412.6911,unbound,28800,0.41,0.01,,
Kawasaki Pdomain,231,251,CLIPQEWIQHFYQESAPSQSD,2505.1271,unbound,28800,4.11,0.06,,
Kawasaki Pdomain,233,241,IPQEWIQHF,1196.5978,unbound,28800,0.27,0.04,,
Kawasaki Pdomain,233,251,IPQEWIQHFYQESAPSQSD,2289.0338,unbound,28800,4.29,0.06,,
Kawasaki Pdomain,233,254,IPQEWIQHFYQESAPSQSDVAL,2572.2234,unbound,28800,5.17,0.11,,
Kawasaki Pdomain,237,251,WIQHFYQESAPSQSD,1821.7958,unbound,28800,3.97,0.08,,
Kawasaki Pdomain,237,253,WIQHFYQESAPSQSDVA,1991.9013,unbound,28800,5.2,0.12,,
Kawasaki Pdomain,237,254,WIQHFYQESAPSQSDVAL,2104.9854,unbound,28800,4.95,0.06,,
Kawasaki Pdomain,238,250,IQHFYQESAPSQS,1520.6896,unbound,28800,3.59,0.14,,
Kawasaki Pdomain,238,251,IQHFYQESAPSQSD,1635.7165,unbound,28800,3.94,0.08,,
Kawasaki Pdomain,238,254,IQHFYQESAPSQSDVAL,1918.9061,unbound,28800,4.95,0.08,,
Kawasaki Pdomain,242,254,YQESAPSQSDVAL,1393.6361,unbound,28800,4.73,0.08,,
Kawasaki Pdomain,255,267,IRYVNPDTGRTLF,1550.8205,unbound,28800,5.56,0.08,,
Kawasaki Pdomain,255,268,IRYVNPDTGRTLFE,1679.8631,unbound,28800,5.97,0.07,,
Kawasaki Pdomain,255,271,IRYVNPDTGRTLFEAKL,1992.0793,unbound,28800,6.09,0.15,,
Kawasaki Pdomain,255,276,IRYVNPDTGRTLFEAKLHRSGY,2592.3561,unbound,28800,6.83,0.11,,
Kawasaki Pdomain,268,278,EAKLHRSGYIT,1273.6779,unbound,28800,1,0.04,,
Kawasaki Pdomain,268,289,EAKLHRSGYITVAHSGDYPLVV,2411.2597,unbound,28800,6.68,0.1,,
Kawasaki Pdomain,277,297,ITVAHSGDYPLVVPANGHFRF,2296.1753,unbound,28800,6.53,0.19,,
Kawasaki Pdomain,279,300,VAHSGDYPLVVPANGHFRFDSW,2470.1818,unbound,28800,7.54,0.16,,
Kawasaki Pdomain,290,300,PANGHFRFDSW,1332.6,unbound,28800,3.36,0.28,,
Kawasaki Pdomain,290,304,PANGHFRFDSWVNQF,1820.8383,unbound,28800,1.74,0.02,,
Kawasaki Pdomain,1,9,GPGSKPFSL,888.4705,fucose,60,2.88,0.03,,
Kawasaki Pdomain,1,12,GPGSKPFSLPIL,1211.6914,fucose,60,3.45,0.04,,
Kawasaki Pdomain,1,13,GPGSKPFSLPILT,1312.7391,fucose,60,3.57,0.05,,
Kawasaki Pdomain,1,14,GPGSKPFSLPILTL,1425.8231,fucose,60,3.73,0.06,,
Kawasaki Pdomain,1,16,GPGSKPFSLPILTLSE,1641.8978,fucose,60,4.08,0.11,,
Kawasaki Pdomain,3,14,GSKPFSLPILTL,1271.7489,fucose,60,3.1,0.09,,
Kawasaki Pdomain,13,29,TLSELTNSRFPVPIDSL,1887.9942,fucose,60,1.45,0.04,,
Kawasaki Pdomain,14,29,LSELTNSRFPVPIDSL,1786.9465,fucose,60,1.14,0.01,,
Kawasaki Pdomain,14,30,LSELTNSRFPVPIDSLF,1934.0149,fucose,60,1.16,0.02,,
Kawasaki Pdomain,15,29,SELTNSRFPVPIDSL,1673.8624,fucose,60,1.13,0.02,,
Kawasaki Pdomain,15,30,SELTNSRFPVPIDSLF,1820.9309,fucose,60,1.13,0.01,,
Kawasaki Pdomain,17,29,LTNSRFPVPIDSL,1457.7878,fucose,60,0.94,0.01,,
Kawasaki Pdomain,18,29,TNSRFPVPIDSL,1344.7038,fucose,60,1.28,0.08,,
Kawasaki Pdomain,30,37,FTAQNNVL,905.4607,fucose,60,2.9,0.02,,
Kawasaki Pdomain,30,48,FTAQNNVLQVQCQNGRCTL,2136.0204,fucose,60,4.91,0.02,,
Kawasaki Pdomain,31,48,TAQNNVLQVQCQNGRCTL,1988.952,fucose,60,4.77,0.06,,
Kawasaki Pdomain,35,48,NVLQVQCQNGRCTL,1574.7657,fucose,60,2.42,0.05,,
Kawasaki Pdomain,38,48,QVQCQNGRCTL,1248.5703,fucose,60,1.09,0.01,,
Kawasaki Pdomain,38,52,QVQCQNGRCTLDGEL,1662.7454,fucose,60,1.38,0.01,,
Kawasaki Pdomain,38,58,QVQCQNGRCTLDGELQGTTQL,2291.0634,fucose,60,2.18,0.01,,
Kawasaki Pdomain,49,58,DGELQGTTQL,1060.5037,fucose,60,0.91,0,,
Kawasaki Pdomain,49,64,DGELQGTTQLLPTGIC,1644.8029,fucose,60,1.21,0.01,,
Kawasaki Pdomain,49,65,DGELQGTTQLLPTGICA,1715.84,fucose,60,1.53,0.04,,
Kawasaki Pdomain,49,66,DGELQGTTQLLPTGICAF,1862.9084,fucose,60,1.42,0,,
Kawasaki Pdomain,53,65,QGTTQLLPTGICA,1301.6649,fucose,60,0.87,0.08,,
Kawasaki Pdomain,66,84,FRGRVTAQINQRDRWHMQL,2411.2505,fucose,60,3.33,0.04,,
Kawasaki Pdomain,67,84,RGRVTAQINQRDRWHMQL,2264.1821,fucose,60,3.2,0.04,,
Kawasaki Pdomain,85,109,QNLNGTTYDPTDDVPAPLGTPDFKG,2632.2293,fucose,60,4.43,0.06,,
Kawasaki Pdomain,88,107,NGTTYDPTDDVPAPLGTPDF,2091.9273,fucose,60,2.66,0.05,,
Kawasaki Pdomain,88,109,NGTTYDPTDDVPAPLGTPDFKG,2277.0437,fucose,60,3.21,0.08,,
Kawasaki Pdomain,88,112,NGTTYDPTDDVPAPLGTPDFKGVVF,2622.249,fucose,60,3.36,0.07,,
Kawasaki Pdomain,90,112,TTYDPTDDVPAPLGTPDFKGVVF,2451.1846,fucose,60,2.79,0.32,,
Kawasaki Pdomain,110,133,VVFGMVSQRNVGNDAPGSTRAQQA,2488.2241,fucose,60,4.07,0.06,,
Kawasaki Pdomain,110,134,VVFGMVSQRNVGNDAPGSTRAQQAW,2674.3034,fucose,60,3.92,0.13,,
Kawasaki Pdomain,113,133,GMVSQRNVGNDAPGSTRAQQA,2143.0189,fucose,60,4.03,0.04,,
Kawasaki Pdomain,113,134,GMVSQRNVGNDAPGSTRAQQAW,2329.0982,fucose,60,3.9,0.05,,
Kawasaki Pdomain,113,137,GMVSQRNVGNDAPGSTRAQQAWVST,2616.2463,fucose,60,4.54,0.08,,
Kawasaki Pdomain,114,133,MVSQRNVGNDAPGSTRAQQA,2085.9974,fucose,60,3.83,0.07,,
Kawasaki Pdomain,114,134,MVSQRNVGNDAPGSTRAQQAW,2272.0767,fucose,60,3.76,0.08,,
Kawasaki Pdomain,134,146,WVSTYSPQFVPKL,1550.8133,fucose,60,2.82,0.02,,
Kawasaki Pdomain,134,148,WVSTYSPQFVPKLGS,1694.8668,fucose,60,1.21,0.01,,
Kawasaki Pdomain,134,150,WVSTYSPQFVPKLGSVN,1907.9781,fucose,60,1.59,0.01,,
Kawasaki Pdomain,134,151,WVSTYSPQFVPKLGSVNL,2021.0622,fucose,60,1.61,0.01,,
Kawasaki Pdomain,134,158,WVSTYSPQFVPKLGSVNLRISDNDD,2836.4032,fucose,60,2.66,0.05,,
Kawasaki Pdomain,135,150,VSTYSPQFVPKLGSVN,1721.8988,fucose,60,1.19,0,,
Kawasaki Pdomain,135,151,VSTYSPQFVPKLGSVNL,1834.9829,fucose,60,1.23,0.03,,
Kawasaki Pdomain,138,150,YSPQFVPKLGSVN,1434.7507,fucose,60,1.04,0.01,,
Kawasaki Pdomain,138,151,YSPQFVPKLGSVNL,1547.8348,fucose,60,1.07,0.01,,
Kawasaki Pdomain,143,150,VPKLGSVN,812.4756,fucose,60,0.71,0.02,,
Kawasaki Pdomain,143,151,VPKLGSVNL,925.5597,fucose,60,0.73,0.02,,
Kawasaki Pdomain,151,158,LRISDNDD,946.4356,fucose,60,1.24,0.02,,
Kawasaki Pdomain,151,159,LRISDNDDF,1093.504,fucose,60,1.33,0.02,,
Kawasaki Pdomain,152,159,RISDNDDF,980.4199,fucose,60,1.19,0.03,,
Kawasaki Pdomain,159,166,FQFQPTKF,1041.5284,fucose,60,0.99,0.08,,
Kawasaki Pdomain,160,182,QFQPTKFTPVGVNDDDDGHPFRQ,2644.2306,fucose,60,2.69,0.05,,
Kawasaki Pdomain,183,191,WELPNYSGE,1093.4716,fucose,60,0.98,0.03,,
Kawasaki Pdomain,195,211,NMNLAPPVAPNFPGEQL,1807.8927,fucose,60,3.32,0.03,,
Kawasaki Pdomain,195,213,NMNLAPPVAPNFPGEQLLF,2068.0452,fucose,60,3.36,0.03,,
Kawasaki Pdomain,197,210,NLAPPVAPNFPGEQ,1449.7252,fucose,60,1.37,0.12,,
Kawasaki Pdomain,197,212,NLAPPVAPNFPGEQLL,1675.8933,fucose,60,2.71,0.03,,
Kawasaki Pdomain,197,213,NLAPPVAPNFPGEQLLF,1822.9618,fucose,60,2.75,0.02,,
Kawasaki Pdomain,212,230,LFFRSFVPCSGGYNQGIID,2119.0197,fucose,60,2.9,0.02,,
Kawasaki Pdomain,213,230,FFRSFVPCSGGYNQGIID,2005.9356,fucose,60,2.65,0.02,,
Kawasaki Pdomain,214,230,FRSFVPCSGGYNQGIID,1858.8672,fucose,60,2.66,0.03,,
Kawasaki Pdomain,214,232,FRSFVPCSGGYNQGIIDCL,2074.9605,fucose,60,2.64,0.02,,
Kawasaki Pdomain,214,236,FRSFVPCSGGYNQGIIDCLIPQE,2542.1985,fucose,60,2.61,0.08,,
Kawasaki Pdomain,215,230,RSFVPCSGGYNQGIID,1711.7988,fucose,60,2.6,0.05,,
Kawasaki Pdomain,231,241,CLIPQEWIQHF,1412.6911,fucose,60,0.36,0.01,,
Kawasaki Pdomain,231,251,CLIPQEWIQHFYQESAPSQSD,2505.1271,fucose,60,3.09,0.01,,
Kawasaki Pdomain,233,241,IPQEWIQHF,1196.5978,fucose,60,0.34,0.02,,
Kawasaki Pdomain,233,251,IPQEWIQHFYQESAPSQSD,2289.0338,fucose,60,3.27,0.15,,
Kawasaki Pdomain,233,254,IPQEWIQHFYQESAPSQSDVAL,2572.2234,fucose,60,3.47,0.03,,
Kawasaki Pdomain,237,251,WIQHFYQESAPSQSD,1821.7958,fucose,60,3.01,0.02,,
Kawasaki Pdomain,237,253,WIQHFYQESAPSQSDVA,1991.9013,fucose,60,3.25,0.13,,
Kawasaki Pdomain,237,254,WIQHFYQESAPSQSDVAL,2104.9854,fucose,60,3.3,0.01,,
Kawasaki Pdomain,238,250,IQHFYQESAPSQS,1520.6896,fucose,60,2.64,0.04,,
Kawasaki Pdomain,238,251,IQHFYQESAPSQSD,1635.7165,fucose,60,2.99,0.04,,
Kawasaki Pdomain,238,254,IQHFYQESAPSQSDVAL,1918.9061,fucose,60,3.25,0.02,,
Kawasaki Pdomain,242,254,YQESAPSQSDVAL,1393.6361,fucose,60,3.04,0.03,,
Kawasaki Pdomain,255,267,IRYVNPDTGRTLF,1550.8205,fucose,60,2.87,0.02,,
Kawasaki Pdomain,255,268,IRYVNPDTGRTLFE,1679.8631,fucose,60,2.91,0.01,,
Kawasaki Pdomain,255,271,IRYVNPDTGRTLFEAKL,1992.0793,fucose,60,2.97,0.05,,
Kawasaki Pdomain,255,276,IRYVNPDTGRTLFEAKLHRSGY,2592.3561,fucose,60,3.65,0.01,,
Kawasaki Pdomain,268,278,EAKLHRSGYIT,1273.6779,fucose,60,0.9,0.02,,
Kawasaki Pdomain,268,289,EAKLHRSGYITVAHSGDYPLVV,2411.2597,fucose,60,3.33,0.04,,
Kawasaki Pdomain,277,297,ITVAHSGDYPLVVPANGHFRF,2296.1753,fucose,60,4.09,0.1,,
Kawasaki Pdomain,279,300,VAHSGDYPLVVPANGHFRFDSW,2470.1818,fucose,60,4.77,0.06,,
Kawasaki Pdomain,290,300,PANGHFRFDSW,1332.6,fucose,60,2.13,0.06,,
Kawasaki Pdomain,290,304,PANGHFRFDSWVNQF,1820.8383,fucose,60,0.39,0.1,,
Kawasaki Pdomain,1,9,GPGSKPFSL,888.4705,fucose,600,3.15,0.04,,
Kawasaki Pdomain,1,12,GPGSKPFSLPIL,1211.6914,fucose,600,4.35,0.03,,
Kawasaki Pdomain,1,13,GPGSKPFSLPILT,1312.7391,fucose,600,4.52,0.02,,
Kawasaki Pdomain,1,14,GPGSKPFSLPILTL,1425.8231,fucose,600,5.16,0.03,,
Kawasaki Pdomain,1,16,GPGSKPFSLPILTLSE,1641.8978,fucose,600,5.9,0.3,,
Kawasaki Pdomain,3,14,GSKPFSLPILTL,1271.7489,fucose,600,4.67,0.09,,
Kawasaki Pdomain,13,29,TLSELTNSRFPVPIDSL,1887.9942,fucose,600,1.95,0.01,,
Kawasaki Pdomain,14,29,LSELTNSRFPVPIDSL,1786.9465,fucose,600,1.54,0.06,,
Kawasaki Pdomain,14,30,LSELTNSRFPVPIDSLF,1934.0149,fucose,600,1.54,0.07,,
Kawasaki Pdomain,15,29,SELTNSRFPVPIDSL,1673.8624,fucose,600,1.53,0.04,,
Kawasaki Pdomain,15,30,SELTNSRFPVPIDSLF,1820.9309,fucose,600,1.56,0.01,,
Kawasaki Pdomain,17,29,LTNSRFPVPIDSL,1457.7878,fucose,600,1.36,0.05,,
Kawasaki Pdomain,18,29,TNSRFPVPIDSL,1344.7038,fucose,600,1.73,0.04,,
Kawasaki Pdomain,30,37,FTAQNNVL,905.4607,fucose,600,3.13,0.02,,
Kawasaki Pdomain,30,48,FTAQNNVLQVQCQNGRCTL,2136.0204,fucose,600,5.71,0.05,,
Kawasaki Pdomain,31,48,TAQNNVLQVQCQNGRCTL,1988.952,fucose,600,5.63,0.07,,
Kawasaki Pdomain,35,48,NVLQVQCQNGRCTL,1574.7657,fucose,600,3.05,0.11,,
Kawasaki Pdomain,38,48,QVQCQNGRCTL,1248.5703,fucose,600,1.27,0.05,,
Kawasaki Pdomain,38,52,QVQCQNGRCTLDGEL,1662.7454,fucose,600,1.67,0.09,,
Kawasaki Pdomain,38,58,QVQCQNGRCTLDGELQGTTQL,2291.0634,fucose,600,2.83,0.1,,
Kawasaki Pdomain,49,58,DGELQGTTQL,1060.5037,fucose,600,1.31,0.04,,
Kawasaki Pdomain,49,64,DGELQGTTQLLPTGIC,1644.8029,fucose,600,1.59,0.04,,
Kawasaki Pdomain,49,65,DGELQGTTQLLPTGICA,1715.84,fucose,600,1.96,0.09,,
Kawasaki Pdomain,49,66,DGELQGTTQLLPTGICAF,1862.9084,fucose,600,1.77,0.1,,
Kawasaki Pdomain,53,65,QGTTQLLPTGICA,1301.6649,fucose,600,0.93,0.08,,
Kawasaki Pdomain,66,84,FRGRVTAQINQRDRWHMQL,2411.2505,fucose,600,4.63,0.04,,
Kawasaki Pdomain,67,84,RGRVTAQINQRDRWHMQL,2264.1821,fucose,600,4.48,0.04,,
Kawasaki Pdomain,85,109,QNLNGTTYDPTDDVPAPLGTPDFKG,2632.2293,fucose,600,6.18,0.09,,
Kawasaki Pdomain,88,107,NGTTYDPTDDVPAPLGTPDF,2091.9273,fucose,600,3.87,0.05,,
Kawasaki Pdomain,88,109,NGTTYDPTDDVPAPLGTPDFKG,2277.0437,fucose,600,4.31,0.06,,
Kawasaki Pdomain,88,112,NGTTYDPTDDVPAPLGTPDFKGVVF,2622.249,fucose,600,4.39,0.06,,
Kawasaki Pdomain,90,112,TTYDPTDDVPAPLGTPDFKGVVF,2451.1846,fucose,600,3.5,0.17,,
Kawasaki Pdomain,110,133,VVFGMVSQRNVGNDAPGSTRAQQA,2488.2241,fucose,600,5.55,0.06,,
Kawasaki Pdomain,110,134,VVFGMVSQRNVGNDAPGSTRAQQAW,2674.3034,fucose,600,5.49,0.15,,
Kawasaki Pdomain,113,133,GMVSQRNVGNDAPGSTRAQQA,2143.0189,fucose,600,5.51,0.03,,
Kawasaki Pdomain,113,134,GMVSQRNVGNDAPGSTRAQQAW,2329.0982,fucose,600,5.38,0.04,,
Kawasaki Pdomain,113,137,GMVSQRNVGNDAPGSTRAQQAWVST,2616.2463,fucose,600,6.21,0.06,,
Kawasaki Pdomain,114,133,MVSQRNVGNDAPGSTRAQQA,2085.9974,fucose,600,5.3,0.07,,
Kawasaki Pdomain,114,134,MVSQRNVGNDAPGSTRAQQAW,2272.0767,fucose,600,5.25,0.09,,
Kawasaki Pdomain,134,146,WVSTYSPQFVPKL,1550.8133,fucose,600,3.33,0.01,,
Kawasaki Pdomain,134,148,WVSTYSPQFVPKLGS,1694.8668,fucose,600,1.99,0.25,,
Kawasaki Pdomain,134,150,WVSTYSPQFVPKLGSVN,1907.9781,fucose,600,2.38,0.06,,
Kawasaki Pdomain,134,151,WVSTYSPQFVPKLGSVNL,2021.0622,fucose,600,2.38,0.07,,
Kawasaki Pdomain,134,158,WVSTYSPQFVPKLGSVNLRISDNDD,2836.4032,fucose,600,3.74,0.11,,
Kawasaki Pdomain,135,150,VSTYSPQFVPKLGSVN,1721.8988,fucose,600,1.83,0.05,,
Kawasaki Pdomain,135,151,VSTYSPQFVPKLGSVNL,1834.9829,fucose,600,1.85,0.06,,
Kawasaki Pdomain,138,150,YSPQFVPKLGSVN,1434.7507,fucose,600,1.54,0.06,,
Kawasaki Pdomain,138,151,YSPQFVPKLGSVNL,1547.8348,fucose,600,1.56,0.05,,
Kawasaki Pdomain,143,150,VPKLGSVN,812.4756,fucose,600,0.79,0.03,,
Kawasaki Pdomain,143,151,VPKLGSVNL,925.5597,fucose,600,0.79,0.04,,
Kawasaki Pdomain,151,158,LRISDNDD,946.4356,fucose,600,1.59,0.02,,
Kawasaki Pdomain,151,159,LRISDNDDF,1093.504,fucose,600,2.02,0.02,,
Kawasaki Pdomain,152,159,RISDNDDF,980.4199,fucose,600,1.83,0.01,,
Kawasaki Pdomain,159,166,FQFQPTKF,1041.5284,fucose,600,1.04,0.02,,
Kawasaki Pdomain,160,182,QFQPTKFTPVGVNDDDDGHPFRQ,2644.2306,fucose,600,2.97,0.05,,
Kawasaki Pdomain,183,191,WELPNYSGE,1093.4716,fucose,600,2.28,0.05,,
Kawasaki Pdomain,195,211,NMNLAPPVAPNFPGEQL,1807.8927,fucose,600,3.81,0.04,,
Kawasaki Pdomain,195,213,NMNLAPPVAPNFPGEQLLF,2068.0452,fucose,600,3.85,0.03,,
Kawasaki Pdomain,197,210,NLAPPVAPNFPGEQ,1449.7252,fucose,600,1.45,0.01,,
Kawasaki Pdomain,197,212,NLAPPVAPNFPGEQLL,1675.8933,fucose,600,2.75,0.02,,
Kawasaki Pdomain,197,213,NLAPPVAPNFPGEQLLF,1822.9618,fucose,600,2.78,0.02,,
Kawasaki Pdomain,212,230,LFFRSFVPCSGGYNQGIID,2119.0197,fucose,600,3.6,0.05,,
Kawasaki Pdomain,213,230,FFRSFVPCSGGYNQGIID,2005.9356,fucose,600,3.34,0.02,,
Kawasaki Pdomain,214,230,FRSFVPCSGGYNQGIID,1858.8672,fucose,600,3.41,0,,
Kawasaki Pdomain,214,232,FRSFVPCSGGYNQGIIDCL,2074.9605,fucose,600,3.36,0.02,,
Kawasaki Pdomain,214,236,FRSFVPCSGGYNQGIIDCLIPQE,2542.1985,fucose,600,3.34,0.08,,
Kawasaki Pdomain,215,230,RSFVPCSGGYNQGIID,1711.7988,fucose,600,3.35,0.01,,
Kawasaki Pdomain,231,241,CLIPQEWIQHF,1412.6911,fucose,600,0.34,0.02,,
Kawasaki Pdomain,231,251,CLIPQEWIQHFYQESAPSQSD,2505.1271,fucose,600,3.66,0.01,,
Kawasaki Pdomain,233,241,IPQEWIQHF,1196.5978,fucose,600,0.23,0.06,,
Kawasaki Pdomain,233,251,IPQEWIQHFYQESAPSQSD,2289.0338,fucose,600,3.84,0.14,,
Kawasaki Pdomain,233,254,IPQEWIQHFYQESAPSQSDVAL,2572.2234,fucose,600,4.04,0.06,,
Kawasaki Pdomain,237,251,WIQHFYQESAPSQSD,1821.7958,fucose,600,3.63,0.01,,
Kawasaki Pdomain,237,253,WIQHFYQESAPSQSDVA,1991.9013,fucose,600,4.28,0.3,,
Kawasaki Pdomain,237,254,WIQHFYQESAPSQSDVAL,2104.9854,fucose,600,3.98,0.01,,
Kawasaki Pdomain,238,250,IQHFYQESAPSQS,1520.6896,fucose,600,3.2,0.1,,
Kawasaki Pdomain,238,251,IQHFYQESAPSQSD,1635.7165,fucose,600,3.59,0.02,,
Kawasaki Pdomain,238,254,IQHFYQESAPSQSDVAL,1918.9061,fucose,600,3.96,0,,
Kawasaki Pdomain,242,254,YQESAPSQSDVAL,1393.6361,fucose,600,3.78,0.06,,
Kawasaki Pdomain,255,267,IRYVNPDTGRTLF,1550.8205,fucose,600,3.39,0.01,,
Kawasaki Pdomain,255,268,IRYVNPDTGRTLFE,1679.8631,fucose,600,3.43,0.01,,
Kawasaki Pdomain,255,271,IRYVNPDTGRTLFEAKL,1992.0793,fucose,600,3.49,0.08,,
Kawasaki Pdomain,255,276,IRYVNPDTGRTLFEAKLHRSGY,2592.3561,fucose,600,4.28,0.02,,
Kawasaki Pdomain,268,278,EAKLHRSGYIT,1273.6779,fucose,600,1.01,0.03,,
Kawasaki Pdomain,268,289,EAKLHRSGYITVAHSGDYPLVV,2411.2597,fucose,600,4.64,0.04,,
Kawasaki Pdomain,277,297,ITVAHSGDYPLVVPANGHFRF,2296.1753,fucose,600,5.67,0.06,,
Kawasaki Pdomain,279,300,VAHSGDYPLVVPANGHFRFDSW,2470.1818,fucose,600,6.38,0.08,,
Kawasaki Pdomain,290,300,PANGHFRFDSW,1332.6,fucose,600,2.69,0.03,,
Kawasaki Pdomain,290,304,PANGHFRFDSWVNQF,1820.8383,fucose,600,0.49,0.04,,
Kawasaki Pdomain,1,9,GPGSKPFSL,888.4705,fucose,3600,3.19,0.08,,
Kawasaki Pdomain,1,12,GPGSKPFSLPIL,1211.6914,fucose,3600,4.67,0.08,,
Kawasaki Pdomain,1,13,GPGSKPFSLPILT,1312.7391,fucose,3600,4.96,0.11,,
Kawasaki Pdomain,1,14,GPGSKPFSLPILTL,1425.8231,fucose,3600,5.62,0.12,,
Kawasaki Pdomain,1,16,GPGSKPFSLPILTLSE,1641.8978,fucose,3600,6.77,0.47,,
Kawasaki Pdomain,3,14,GSKPFSLPILTL,1271.7489,fucose,3600,5,0.09,,
Kawasaki Pdomain,13,29,TLSELTNSRFPVPIDSL,1887.9942,fucose,3600,1.96,0.09,,
Kawasaki Pdomain,14,29,LSELTNSRFPVPIDSL,1786.9465,fucose,3600,1.52,0.08,,
Kawasaki Pdomain,14,30,LSELTNSRFPVPIDSLF,1934.0149,fucose,3600,1.53,0.09,,
Kawasaki Pdomain,15,29,SELTNSRFPVPIDSL,1673.8624,fucose,3600,1.52,0.07,,
Kawasaki Pdomain,15,30,SELTNSRFPVPIDSLF,1820.9309,fucose,3600,1.51,0.11,,
Kawasaki Pdomain,17,29,LTNSRFPVPIDSL,1457.7878,fucose,3600,1.34,0.11,,
Kawasaki Pdomain,18,29,TNSRFPVPIDSL,1344.7038,fucose,3600,1.71,0.05,,
Kawasaki Pdomain,30,37,FTAQNNVL,905.4607,fucose,3600,3.2,0.07,,
Kawasaki Pdomain,30,48,FTAQNNVLQVQCQNGRCTL,2136.0204,fucose,3600,6.21,0.18,,
Kawasaki Pdomain,31,48,TAQNNVLQVQCQNGRCTL,1988.952,fucose,3600,6.09,0.15,,
Kawasaki Pdomain,35,48,NVLQVQCQNGRCTL,1574.7657,fucose,3600,3.56,0.1,,
Kawasaki Pdomain,38,48,QVQCQNGRCTL,1248.5703,fucose,3600,1.58,0.08,,
Kawasaki Pdomain,38,52,QVQCQNGRCTLDGEL,1662.7454,fucose,3600,2.47,0.1,,
Kawasaki Pdomain,38,58,QVQCQNGRCTLDGELQGTTQL,2291.0634,fucose,3600,3.88,0.14,,
Kawasaki Pdomain,49,58,DGELQGTTQL,1060.5037,fucose,3600,1.84,0.04,,
Kawasaki Pdomain,49,64,DGELQGTTQLLPTGIC,1644.8029,fucose,3600,2.16,0.09,,
Kawasaki Pdomain,49,65,DGELQGTTQLLPTGICA,1715.84,fucose,3600,2.54,0.12,,
Kawasaki Pdomain,49,66,DGELQGTTQLLPTGICAF,1862.9084,fucose,3600,2.32,0.1,,
Kawasaki Pdomain,53,65,QGTTQLLPTGICA,1301.6649,fucose,3600,1.19,0.12,,
Kawasaki Pdomain,66,84,FRGRVTAQINQRDRWHMQL,2411.2505,fucose,3600,5.76,0.1,,
Kawasaki Pdomain,67,84,RGRVTAQINQRDRWHMQL,2264.1821,fucose,3600,5.56,0.09,,
Kawasaki Pdomain,85,109,QNLNGTTYDPTDDVPAPLGTPDFKG,2632.2293,fucose,3600,6.68,0.18,,
Kawasaki Pdomain,88,107,NGTTYDPTDDVPAPLGTPDF,2091.9273,fucose,3600,4.29,0.35,,
Kawasaki Pdomain,88,109,NGTTYDPTDDVPAPLGTPDFKG,2277.0437,fucose,3600,4.86,0.06,,
Kawasaki Pdomain,88,112,NGTTYDPTDDVPAPLGTPDFKGVVF,2622.249,fucose,3600,4.93,0.09,,
Kawasaki Pdomain,90,112,TTYDPTDDVPAPLGTPDFKGVVF,2451.1846,fucose,3600,4.17,0.13,,
Kawasaki Pdomain,110,133,VVFGMVSQRNVGNDAPGSTRAQQA,2488.2241,fucose,3600,6.14,0.17,,
Kawasaki Pdomain,110,134,VVFGMVSQRNVGNDAPGSTRAQQAW,2674.3034,fucose,3600,6.13,0.21,,
Kawasaki Pdomain,113,133,GMVSQRNVGNDAPGSTRAQQA,2143.0189,fucose,3600,6.15,0.16,,
Kawasaki Pdomain,113,134,GMVSQRNVGNDAPGSTRAQQAW,2329.0982,fucose,3600,5.98,0.15,,
Kawasaki Pdomain,113,137,GMVSQRNVGNDAPGSTRAQQAWVST,2616.2463,fucose,3600,6.83,0.19,,
Kawasaki Pdomain,114,133,MVSQRNVGNDAPGSTRAQQA,2085.9974,fucose,3600,5.92,0.17,,
Kawasaki Pdomain,114,134,MVSQRNVGNDAPGSTRAQQAW,2272.0767,fucose,3600,5.88,0.13,,
Kawasaki Pdomain,134,146,WVSTYSPQFVPKL,1550.8133,fucose,3600,4.09,0.04,,
Kawasaki Pdomain,134,148,WVSTYSPQFVPKLGS,1694.8668,fucose,3600,2.18,0.03,,
Kawasaki Pdomain,134,150,WVSTYSPQFVPKLGSVN,1907.9781,fucose,3600,2.96,0.07,,
Kawasaki Pdomain,134,151,WVSTYSPQFVPKLGSVNL,2021.0622,fucose,3600,2.96,0.07,,
Kawasaki Pdomain,134,158,WVSTYSPQFVPKLGSVNLRISDNDD,2836.4032,fucose,3600,4.87,0.15,,
Kawasaki Pdomain,135,150,VSTYSPQFVPKLGSVN,1721.8988,fucose,3600,2.4,0.07,,
Kawasaki Pdomain,135,151,VSTYSPQFVPKLGSVNL,1834.9829,fucose,3600,2.42,0.05,,
Kawasaki Pdomain,138,150,YSPQFVPKLGSVN,1434.7507,fucose,3600,1.85,0.05,,
Kawasaki Pdomain,138,151,YSPQFVPKLGSVNL,1547.8348,fucose,3600,1.85,0.06,,
Kawasaki Pdomain,143,150,VPKLGSVN,812.4756,fucose,3600,0.96,0.06,,
Kawasaki Pdomain,143,151,VPKLGSVNL,925.5597,fucose,3600,0.98,0.05,,
Kawasaki Pdomain,151,158,LRISDNDD,946.4356,fucose,3600,2.12,0.09,,
Kawasaki Pdomain,151,159,LRISDNDDF,1093.504,fucose,3600,2.52,0.08,,
Kawasaki Pdomain,152,159,RISDNDDF,980.4199,fucose,3600,2.2,0.07,,
Kawasaki Pdomain,159,166,FQFQPTKF,1041.5284,fucose,3600,1.1,0.25,,
Kawasaki Pdomain,160,182,QFQPTKFTPVGVNDDDDGHPFRQ,2644.2306,fucose,3600,3.26,0.06,,
Kawasaki Pdomain,183,191,WELPNYSGE,1093.4716,fucose,3600,3.09,0.03,,
Kawasaki Pdomain,195,211,NMNLAPPVAPNFPGEQL,1807.8927,fucose,3600,4.22,0.19,,
Kawasaki Pdomain,195,213,NMNLAPPVAPNFPGEQLLF,2068.0452,fucose,3600,4.2,0.09,,
Kawasaki Pdomain,197,210,NLAPPVAPNFPGEQ,1449.7252,fucose,3600,1.66,0.07,,
Kawasaki Pdomain,197,212,NLAPPVAPNFPGEQLL,1675.8933,fucose,3600,3.09,0.07,,
Kawasaki Pdomain,197,213,NLAPPVAPNFPGEQLLF,1822.9618,fucose,3600,3.12,0.06,,
Kawasaki Pdomain,212,230,LFFRSFVPCSGGYNQGIID,2119.0197,fucose,3600,3.94,0.1,,
Kawasaki Pdomain,213,230,FFRSFVPCSGGYNQGIID,2005.9356,fucose,3600,3.73,0.11,,
Kawasaki Pdomain,214,230,FRSFVPCSGGYNQGIID,1858.8672,fucose,3600,3.81,0.11,,
Kawasaki Pdomain,214,232,FRSFVPCSGGYNQGIIDCL,2074.9605,fucose,3600,3.79,0.13,,
Kawasaki Pdomain,214,236,FRSFVPCSGGYNQGIIDCLIPQE,2542.1985,fucose,3600,3.58,0.33,,
Kawasaki Pdomain,215,230,RSFVPCSGGYNQGIID,1711.7988,fucose,3600,3.73,0.14,,
Kawasaki Pdomain,231,241,CLIPQEWIQHF,1412.6911,fucose,3600,0.35,0.03,,
Kawasaki Pdomain,231,251,CLIPQEWIQHFYQESAPSQSD,2505.1271,fucose,3600,3.94,0.12,,
Kawasaki Pdomain,233,241,IPQEWIQHF,1196.5978,fucose,3600,0.21,0.08,,
Kawasaki Pdomain,233,251,IPQEWIQHFYQESAPSQSD,2289.0338,fucose,3600,4.33,0.05,,
Kawasaki Pdomain,233,254,IPQEWIQHFYQESAPSQSDVAL,2572.2234,fucose,3600,4.63,0.15,,
Kawasaki Pdomain,237,251,WIQHFYQESAPSQSD,1821.7958,fucose,3600,3.86,0.09,,
Kawasaki Pdomain,237,253,WIQHFYQESAPSQSDVA,1991.9013,fucose,3600,4.61,0.3,,
Kawasaki Pdomain,237,254,WIQHFYQESAPSQSDVAL,2104.9854,fucose,3600,4.52,0.07,,
Kawasaki Pdomain,238,250,IQHFYQESAPSQS,1520.6896,fucose,3600,3.39,0.26,,
Kawasaki Pdomain,238,251,IQHFYQESAPSQSD,1635.7165,fucose,3600,3.84,0.09,,
Kawasaki Pdomain,238,254,IQHFYQESAPSQSDVAL,1918.9061,fucose,3600,4.52,0.09,,
Kawasaki Pdomain,242,254,YQESAPSQSDVAL,1393.6361,fucose,3600,4.3,0.12,,
Kawasaki Pdomain,255,267,IRYVNPDTGRTLF,1550.8205,fucose,3600,4.16,0.06,,
Kawasaki Pdomain,255,268,IRYVNPDTGRTLFE,1679.8631,fucose,3600,4.29,0.07,,
Kawasaki Pdomain,255,271,IRYVNPDTGRTLFEAKL,1992.0793,fucose,3600,4.37,0.12,,
Kawasaki Pdomain,255,276,IRYVNPDTGRTLFEAKLHRSGY,2592.3561,fucose,3600,5.21,0.13,,
Kawasaki Pdomain,268,278,EAKLHRSGYIT,1273.6779,fucose,3600,1.03,0.03,,
Kawasaki Pdomain,268,289,EAKLHRSGYITVAHSGDYPLVV,2411.2597,fucose,3600,5.77,0.1,,
Kawasaki Pdomain,277,297,ITVAHSGDYPLVVPANGHFRF,2296.1753,fucose,3600,6.26,0.14,,
Kawasaki Pdomain,279,300,VAHSGDYPLVVPANGHFRFDSW,2470.1818,fucose,3600,7.14,0.08,,
Kawasaki Pdomain,290,300,PANGHFRFDSW,1332.6,fucose,3600,2.91,0.19,,
Kawasaki Pdomain,290,304,PANGHFRFDSWVNQF,1820.8383,fucose,3600,0.71,0.07,,
Kawasaki Pdomain,1,9,GPGSKPFSL,888.4705,fucose,28800,3.26,0.06,,
Kawasaki Pdomain,1,12,GPGSKPFSLPIL,1211.6914,fucose,28800,4.71,0.07,,
Kawasaki Pdomain,1,13,GPGSKPFSLPILT,1312.7391,fucose,28800,5.37,0.08,,
Kawasaki Pdomain,1,14,GPGSKPFSLPILTL,1425.8231,fucose,28800,6.02,0.1,,
Kawasaki Pdomain,1,16,GPGSKPFSLPILTLSE,1641.8978,fucose,28800,6.91,0.67,,
Kawasaki Pdomain,3,14,GSKPFSLPILTL,1271.7489,fucose,28800,5.58,0.24,,
Kawasaki Pdomain,13,29,TLSELTNSRFPVPIDSL,1887.9942,fucose,28800,1.83,0.04,,
Kawasaki Pdomain,14,29,LSELTNSRFPVPIDSL,1786.9465,fucose,28800,1.43,0.02,,
Kawasaki Pdomain,14,30,LSELTNSRFPVPIDSLF,1934.0149,fucose,28800,1.39,0.03,,
Kawasaki Pdomain,15,29,SELTNSRFPVPIDSL,1673.8624,fucose,28800,1.43,0.01,,
Kawasaki Pdomain,15,30,SELTNSRFPVPIDSLF,1820.9309,fucose,28800,1.43,0.04,,
Kawasaki Pdomain,17,29,LTNSRFPVPIDSL,1457.7878,fucose,28800,1.26,0.01,,
Kawasaki Pdomain,18,29,TNSRFPVPIDSL,1344.7038,fucose,28800,1.74,0.07,,
Kawasaki Pdomain,30,37,FTAQNNVL,905.4607,fucose,28800,3.38,0.06,,
Kawasaki Pdomain,30,48,FTAQNNVLQVQCQNGRCTL,2136.0204,fucose,28800,6.35,0.09,,
Kawasaki Pdomain,31,48,TAQNNVLQVQCQNGRCTL,1988.952,fucose,28800,6.04,0.13,,
Kawasaki Pdomain,35,48,NVLQVQCQNGRCTL,1574.7657,fucose,28800,3.62,0.15,,
Kawasaki Pdomain,38,48,QVQCQNGRCTL,1248.5703,fucose,28800,1.52,0.01,,
Kawasaki Pdomain,38,52,QVQCQNGRCTLDGEL,1662.7454,fucose,28800,2.69,0.06,,
Kawasaki Pdomain,38,58,QVQCQNGRCTLDGELQGTTQL,2291.0634,fucose,28800,4.39,0.04,,
Kawasaki Pdomain,49,58,DGELQGTTQL,1060.5037,fucose,28800,2.3,0.03,,
Kawasaki Pdomain,49,64,DGELQGTTQLLPTGIC,1644.8029,fucose,28800,2.91,0.05,,
Kawasaki Pdomain,49,65,DGELQGTTQLLPTGICA,1715.84,fucose,28800,3.15,0.08,,
Kawasaki Pdomain,49,66,DGELQGTTQLLPTGICAF,1862.9084,fucose,28800,3.02,0.03,,
Kawasaki Pdomain,53,65,QGTTQLLPTGICA,1301.6649,fucose,28800,1.76,0.04,,
Kawasaki Pdomain,66,84,FRGRVTAQINQRDRWHMQL,2411.2505,fucose,28800,6.44,0.16,,
Kawasaki Pdomain,67,84,RGRVTAQINQRDRWHMQL,2264.1821,fucose,28800,6.15,0.18,,
Kawasaki Pdomain,85,109,QNLNGTTYDPTDDVPAPLGTPDFKG,2632.2293,fucose,28800,7.07,0.15,,
Kawasaki Pdomain,88,107,NGTTYDPTDDVPAPLGTPDF,2091.9273,fucose,28800,4.87,0.06,,
Kawasaki Pdomain,88,109,NGTTYDPTDDVPAPLGTPDFKG,2277.0437,fucose,28800,5.12,0.11,,
Kawasaki Pdomain,88,112,NGTTYDPTDDVPAPLGTPDFKGVVF,2622.249,fucose,28800,5.13,0.11,,
Kawasaki Pdomain,90,112,TTYDPTDDVPAPLGTPDFKGVVF,2451.1846,fucose,28800,4.76,0.19,,
Kawasaki Pdomain,110,133,VVFGMVSQRNVGNDAPGSTRAQQA,2488.2241,fucose,28800,6.87,0.21,,
Kawasaki Pdomain,110,134,VVFGMVSQRNVGNDAPGSTRAQQAW,2674.3034,fucose,28800,7.05,0.23,,
Kawasaki Pdomain,113,133,GMVSQRNVGNDAPGSTRAQQA,2143.0189,fucose,28800,6.94,0.19,,
Kawasaki Pdomain,113,134,GMVSQRNVGNDAPGSTRAQQAW,2329.0982,fucose,28800,6.73,0.17,,
Kawasaki Pdomain,113,137,GMVSQRNVGNDAPGSTRAQQAWVST,2616.2463,fucose,28800,7.58,0.24,,
Kawasaki Pdomain,114,133,MVSQRNVGNDAPGSTRAQQA,2085.9974,fucose,28800,6.69,0.14,,
Kawasaki Pdomain,114,134,MVSQRNVGNDAPGSTRAQQAW,2272.0767,fucose,28800,6.56,0.2,,
Kawasaki Pdomain,134,146,WVSTYSPQFVPKL,1550.8133,fucose,28800,5.37,0.12,,
Kawasaki Pdomain,134,148,WVSTYSPQFVPKLGS,1694.8668,fucose,28800,2.41,0.06,,
Kawasaki Pdomain,134,150,WVSTYSPQFVPKLGSVN,1907.9781,fucose,28800,3.13,0.04,,
Kawasaki Pdomain,134,151,WVSTYSPQFVPKLGSVNL,2021.0622,fucose,28800,3.13,0.04,,
Kawasaki Pdomain,134,158,WVSTYSPQFVPKLGSVNLRISDNDD,2836.4032,fucose,28800,5.4,0.12,,
Kawasaki Pdomain,135,150,VSTYSPQFVPKLGSVN,1721.8988,fucose,28800,2.56,0.03,,
Kawasaki Pdomain,135,151,VSTYSPQFVPKLGSVNL,1834.9829,fucose,28800,2.56,0.02,,
Kawasaki Pdomain,138,150,YSPQFVPKLGSVN,1434.7507,fucose,28800,1.9,0.03,,
Kawasaki Pdomain,138,151,YSPQFVPKLGSVNL,1547.8348,fucose,28800,1.88,0.04,,
Kawasaki Pdomain,143,150,VPKLGSVN,812.4756,fucose,28800,1.04,0.03,,
Kawasaki Pdomain,143,151,VPKLGSVNL,925.5597,fucose,28800,1.06,0.02,,
Kawasaki Pdomain,151,158,LRISDNDD,946.4356,fucose,28800,2.55,0.07,,
Kawasaki Pdomain,151,159,LRISDNDDF,1093.504,fucose,28800,2.93,0.11,,
Kawasaki Pdomain,152,159,RISDNDDF,980.4199,fucose,28800,2.26,0.1,,
Kawasaki Pdomain,159,166,FQFQPTKF,1041.5284,fucose,28800,1.11,0.25,,
Kawasaki Pdomain,160,182,QFQPTKFTPVGVNDDDDGHPFRQ,2644.2306,fucose,28800,3.28,0.17,,
Kawasaki Pdomain,183,191,WELPNYSGE,1093.4716,fucose,28800,3.47,0.2,,
Kawasaki Pdomain,195,211,NMNLAPPVAPNFPGEQL,1807.8927,fucose,28800,5.18,0.49,,
Kawasaki Pdomain,195,213,NMNLAPPVAPNFPGEQLLF,2068.0452,fucose,28800,5.25,0.11,,
Kawasaki Pdomain,197,210,NLAPPVAPNFPGEQ,1449.7252,fucose,28800,2.41,0.1,,
Kawasaki Pdomain,197,212,NLAPPVAPNFPGEQLL,1675.8933,fucose,28800,4.12,0.07,,
Kawasaki Pdomain,197,213,NLAPPVAPNFPGEQLLF,1822.9618,fucose,28800,4.21,0.08,,
Kawasaki Pdomain,212,230,LFFRSFVPCSGGYNQGIID,2119.0197,fucose,28800,3.96,0.13,,
Kawasaki Pdomain,213,230,FFRSFVPCSGGYNQGIID,2005.9356,fucose,28800,3.82,0.08,,
Kawasaki Pdomain,214,230,FRSFVPCSGGYNQGIID,1858.8672,fucose,28800,3.9,0.09,,
Kawasaki Pdomain,214,232,FRSFVPCSGGYNQGIIDCL,2074.9605,fucose,28800,3.9,0.12,,
Kawasaki Pdomain,214,236,FRSFVPCSGGYNQGIIDCLIPQE,2542.1985,fucose,28800,3.96,0.24,,
Kawasaki Pdomain,215,230,RSFVPCSGGYNQGIID,1711.7988,fucose,28800,3.85,0.08,,
Kawasaki Pdomain,231,241,CLIPQEWIQHF,1412.6911,fucose,28800,0.37,0.02,,
Kawasaki Pdomain,231,251,CLIPQEWIQHFYQESAPSQSD,2505.1271,fucose,28800,3.93,0.07,,
Kawasaki Pdomain,233,241,IPQEWIQHF,1196.5978,fucose,28800,0.22,0.01,,
Kawasaki Pdomain,233,251,IPQEWIQHFYQESAPSQSD,2289.0338,fucose,28800,4.32,0.28,,
Kawasaki Pdomain,233,254,IPQEWIQHFYQESAPSQSDVAL,2572.2234,fucose,28800,5.01,0.06,,
Kawasaki Pdomain,237,251,WIQHFYQESAPSQSD,1821.7958,fucose,28800,3.88,0.08,,
Kawasaki Pdomain,237,253,WIQHFYQESAPSQSDVA,1991.9013,fucose,28800,4.99,0.25,,
Kawasaki Pdomain,237,254,WIQHFYQESAPSQSDVAL,2104.9854,fucose,28800,4.85,0.1,,
Kawasaki Pdomain,238,250,IQHFYQESAPSQS,1520.6896,fucose,28800,3.66,0.36,,
Kawasaki Pdomain,238,251,IQHFYQESAPSQSD,1635.7165,fucose,28800,3.86,0.07,,
Kawasaki Pdomain,238,254,IQHFYQESAPSQSDVAL,1918.9061,fucose,28800,4.86,0.08,,
Kawasaki Pdomain,242,254,YQESAPSQSDVAL,1393.6361,fucose,28800,4.65,0.07,,
Kawasaki Pdomain,255,267,IRYVNPDTGRTLF,1550.8205,fucose,28800,5.46,0.11,,
Kawasaki Pdomain,255,268,IRYVNPDTGRTLFE,1679.8631,fucose,28800,5.86,0.12,,
Kawasaki Pdomain,255,271,IRYVNPDTGRTLFEAKL,1992.0793,fucose,28800,5.97,0.05,,
Kawasaki Pdomain,255,276,IRYVNPDTGRTLFEAKLHRSGY,2592.3561,fucose,28800,6.67,0.09,,
Kawasaki Pdomain,268,278,EAKLHRSGYIT,1273.6779,fucose,28800,0.92,0.05,,
Kawasaki Pdomain,268,289,EAKLHRSGYITVAHSGDYPLVV,2411.2597,fucose,28800,6.46,0.16,,
Kawasaki Pdomain,277,297,ITVAHSGDYPLVVPANGHFRF,2296.1753,fucose,28800,6.44,0.2,,
Kawasaki Pdomain,279,300,VAHSGDYPLVVPANGHFRFDSW,2470.1818,fucose,28800,7.42,0.17,,
Kawasaki Pdomain,290,300,PANGHFRFDSW,1332.6,fucose,28800,3.59,0.38,,
Kawasaki Pdomain,290,304,PANGHFRFDSWVNQF,1820.8383,fucose,28800,1.74,0.02,,
Kawasaki Pdomain,1,9,GPGSKPFSL,888.4705,FD,28800,2.82,0.03,,
Kawasaki Pdomain,1,12,GPGSKPFSLPIL,1211.6914,FD,28800,4.22,0.02,,
Kawasaki Pdomain,1,13,GPGSKPFSLPILT,1312.7391,FD,28800,4.93,0.06,,
Kawasaki Pdomain,1,14,GPGSKPFSLPILTL,1425.8231,FD,28800,5.56,0.02,,
Kawasaki Pdomain,1,16,GPGSKPFSLPILTLSE,1641.8978,FD,28800,6.24,0.18,,
Kawasaki Pdomain,3,14,GSKPFSLPILTL,1271.7489,FD,28800,5.12,0.05,,
Kawasaki Pdomain,13,29,TLSELTNSRFPVPIDSL,1887.9942,FD,28800,2.92,0.05,,
Kawasaki Pdomain,14,29,LSELTNSRFPVPIDSL,1786.9465,FD,28800,2.45,0.06,,
Kawasaki Pdomain,14,30,LSELTNSRFPVPIDSLF,1934.0149,FD,28800,2.5,0.07,,
Kawasaki Pdomain,15,29,SELTNSRFPVPIDSL,1673.8624,FD,28800,2.39,0.05,,
Kawasaki Pdomain,15,30,SELTNSRFPVPIDSLF,1820.9309,FD,28800,2.46,0.06,,
Kawasaki Pdomain,17,29,LTNSRFPVPIDSL,1457.7878,FD,28800,2.07,0.04,,
Kawasaki Pdomain,18,29,TNSRFPVPIDSL,1344.7038,FD,28800,2.14,0.02,,
Kawasaki Pdomain,30,37,FTAQNNVL,905.4607,FD,28800,3.36,0.02,,
Kawasaki Pdomain,30,48,FTAQNNVLQVQCQNGRCTL,2136.0204,FD,28800,6.75,0.06,,
Kawasaki Pdomain,31,48,TAQNNVLQVQCQNGRCTL,1988.952,FD,28800,6.17,0,,
Kawasaki Pdomain,35,48,NVLQVQCQNGRCTL,1574.7657,FD,28800,3.89,0.15,,
Kawasaki Pdomain,38,48,QVQCQNGRCTL,1248.5703,FD,28800,2,0.07,,
Kawasaki Pdomain,38,52,QVQCQNGRCTLDGEL,1662.7454,FD,28800,3.37,0.06,,
Kawasaki Pdomain,38,58,QVQCQNGRCTLDGELQGTTQL,2291.0634,FD,28800,5.2,0.15,,
Kawasaki Pdomain,49,58,DGELQGTTQL,1060.5037,FD,28800,2.4,0.04,,
Kawasaki Pdomain,49,64,DGELQGTTQLLPTGIC,1644.8029,FD,28800,3.8,0.05,,
Kawasaki Pdomain,49,65,DGELQGTTQLLPTGICA,1715.84,FD,28800,4,0.01,,
Kawasaki Pdomain,49,66,DGELQGTTQLLPTGICAF,1862.9084,FD,28800,3.94,0.04,,
Kawasaki Pdomain,53,65,QGTTQLLPTGICA,1301.6649,FD,28800,2.73,0.09,,
Kawasaki Pdomain,66,84,FRGRVTAQINQRDRWHMQL,2411.2505,FD,28800,6.89,0.05,,
Kawasaki Pdomain,67,84,RGRVTAQINQRDRWHMQL,2264.1821,FD,28800,6.49,0,,
Kawasaki Pdomain,85,109,QNLNGTTYDPTDDVPAPLGTPDFKG,2632.2293,FD,28800,6.66,0.01,,
Kawasaki Pdomain,88,107,NGTTYDPTDDVPAPLGTPDF,2091.9273,FD,28800,4.6,0.17,,
Kawasaki Pdomain,88,109,NGTTYDPTDDVPAPLGTPDFKG,2277.0437,FD,28800,4.93,0.04,,
Kawasaki Pdomain,88,112,NGTTYDPTDDVPAPLGTPDFKGVVF,2622.249,FD,28800,5.23,0.09,,
Kawasaki Pdomain,90,112,TTYDPTDDVPAPLGTPDFKGVVF,2451.1846,FD,28800,4.61,0.07,,
Kawasaki Pdomain,110,133,VVFGMVSQRNVGNDAPGSTRAQQA,2488.2241,FD,28800,8.16,0.08,,
Kawasaki Pdomain,110,134,VVFGMVSQRNVGNDAPGSTRAQQAW,2674.3034,FD,28800,8.26,0.14,,
Kawasaki Pdomain,113,133,GMVSQRNVGNDAPGSTRAQQA,2143.0189,FD,28800,8.07,0.06,,
Kawasaki Pdomain,113,134,GMVSQRNVGNDAPGSTRAQQAW,2329.0982,FD,28800,7.89,0.04,,
Kawasaki Pdomain,113,137,GMVSQRNVGNDAPGSTRAQQAWVST,2616.2463,FD,28800,8.75,0.04,,
Kawasaki Pdomain,114,133,MVSQRNVGNDAPGSTRAQQA,2085.9974,FD,28800,7.85,0.07,,
Kawasaki Pdomain,114,134,MVSQRNVGNDAPGSTRAQQAW,2272.0767,FD,28800,7.7,0.08,,
Kawasaki Pdomain,134,146,WVSTYSPQFVPKL,1550.8133,FD,28800,5.17,0.01,,
Kawasaki Pdomain,134,148,WVSTYSPQFVPKLGS,1694.8668,FD,28800,3.24,0.05,,
Kawasaki Pdomain,134,150,WVSTYSPQFVPKLGSVN,1907.9781,FD,28800,4.38,0.02,,
Kawasaki Pdomain,134,151,WVSTYSPQFVPKLGSVNL,2021.0622,FD,28800,4.52,0.02,,
Kawasaki Pdomain,134,158,WVSTYSPQFVPKLGSVNLRISDNDD,2836.4032,FD,28800,6.64,0.05,,
Kawasaki Pdomain,135,150,VSTYSPQFVPKLGSVN,1721.8988,FD,28800,3.82,0.02,,
Kawasaki Pdomain,135,151,VSTYSPQFVPKLGSVNL,1834.9829,FD,28800,4.01,0.02,,
Kawasaki Pdomain,138,150,YSPQFVPKLGSVN,1434.7507,FD,28800,2.68,0,,
Kawasaki Pdomain,138,151,YSPQFVPKLGSVNL,1547.8348,FD,28800,2.84,0.03,,
Kawasaki Pdomain,143,150,VPKLGSVN,812.4756,FD,28800,1.56,0.01,,
Kawasaki Pdomain,143,151,VPKLGSVNL,925.5597,FD,28800,1.75,0.01,,
Kawasaki Pdomain,151,158,LRISDNDD,946.4356,FD,28800,2.26,0.03,,
Kawasaki Pdomain,151,159,LRISDNDDF,1093.504,FD,28800,2.63,0.04,,
Kawasaki Pdomain,152,159,RISDNDDF,980.4199,FD,28800,1.9,0.03,,
Kawasaki Pdomain,159,166,FQFQPTKF,1041.5284,FD,28800,2.28,0.01,,
Kawasaki Pdomain,160,182,QFQPTKFTPVGVNDDDDGHPFRQ,2644.2306,FD,28800,4.5,0.03,,
Kawasaki Pdomain,183,191,WELPNYSGE,1093.4716,FD,28800,3.07,0.09,,
Kawasaki Pdomain,195,211,NMNLAPPVAPNFPGEQL,1807.8927,FD,28800,5.42,0.06,,
Kawasaki Pdomain,195,213,NMNLAPPVAPNFPGEQLLF,2068.0452,FD,28800,5.52,0.02,,
Kawasaki Pdomain,197,210,NLAPPVAPNFPGEQ,1449.7252,FD,28800,2.59,0.05,,
Kawasaki Pdomain,197,212,NLAPPVAPNFPGEQLL,1675.8933,FD,28800,4.4,0.04,,
Kawasaki Pdomain,197,213,NLAPPVAPNFPGEQLLF,1822.9618,FD,28800,4.54,0.04,,
Kawasaki Pdomain,212,230,LFFRSFVPCSGGYNQGIID,2119.0197,FD,28800,4.94,0.01,,
Kawasaki Pdomain,213,230,FFRSFVPCSGGYNQGIID,2005.9356,FD,28800,4.72,0.03,,
Kawasaki Pdomain,214,230,FRSFVPCSGGYNQGIID,1858.8672,FD,28800,4.74,0.03,,
Kawasaki Pdomain,214,232,FRSFVPCSGGYNQGIIDCL,2074.9605,FD,28800,4.84,0.05,,
Kawasaki Pdomain,214,236,FRSFVPCSGGYNQGIIDCLIPQE,2542.1985,FD,28800,5.12,0.14,,
Kawasaki Pdomain,215,230,RSFVPCSGGYNQGIID,1711.7988,FD,28800,4.66,0.12,,
Kawasaki Pdomain,231,241,CLIPQEWIQHF,1412.6911,FD,28800,0.92,0.03,,
Kawasaki Pdomain,231,251,CLIPQEWIQHFYQESAPSQSD,2505.1271,FD,28800,4.37,0.01,,
Kawasaki Pdomain,233,241,IPQEWIQHF,1196.5978,FD,28800,0.84,0.07,,
Kawasaki Pdomain,233,251,IPQEWIQHFYQESAPSQSD,2289.0338,FD,28800,4.63,0.07,,
Kawasaki Pdomain,233,254,IPQEWIQHFYQESAPSQSDVAL,2572.2234,FD,28800,5.28,0.09,,
Kawasaki Pdomain,237,251,WIQHFYQESAPSQSD,1821.7958,FD,28800,3.72,0.03,,
Kawasaki Pdomain,237,253,WIQHFYQESAPSQSDVA,1991.9013,FD,28800,4.71,0,,
Kawasaki Pdomain,237,254,WIQHFYQESAPSQSDVAL,2104.9854,FD,28800,4.71,0.01,,
Kawasaki Pdomain,238,250,IQHFYQESAPSQS,1520.6896,FD,28800,3.38,0.05,,
Kawasaki Pdomain,238,251,IQHFYQESAPSQSD,1635.7165,FD,28800,3.65,0.04,,
Kawasaki Pdomain,238,254,IQHFYQESAPSQSDVAL,1918.9061,FD,28800,4.67,0.03,,
Kawasaki Pdomain,242,254,YQESAPSQSDVAL,1393.6361,FD,28800,4.19,0.03,,
Kawasaki Pdomain,255,267,IRYVNPDTGRTLF,1550.8205,FD,28800,5.28,0.01,,
Kawasaki Pdomain,255,268,IRYVNPDTGRTLFE,1679.8631,FD,28800,5.78,0.02,,
Kawasaki Pdomain,255,271,IRYVNPDTGRTLFEAKL,1992.0793,FD,28800,6.1,0.05,,
Kawasaki Pdomain,255,276,IRYVNPDTGRTLFEAKLHRSGY,2592.3561,FD,28800,6.93,0.12,,
Kawasaki Pdomain,268,278,EAKLHRSGYIT,1273.6779,FD,28800,1.14,0.02,,
Kawasaki Pdomain,268,289,EAKLHRSGYITVAHSGDYPLVV,2411.2597,FD,28800,6.91,0.05,,
Kawasaki Pdomain,277,297,ITVAHSGDYPLVVPANGHFRF,2296.1753,FD,28800,6.2,0.03,,
Kawasaki Pdomain,279,300,VAHSGDYPLVVPANGHFRFDSW,2470.1818,FD,28800,6.82,0.07,,
Kawasaki Pdomain,290,300,PANGHFRFDSW,1332.6,FD,28800,3.11,0.07,,
Kawasaki Pdomain,290,304,PANGHFRFDSWVNQF,1820.8383,FD,28800,2.39,0.29,,
,,,,,,,,,,
,,,,,,,,,,
,,,,,,,,,,
,,,,,,,,,,
,,,,,,,,,,
,,,,,,,,,,
,,,,,,,,,,
,,,,,,,,,,
,,,,,,,,,,
,,,,,,,,,,
,,,,,,,,,,
,,,,,,,,,,
,,,,,,,,,,
,,,,,,,,,,
,,,,,,,,,,
,,,,,,,,,,
,,,,,,,,,,
,,,,,,,,,,
,,,,,,,,,,
,,,,,,,,,,
,,,,,,,,,,
,,,,,,,,,,
,,,,,,,,,,
,,,,,,,,,,
,,,,,,,,,,
,,,,,,,,,,
,,,,,,,,,,
,,,,,,,,,,
,,,,,,,,,,
,,,,,,,,,,
,,,,,,,,,,
,,,,,,,,,,
,,,,,,,,,,
,,,,,,,,,,
,,,,,,,,,,
,,,,,,,,,,
,,,,,,,,,,
,,,,,,,,,,
,,,,,,,,,,
,,,,,,,,,,
,,,,,,,,,,
,,,,,,,,,,
,,,,,,,,,,
,,,,,,,,,,
,,,,,,,,,,
,,,,,,,,,,
,,,,,,,,,,
,,,,,,,,,,
,,,,,,,,,,
,,,,,,,,,,
,,,,,,,,,,
,,,,,,,,,,
,,,,,,,,,,
,,,,,,,,,,
,,,,,,,,,,
,,,,,,,,,,
,,,,,,,,,,
,,,,,,,,,,
,,,,,,,,,,
,,,,,,,,,,
,,,,,,,,,,
,,,,,,,,,,
,,,,,,,,,,
,,,,,,,,,,
,,,,,,,,,,
,,,,,,,,,,
,,,,,,,,,,
,,,,,,,,,,
,,,,,,,,,,
,,,,,,,,,,
,,,,,,,,,,
,,,,,,,,,,
,,,,,,,,,,
,,,,,,,,,,
,,,,,,,,,,
,,,,,,,,,,
,,,,,,,,,,
,,,,,,,,,,
,,,,,,,,,,
,,,,,,,,,,
,,,,,,,,,,
,,,,,,,,,,
,,,,,,,,,,
,,,,,,,,,,
,,,,,,,,,,
,,,,,,,,,,
,,,,,,,,,,
,,,,,,,,,,
,,,,,,,,,,
,,,,,,,,,,
,,,,,,,,,,
,,,,,,,,,,
,,,,,,,,,,
,,,,,,,,,,
,,,,,,,,,,
,,,,,,,,,,
,,,,,,,,,,
,,,,,,,,,,
,,,,,,,,,,
,,,,,,,,,,
,,,,,,,,,,
,,,,,,,,,,
,,,,,,,,,,
,,,,,,,,,,
,,,,,,,,,,
,,,,,,,,,,
,,,,,,,,,,
,,,,,,,,,,
,,,,,,,,,,
,,,,,,,,,,
,,,,,,,,,,
,,,,,,,,,,
,,,,,,,,,,
,,,,,,,,,,
,,,,,,,,,,
,,,,,,,,,,
,,,,,,,,,,
,,,,,,,,,,
,,,,,,,,,,
,,,,,,,,,,
,,,,,,,,,,
,,,,,,,,,,
,,,,,,,,,,
,,,,,,,,,,
,,,,,,,,,,
,,,,,,,,,,
,,,,,,,,,,
,,,,,,,,,,
,,,,,,,,,,
,,,,,,,,,,
,,,,,,,,,,
,,,,,,,,,,
,,,,,,,,,,
,,,,,,,,,,
,,,,,,,,,,
,,,,,,,,,,
,,,,,,,,,,
,,,,,,,,,,
,,,,,,,,,,
,,,,,,,,,,
,,,,,,,,,,
,,,,,,,,,,
,,,,,,,,,,
,,,,,,,,,,
,,,,,,,,,,
,,,,,,,,,,
,,,,,,,,,,
,,,,,,,,,,
,,,,,,,,,,
,,,,,,,,,,
,,,,,,,,,,
,,,,,,,,,,
,,,,,,,,,,
,,,,,,,,,,
,,,,,,,,,,
,,,,,,,,,,
,,,,,,,,,,
,,,,,,,,,,
,,,,,,,,,,
,,,,,,,,,,
,,,,,,,,,,
,,,,,,,,,,
,,,,,,,,,,
,,,,,,,,,,
,,,,,,,,,,
,,,,,,,,,,
,,,,,,,,,,
,,,,,,,,,,
,,,,,,,,,,
,,,,,,,,,,
,,,,,,,,,,
,,,,,,,,,,
,,,,,,,,,,
,,,,,,,,,,
,,,,,,,,,,
,,,,,,,,,,
,,,,,,,,,,
,,,,,,,,,,
,,,,,,,,,,
,,,,,,,,,,
,,,,,,,,,,
,,,,,,,,,,
,,,,,,,,,,
,,,,,,,,,,
,,,,,,,,,,
,,,,,,,,,,
,,,,,,,,,,
,,,,,,,,,,
,,,,,,,,,,
,,,,,,,,,,
,,,,,,,,,,
,,,,,,,,,,
,,,,,,,,,,
,,,,,,,,,,
,,,,,,,,,,
,,,,,,,,,,
,,,,,,,,,,
,,,,,,,,,,
,,,,,,,,,,
,,,,,,,,,,
,,,,,,,,,,
,,,,,,,,,,
,,,,,,,,,,
,,,,,,,,,,
,,,,,,,,,,
,,,,,,,,,,
,,,,,,,,,,
,,,,,,,,,,
,,,,,,,,,,
,,,,,,,,,,
,,,,,,,,,,
,,,,,,,,,,
,,,,,,,,,,
,,,,,,,,,,
,,,,,,,,,,
,,,,,,,,,,
,,,,,,,,,,
,,,,,,,,,,
,,,,,,,,,,
,,,,,,,,,,
,,,,,,,,,,
,,,,,,,,,,
,,,,,,,,,,
,,,,,,,,,,
,,,,,,,,,,
,,,,,,,,,,
,,,,,,,,,,
,,,,,,,,,,
,,,,,,,,,,
,,,,,,,,,,
,,,,,,,,,,
,,,,,,,,,,
,,,,,,,,,,
,,,,,,,,,,
,,,,,,,,,,
,,,,,,,,,,
,,,,,,,,,,
,,,,,,,,,,
,,,,,,,,,,
,,,,,,,,,,
,,,,,,,,,,
,,,,,,,,,,
,,,,,,,,,,
,,,,,,,,,,
,,,,,,,,,,
,,,,,,,,,,
,,,,,,,,,,
,,,,,,,,,,
,,,,,,,,,,
,,,,,,,,,,
,,,,,,,,,,
,,,,,,,,,,
,,,,,,,,,,
,,,,,,,,,,
,,,,,,,,,,
,,,,,,,,,,
,,,,,,,,,,
,,,,,,,,,,
,,,,,,,,,,
,,,,,,,,,,
,,,,,,,,,,
,,,,,,,,,,
,,,,,,,,,,
,,,,,,,,,,
,,,,,,,,,,
,,,,,,,,,,
,,,,,,,,,,
,,,,,,,,,,
,,,,,,,,,,
,,,,,,,,,,
,,,,,,,,,,
,,,,,,,,,,
,,,,,,,,,,
,,,,,,,,,,
,,,,,,,,,,
,,,,,,,,,,
,,,,,,,,,,
,,,,,,,,,,
,,,,,,,,,,
,,,,,,,,,,
,,,,,,,,,,
,,,,,,,,,,
,,,,,,,,,,
,,,,,,,,,,
,,,,,,,,,,
,,,,,,,,,,
,,,,,,,,,,
,,,,,,,,,,
,,,,,,,,,,
,,,,,,,,,,
,,,,,,,,,,
,,,,,,,,,,
,,,,,,,,,,
,,,,,,,,,,
,,,,,,,,,,
,,,,,,,,,,
,,,,,,,,,,
,,,,,,,,,,
,,,,,,,,,,
,,,,,,,,,,
,,,,,,,,,,
,,,,,,,,,,
,,,,,,,,,,
,,,,,,,,,,
,,,,,,,,,,
,,,,,,,,,,
,,,,,,,,,,
,,,,,,,,,,
,,,,,,,,,,
,,,,,,,,,,
,,,,,,,,,,
,,,,,,,,,,
,,,,,,,,,,
,,,,,,,,,,
,,,,,,,,,,
,,,,,,,,,,
,,,,,,,,,,
,,,,,,,,,,
,,,,,,,,,,
,,,,,,,,,,
,,,,,,,,,,
,,,,,,,,,,
,,,,,,,,,,
,,,,,,,,,,
,,,,,,,,,,
,,,,,,,,,,
,,,,,,,,,,
,,,,,,,,,,
,,,,,,,,,,
,,,,,,,,,,
,,,,,,,,,,
,,,,,,,,,,
,,,,,,,,,,
,,,,,,,,,,
,,,,,,,,,,
,,,,,,,,,,
,,,,,,,,,,
,,,,,,,,,,
,,,,,,,,,,
,,,,,,,,,,
,,,,,,,,,,
,,,,,,,,,,
,,,,,,,,,,
,,,,,,,,,,
,,,,,,,,,,
,,,,,,,,,,
,,,,,,,,,,
,,,,,,,,,,
,,,,,,,,,,
,,,,,,,,,,
,,,,,,,,,,
,,,,,,,,,,
,,,,,,,,,,
,,,,,,,,,,
,,,,,,,,,,
,,,,,,,,,,
,,,,,,,,,,
,,,,,,,,,,
,,,,,,,,,,
,,,,,,,,,,
,,,,,,,,,,
,,,,,,,,,,
,,,,,,,,,,
,,,,,,,,,,
,,,,,,,,,,
,,,,,,,,,,
,,,,,,,,,,
,,,,,,,,,,
,,,,,,,,,,
,,,,,,,,,,
,,,,,,,,,,
,,,,,,,,,,
,,,,,,,,,,
,,,,,,,,,,
,,,,,,,,,,
,,,,,,,,,,
,,,,,,,,,,
,,,,,,,,,,
,,,,,,,,,,
,,,,,,,,,,
,,,,,,,,,,
,,,,,,,,,,
,,,,,,,,,,
,,,,,,,,,,
,,,,,,,,,,
,,,,,,,,,,
,,,,,,,,,,
,,,,,,,,,,
,,,,,,,,,,
,,,,,,,,,,
,,,,,,,,,,
,,,,,,,,,,
,,,,,,,,,,
,,,,,,,,,,
,,,,,,,,,,
,,,,,,,,,,
,,,,,,,,,,
,,,,,,,,,,
,,,,,,,,,,
,,,,,,,,,,
,,,,,,,,,,
,,,,,,,,,,
,,,,,,,,,,
,,,,,,,,,,
,,,,,,,,,,
,,,,,,,,,,
,,,,,,,,,,
,,,,,,,,,,
,,,,,,,,,,
,,,,,,,,,,
,,,,,,,,,,
,,,,,,,,,,
,,,,,,,,,,
,,,,,,,,,,
,,,,,,,,,,
,,,,,,,,,,
,,,,,,,,,,
,,,,,,,,,,
,,,,,,,,,,
,,,,,,,,,,
,,,,,,,,,,
,,,,,,,,,,
,,,,,,,,,,
,,,,,,,,,,
,,,,,,,,,,
,,,,,,,,,,
,,,,,,,,,,
,,,,,,,,,,
,,,,,,,,,,
,,,,,,,,,,
,,,,,,,,,,
,,,,,,,,,,
,,,,,,,,,,
,,,,,,,,,,
,,,,,,,,,,
,,,,,,,,,,
,,,,,,,,,,
,,,,,,,,,,
,,,,,,,,,,
,,,,,,,,,,
,,,,,,,,,,
,,,,,,,,,,
,,,,,,,,,,
,,,,,,,,,,
,,,,,,,,,,
,,,,,,,,,,
,,,,,,,,,,
,,,,,,,,,,
,,,,,,,,,,
,,,,,,,,,,
,,,,,,,,,,
,,,,,,,,,,
,,,,,,,,,,
,,,,,,,,,,
,,,,,,,,,,
,,,,,,,,,,
,,,,,,,,,,
,,,,,,,,,,
,,,,,,,,,,
,,,,,,,,,,
,,,,,,,,,,
,,,,,,,,,,
,,,,,,,,,,
,,,,,,,,,,
,,,,,,,,,,
,,,,,,,,,,
,,,,,,,,,,
,,,,,,,,,,
,,,,,,,,,,
,,,,,,,,,,
,,,,,,,,,,
,,,,,,,,,,
,,,,,,,,,,
,,,,,,,,,,
,,,,,,,,,,
,,,,,,,,,,
,,,,,,,,,,
,,,,,,,,,,
,,,,,,,,,,
,,,,,,,,,,
,,,,,,,,,,
,,,,,,,,,,
,,,,,,,,,,
,,,,,,,,,,
,,,,,,,,,,
,,,,,,,,,,
,,,,,,,,,,
,,,,,,,,,,
,,,,,,,,,,
,,,,,,,,,,
,,,,,,,,,,
,,,,,,,,,,
,,,,,,,,,,
,,,,,,,,,,
,,,,,,,,,,
,,,,,,,,,,
,,,,,,,,,,
,,,,,,,,,,
,,,,,,,,,,
,,,,,,,,,,
,,,,,,,,,,
,,,,,,,,,,
,,,,,,,,,,
,,,,,,,,,,
,,,,,,,,,,
,,,,,,,,,,
,,,,,,,,,,
,,,,,,,,,,
,,,,,,,,,,
,,,,,,,,,,
,,,,,,,,,,
,,,,,,,,,,
,,,,,,,,,,
,,,,,,,,,,
,,,,,,,,,,
,,,,,,,,,,
,,,,,,,,,,
,,,,,,,,,,
,,,,,,,,,,
,,,,,,,,,,
,,,,,,,,,,
,,,,,,,,,,
,,,,,,,,,,
,,,,,,,,,,
,,,,,,,,,,
,,,,,,,,,,
,,,,,,,,,,
,,,,,,,,,,
,,,,,,,,,,
,,,,,,,,,,
,,,,,,,,,,
,,,,,,,,,,
,,,,,,,,,,
,,,,,,,,,,
,,,,,,,,,,
,,,,,,,,,,