,Start,End,Sequence,State,MaxUptake,Uptake,Exposure,Predicted Uptake (1)
0,-383,-371,VIWINGDKGYNGL,AriH2,12.0,0.0,0.0,
1,-383,-371,VIWINGDKGYNGL,AriH2,12.0,5.223351999999999,0.25,
2,-383,-371,VIWINGDKGYNGL,AriH2,12.0,5.5379059999999996,0.5,
3,-383,-371,VIWINGDKGYNGL,AriH2,12.0,5.720551,0.75,
4,-383,-371,VIWINGDKGYNGL,AriH2,12.0,5.720551,1,5.8054
5,-383,-371,VIWINGDKGYNGL,AriH2,12.0,5.8054,1.0,
6,-383,-371,VIWINGDKGYNGL,AriH2,12.0,5.818735,2.0,
7,-347,-330,EEKFPQVAATGDGPDIIF,AriH2,12.0,0.0,0.0,
8,-347,-330,EEKFPQVAATGDGPDIIF,AriH2,12.0,6.407845,0.25,
9,-347,-330,EEKFPQVAATGDGPDIIF,AriH2,12.0,6.481796,0.5,
10,-347,-330,EEKFPQVAATGDGPDIIF,AriH2,12.0,6.85084,0.75,
11,-347,-330,EEKFPQVAATGDGPDIIF,AriH2,12.0,6.85084,1,7.0618240000000005
12,-347,-330,EEKFPQVAATGDGPDIIF,AriH2,12.0,7.0618240000000005,1.0,
13,-347,-330,EEKFPQVAATGDGPDIIF,AriH2,12.0,7.251894999999999,2.0,
14,-329,-316,WAHDRFGGYAQSGL,AriH2,15.0,0.0,0.0,
15,-329,-316,WAHDRFGGYAQSGL,AriH2,15.0,5.029584,0.25,
16,-329,-316,WAHDRFGGYAQSGL,AriH2,15.0,5.386637,0.5,
17,-329,-316,WAHDRFGGYAQSGL,AriH2,15.0,5.6433599999999995,0.75,
18,-329,-316,WAHDRFGGYAQSGL,AriH2,15.0,5.6433599999999995,1,5.802096
19,-329,-316,WAHDRFGGYAQSGL,AriH2,15.0,5.802096,1.0,
20,-329,-316,WAHDRFGGYAQSGL,AriH2,15.0,6.016864,2.0,
21,-329,-315,WAHDRFGGYAQSGLL,AriH2,15.0,0.0,0.0,
22,-329,-315,WAHDRFGGYAQSGLL,AriH2,15.0,5.135821,0.25,
23,-329,-315,WAHDRFGGYAQSGLL,AriH2,15.0,5.556051999999999,0.5,
24,-329,-315,WAHDRFGGYAQSGLL,AriH2,15.0,5.852094,0.75,
25,-329,-315,WAHDRFGGYAQSGLL,AriH2,15.0,5.852094,1,6.015579
26,-329,-315,WAHDRFGGYAQSGLL,AriH2,15.0,6.015579,1.0,
27,-329,-315,WAHDRFGGYAQSGLL,AriH2,15.0,6.365256,2.0,
28,-315,-296,LAEITPDKAFQDKLYPFTWD,AriH2,13.0,0.0,0.0,
29,-315,-296,LAEITPDKAFQDKLYPFTWD,AriH2,13.0,7.503981,0.25,
30,-315,-296,LAEITPDKAFQDKLYPFTWD,AriH2,13.0,7.664743,0.5,
31,-315,-296,LAEITPDKAFQDKLYPFTWD,AriH2,13.0,7.922960000000001,0.75,
32,-315,-296,LAEITPDKAFQDKLYPFTWD,AriH2,13.0,7.922960000000001,1,8.003861
33,-315,-296,LAEITPDKAFQDKLYPFTWD,AriH2,13.0,8.003861,1.0,
34,-315,-296,LAEITPDKAFQDKLYPFTWD,AriH2,13.0,8.107104,2.0,
35,-314,-296,AEITPDKAFQDKLYPFTWD,AriH2,13.0,0.0,0.0,
36,-314,-296,AEITPDKAFQDKLYPFTWD,AriH2,13.0,7.0671800000000005,0.25,
37,-314,-296,AEITPDKAFQDKLYPFTWD,AriH2,13.0,7.205585000000001,0.5,
38,-314,-296,AEITPDKAFQDKLYPFTWD,AriH2,13.0,7.562653999999999,0.75,
39,-314,-296,AEITPDKAFQDKLYPFTWD,AriH2,13.0,7.562653999999999,1,7.813312
40,-314,-296,AEITPDKAFQDKLYPFTWD,AriH2,13.0,7.813312,1.0,
41,-314,-296,AEITPDKAFQDKLYPFTWD,AriH2,13.0,7.707151,2.0,
42,-306,-296,FQDKLYPFTWD,AriH2,14.0,0.0,0.0,
43,-306,-296,FQDKLYPFTWD,AriH2,14.0,2.854077,0.25,
44,-306,-296,FQDKLYPFTWD,AriH2,14.0,2.862629,0.5,
45,-306,-296,FQDKLYPFTWD,AriH2,14.0,2.931075,0.75,
46,-306,-296,FQDKLYPFTWD,AriH2,14.0,2.931075,1,2.857714
47,-306,-296,FQDKLYPFTWD,AriH2,14.0,2.857714,1.0,
48,-306,-296,FQDKLYPFTWD,AriH2,14.0,2.944961,2.0,
49,-306,-295,FQDKLYPFTWDA,AriH2,14.0,0.0,0.0,
50,-306,-295,FQDKLYPFTWDA,AriH2,14.0,3.188486,0.25,
51,-306,-295,FQDKLYPFTWDA,AriH2,14.0,3.0953310000000003,0.5,
52,-306,-295,FQDKLYPFTWDA,AriH2,14.0,3.318275,0.75,
53,-306,-295,FQDKLYPFTWDA,AriH2,14.0,3.318275,1,3.196323
54,-306,-295,FQDKLYPFTWDA,AriH2,14.0,3.196323,1.0,
55,-306,-295,FQDKLYPFTWDA,AriH2,14.0,3.318078,2.0,
56,-275,-263,IYNKDLLPNPPKT,AriH2,17.0,0.0,0.0,
57,-275,-263,IYNKDLLPNPPKT,AriH2,17.0,3.179041,0.25,
58,-275,-263,IYNKDLLPNPPKT,AriH2,17.0,3.2803949999999995,0.5,
59,-275,-263,IYNKDLLPNPPKT,AriH2,17.0,3.3652879999999996,0.75,
60,-275,-263,IYNKDLLPNPPKT,AriH2,17.0,3.3652879999999996,1,3.359895
61,-275,-263,IYNKDLLPNPPKT,AriH2,17.0,3.359895,1.0,
62,-275,-263,IYNKDLLPNPPKT,AriH2,17.0,3.4442449999999996,2.0,
63,-255,-243,DKELKAKGKSALM,AriH2,17.0,0.0,0.0,
64,-255,-243,DKELKAKGKSALM,AriH2,17.0,4.276779,0.25,
65,-255,-243,DKELKAKGKSALM,AriH2,17.0,4.534014,0.5,
66,-255,-243,DKELKAKGKSALM,AriH2,17.0,4.6855910000000005,0.75,
67,-255,-243,DKELKAKGKSALM,AriH2,17.0,4.6855910000000005,1,4.68227
68,-255,-243,DKELKAKGKSALM,AriH2,17.0,4.68227,1.0,
69,-255,-243,DKELKAKGKSALM,AriH2,17.0,4.873952,2.0,
70,-242,-229,FNLQEPYFTWPLIA,AriH2,16.0,0.0,0.0,
71,-242,-229,FNLQEPYFTWPLIA,AriH2,16.0,2.884109,0.25,
72,-242,-229,FNLQEPYFTWPLIA,AriH2,16.0,2.924764,0.5,
73,-242,-229,FNLQEPYFTWPLIA,AriH2,16.0,2.9702439999999997,0.75,
74,-242,-229,FNLQEPYFTWPLIA,AriH2,16.0,2.9702439999999997,1,3.073773
75,-242,-229,FNLQEPYFTWPLIA,AriH2,16.0,3.073773,1.0,
76,-242,-229,FNLQEPYFTWPLIA,AriH2,16.0,3.3579230000000004,2.0,
77,-128,-113,SAGINAASPNKELAKE,AriH2,16.0,0.0,0.0,
78,-128,-113,SAGINAASPNKELAKE,AriH2,16.0,3.06893,0.25,
79,-128,-113,SAGINAASPNKELAKE,AriH2,16.0,3.266804,0.5,
80,-128,-113,SAGINAASPNKELAKE,AriH2,16.0,3.451227,0.75,
81,-128,-113,SAGINAASPNKELAKE,AriH2,16.0,3.451227,1,3.5994870000000003
82,-128,-113,SAGINAASPNKELAKE,AriH2,16.0,3.5994870000000003,1.0,
83,-128,-113,SAGINAASPNKELAKE,AriH2,16.0,3.9807580000000002,2.0,
84,-106,-90,LTDEGLEAVNKDKPLGA,AriH2,9.0,0.0,0.0,
85,-106,-90,LTDEGLEAVNKDKPLGA,AriH2,9.0,2.159771,0.25,
86,-106,-90,LTDEGLEAVNKDKPLGA,AriH2,9.0,2.985749,0.5,
87,-106,-90,LTDEGLEAVNKDKPLGA,AriH2,9.0,3.278182,0.75,
88,-106,-90,LTDEGLEAVNKDKPLGA,AriH2,9.0,3.278182,1,3.667964
89,-106,-90,LTDEGLEAVNKDKPLGA,AriH2,9.0,3.667964,1.0,
90,-106,-90,LTDEGLEAVNKDKPLGA,AriH2,9.0,4.471552,2.0,
91,38,44,YYVGVAS,AriH2,9.0,0.0,0.0,
92,38,44,YYVGVAS,AriH2,9.0,4.337911,0.25,
93,38,44,YYVGVAS,AriH2,9.0,4.295962,0.5,
94,38,44,YYVGVAS,AriH2,9.0,4.426471,0.75,
95,38,44,YYVGVAS,AriH2,9.0,4.426471,1,4.376035
96,38,44,YYVGVAS,AriH2,9.0,4.376035,1.0,
97,38,44,YYVGVAS,AriH2,9.0,4.20556,2.0,
98,38,45,YYVGVASD,AriH2,10.0,0.0,0.0,
99,38,45,YYVGVASD,AriH2,10.0,4.836592,0.25,
100,38,45,YYVGVASD,AriH2,10.0,4.771938,0.5,
101,38,45,YYVGVASD,AriH2,10.0,4.887763,0.75,
102,38,45,YYVGVASD,AriH2,10.0,4.887763,1,4.8512129999999996
103,38,45,YYVGVASD,AriH2,10.0,4.8512129999999996,1.0,
104,38,45,YYVGVASD,AriH2,10.0,4.624023,2.0,
105,46,58,VEQQGADAFDPEE,AriH2,10.0,0.0,0.0,
106,46,58,VEQQGADAFDPEE,AriH2,10.0,6.5038290000000005,0.25,
107,46,58,VEQQGADAFDPEE,AriH2,10.0,6.454311,0.5,
108,46,58,VEQQGADAFDPEE,AriH2,10.0,6.622256,0.75,
109,46,58,VEQQGADAFDPEE,AriH2,10.0,6.622256,1,6.541771
110,46,58,VEQQGADAFDPEE,AriH2,10.0,6.541771,1.0,
111,46,58,VEQQGADAFDPEE,AriH2,10.0,6.195225,2.0,
112,62,80,TCLTYKESEGALNEHMTSL,AriH2,9.0,0.0,0.0,
113,62,80,TCLTYKESEGALNEHMTSL,AriH2,9.0,7.699553999999999,0.25,
114,62,80,TCLTYKESEGALNEHMTSL,AriH2,9.0,8.241515,0.5,
115,62,80,TCLTYKESEGALNEHMTSL,AriH2,9.0,8.363686,0.75,
116,62,80,TCLTYKESEGALNEHMTSL,AriH2,9.0,8.363686,1,8.344286
117,62,80,TCLTYKESEGALNEHMTSL,AriH2,9.0,8.344286,1.0,
118,62,80,TCLTYKESEGALNEHMTSL,AriH2,9.0,8.529075,2.0,
119,65,73,TYKESEGAL,AriH2,9.0,0.0,0.0,
120,65,73,TYKESEGAL,AriH2,9.0,2.776061,0.25,
121,65,73,TYKESEGAL,AriH2,9.0,2.982949,0.5,
122,65,73,TYKESEGAL,AriH2,9.0,3.010636,0.75,
123,65,73,TYKESEGAL,AriH2,9.0,3.010636,1,3.0443759999999997
124,65,73,TYKESEGAL,AriH2,9.0,3.0443759999999997,1.0,
125,65,73,TYKESEGAL,AriH2,9.0,3.152962,2.0,
126,65,75,TYKESEGALNE,AriH2,12.0,0.0,0.0,
127,65,75,TYKESEGALNE,AriH2,12.0,3.6378019999999998,0.25,
128,65,75,TYKESEGALNE,AriH2,12.0,3.9482470000000003,0.5,
129,65,75,TYKESEGALNE,AriH2,12.0,3.9812410000000003,0.75,
130,65,75,TYKESEGALNE,AriH2,12.0,3.9812410000000003,1,4.0011980000000005
131,65,75,TYKESEGALNE,AriH2,12.0,4.0011980000000005,1.0,
132,65,75,TYKESEGALNE,AriH2,12.0,4.222421,2.0,
133,65,80,TYKESEGALNEHMTSL,AriH2,12.0,0.0,0.0,
134,65,80,TYKESEGALNEHMTSL,AriH2,12.0,6.429764,0.25,
135,65,80,TYKESEGALNEHMTSL,AriH2,12.0,6.914453,0.5,
136,65,80,TYKESEGALNEHMTSL,AriH2,12.0,6.996524000000001,0.75,
137,65,80,TYKESEGALNEHMTSL,AriH2,12.0,6.996524000000001,1,7.058302
138,65,80,TYKESEGALNEHMTSL,AriH2,12.0,7.058302,1.0,
139,65,80,TYKESEGALNEHMTSL,AriH2,12.0,7.099309,2.0,
140,74,80,NEHMTSL,AriH2,11.0,0.0,0.0,
141,74,80,NEHMTSL,AriH2,11.0,2.501027,0.25,
142,74,80,NEHMTSL,AriH2,11.0,2.615679,0.5,
143,74,80,NEHMTSL,AriH2,11.0,2.6910439999999998,0.75,
144,74,80,NEHMTSL,AriH2,11.0,2.6910439999999998,1,2.690522
145,74,80,NEHMTSL,AriH2,11.0,2.690522,1.0,
146,74,80,NEHMTSL,AriH2,11.0,2.567726,2.0,
147,85,95,KVSHSVAKLIL,AriH2,11.0,0.0,0.0,
148,85,95,KVSHSVAKLIL,AriH2,11.0,0.860548,0.25,
149,85,95,KVSHSVAKLIL,AriH2,11.0,1.085361,0.5,
150,85,95,KVSHSVAKLIL,AriH2,11.0,1.124462,0.75,
151,85,95,KVSHSVAKLIL,AriH2,11.0,1.124462,1,1.223776
152,85,95,KVSHSVAKLIL,AriH2,11.0,1.223776,1.0,
153,85,95,KVSHSVAKLIL,AriH2,11.0,1.278432,2.0,
154,96,105,VNFHWQVSEI,AriH2,14.0,0.0,0.0,
155,96,105,VNFHWQVSEI,AriH2,14.0,3.018377,0.25,
156,96,105,VNFHWQVSEI,AriH2,14.0,3.2518569999999998,0.5,
157,96,105,VNFHWQVSEI,AriH2,14.0,3.3412339999999996,0.75,
158,96,105,VNFHWQVSEI,AriH2,14.0,3.3412339999999996,1,3.4525910000000004
159,96,105,VNFHWQVSEI,AriH2,14.0,3.4525910000000004,1.0,
160,96,105,VNFHWQVSEI,AriH2,14.0,3.4819620000000002,2.0,
161,96,106,VNFHWQVSEIL,AriH2,14.0,0.0,0.0,
162,96,106,VNFHWQVSEIL,AriH2,14.0,2.866177,0.25,
163,96,106,VNFHWQVSEIL,AriH2,14.0,3.370545,0.5,
164,96,106,VNFHWQVSEIL,AriH2,14.0,3.4855150000000004,0.75,
165,96,106,VNFHWQVSEIL,AriH2,14.0,3.4855150000000004,1,3.609638
166,96,106,VNFHWQVSEIL,AriH2,14.0,3.609638,1.0,
167,96,106,VNFHWQVSEIL,AriH2,14.0,3.883259,2.0,
168,105,116,ILDRYKSNSAQL,AriH2,15.0,0.0,0.0,
169,105,116,ILDRYKSNSAQL,AriH2,15.0,6.075875,0.25,
170,105,116,ILDRYKSNSAQL,AriH2,15.0,6.281837,0.5,
171,105,116,ILDRYKSNSAQL,AriH2,15.0,6.536535,0.75,
172,105,116,ILDRYKSNSAQL,AriH2,15.0,6.536535,1,6.6114559999999996
173,105,116,ILDRYKSNSAQL,AriH2,15.0,6.6114559999999996,1.0,
174,105,116,ILDRYKSNSAQL,AriH2,15.0,6.393926,2.0,
175,107,116,DRYKSNSAQL,AriH2,15.0,0.0,0.0,
176,107,116,DRYKSNSAQL,AriH2,15.0,5.581849,0.25,
177,107,116,DRYKSNSAQL,AriH2,15.0,5.668125,0.5,
178,107,116,DRYKSNSAQL,AriH2,15.0,5.8296220000000005,0.75,
179,107,116,DRYKSNSAQL,AriH2,15.0,5.8296220000000005,1,5.89926
180,107,116,DRYKSNSAQL,AriH2,15.0,5.89926,1.0,
181,107,116,DRYKSNSAQL,AriH2,15.0,5.798381,2.0,
182,120,142,ARVQPNPSKHVPTSHPPHHCAVC,AriH2,6.0,0.0,0.0,
183,120,142,ARVQPNPSKHVPTSHPPHHCAVC,AriH2,6.0,4.999608,0.25,
184,120,142,ARVQPNPSKHVPTSHPPHHCAVC,AriH2,6.0,5.254906,0.5,
185,120,142,ARVQPNPSKHVPTSHPPHHCAVC,AriH2,6.0,5.397883,0.75,
186,120,142,ARVQPNPSKHVPTSHPPHHCAVC,AriH2,6.0,5.397883,1,5.539213
187,120,142,ARVQPNPSKHVPTSHPPHHCAVC,AriH2,6.0,5.539213,1.0,
188,120,142,ARVQPNPSKHVPTSHPPHHCAVC,AriH2,6.0,5.763021,2.0,
189,143,151,MQFVRKENL,AriH2,6.0,0.0,0.0,
190,143,151,MQFVRKENL,AriH2,6.0,4.790201000000001,0.25,
191,143,151,MQFVRKENL,AriH2,6.0,5.084128,0.5,
192,143,151,MQFVRKENL,AriH2,6.0,5.3571029999999995,0.75,
193,143,151,MQFVRKENL,AriH2,6.0,5.3571029999999995,1,5.45766
194,143,151,MQFVRKENL,AriH2,6.0,5.45766,1.0,
195,143,151,MQFVRKENL,AriH2,6.0,5.3612779999999995,2.0,
196,152,163,LSLACQHQFCRS,AriH2,7.0,0.0,0.0,
197,152,163,LSLACQHQFCRS,AriH2,7.0,2.8540360000000002,0.25,
198,152,163,LSLACQHQFCRS,AriH2,7.0,3.043455,0.5,
199,152,163,LSLACQHQFCRS,AriH2,7.0,2.951439,0.75,
200,152,163,LSLACQHQFCRS,AriH2,7.0,2.951439,1,2.9941869999999997
201,152,163,LSLACQHQFCRS,AriH2,7.0,2.9941869999999997,1.0,
202,152,163,LSLACQHQFCRS,AriH2,7.0,3.258146,2.0,
203,155,172,ACQHQFCRSCWEQHCSVL,AriH2,7.0,0.0,0.0,
204,155,172,ACQHQFCRSCWEQHCSVL,AriH2,7.0,1.485757,0.25,
205,155,172,ACQHQFCRSCWEQHCSVL,AriH2,7.0,1.729414,0.5,
206,155,172,ACQHQFCRSCWEQHCSVL,AriH2,7.0,1.517197,0.75,
207,155,172,ACQHQFCRSCWEQHCSVL,AriH2,7.0,1.517197,1,1.5416860000000001
208,155,172,ACQHQFCRSCWEQHCSVL,AriH2,7.0,1.5416860000000001,1.0,
209,155,172,ACQHQFCRSCWEQHCSVL,AriH2,7.0,1.751323,2.0,
210,164,172,CWEQHCSVL,AriH2,11.0,0.0,0.0,
211,164,172,CWEQHCSVL,AriH2,11.0,0.418558,0.25,
212,164,172,CWEQHCSVL,AriH2,11.0,0.540752,0.5,
213,164,172,CWEQHCSVL,AriH2,11.0,0.38002199999999997,0.75,
214,164,172,CWEQHCSVL,AriH2,11.0,0.38002199999999997,1,0.362719
215,164,172,CWEQHCSVL,AriH2,11.0,0.362719,1.0,
216,164,172,CWEQHCSVL,AriH2,11.0,0.41789,2.0,
217,166,172,EQHCSVL,AriH2,11.0,0.0,0.0,
218,166,172,EQHCSVL,AriH2,11.0,0.200224,0.25,
219,166,172,EQHCSVL,AriH2,11.0,0.24168800000000001,0.5,
220,166,172,EQHCSVL,AriH2,11.0,0.162689,0.75,
221,166,172,EQHCSVL,AriH2,11.0,0.162689,1,0.158958
222,166,172,EQHCSVL,AriH2,11.0,0.158958,1.0,
223,166,172,EQHCSVL,AriH2,11.0,0.179401,2.0,
224,172,184,LVKDGVGVGVSCM,AriH2,18.0,0.0,0.0,
225,172,184,LVKDGVGVGVSCM,AriH2,18.0,3.148079,0.25,
226,172,184,LVKDGVGVGVSCM,AriH2,18.0,3.547914,0.5,
227,172,184,LVKDGVGVGVSCM,AriH2,18.0,3.480348,0.75,
228,172,184,LVKDGVGVGVSCM,AriH2,18.0,3.480348,1,3.668885
229,172,184,LVKDGVGVGVSCM,AriH2,18.0,3.668885,1.0,
230,172,184,LVKDGVGVGVSCM,AriH2,18.0,4.176476999999999,2.0,
231,173,183,VKDGVGVGVSC,AriH2,18.0,0.0,0.0,
232,173,183,VKDGVGVGVSC,AriH2,18.0,3.1460779999999997,0.25,
233,173,183,VKDGVGVGVSC,AriH2,18.0,3.3922230000000004,0.5,
234,173,183,VKDGVGVGVSC,AriH2,18.0,3.42924,0.75,
235,173,183,VKDGVGVGVSC,AriH2,18.0,3.42924,1,3.468744
236,173,183,VKDGVGVGVSC,AriH2,18.0,3.468744,1.0,
237,173,183,VKDGVGVGVSC,AriH2,18.0,4.0209,2.0,
238,184,195,MAQDCPLRTPED,AriH2,8.0,0.0,0.0,
239,184,195,MAQDCPLRTPED,AriH2,8.0,2.861543,0.25,
240,184,195,MAQDCPLRTPED,AriH2,8.0,3.1399880000000002,0.5,
241,184,195,MAQDCPLRTPED,AriH2,8.0,3.1843939999999997,0.75,
242,184,195,MAQDCPLRTPED,AriH2,8.0,3.1843939999999997,1,3.1846349999999997
243,184,195,MAQDCPLRTPED,AriH2,8.0,3.1846349999999997,1.0,
244,184,195,MAQDCPLRTPED,AriH2,8.0,3.1579029999999997,2.0,
245,185,195,AQDCPLRTPED,AriH2,8.0,0.0,0.0,
246,185,195,AQDCPLRTPED,AriH2,8.0,2.043371,0.25,
247,185,195,AQDCPLRTPED,AriH2,8.0,2.3341,0.5,
248,185,195,AQDCPLRTPED,AriH2,8.0,2.3562849999999997,0.75,
249,185,195,AQDCPLRTPED,AriH2,8.0,2.3562849999999997,1,2.388702
250,185,195,AQDCPLRTPED,AriH2,8.0,2.388702,1.0,
251,185,195,AQDCPLRTPED,AriH2,8.0,2.370878,2.0,
252,206,217,LREKYRRYLFRD,AriH2,10.0,0.0,0.0,
253,206,217,LREKYRRYLFRD,AriH2,10.0,0.46469399999999994,0.25,
254,206,217,LREKYRRYLFRD,AriH2,10.0,0.606496,0.5,
255,206,217,LREKYRRYLFRD,AriH2,10.0,0.439856,0.75,
256,206,217,LREKYRRYLFRD,AriH2,10.0,0.439856,1,0.444018
257,206,217,LREKYRRYLFRD,AriH2,10.0,0.444018,1.0,
258,206,217,LREKYRRYLFRD,AriH2,10.0,0.572494,2.0,
259,218,225,YVESHYQL,AriH2,10.0,0.0,0.0,
260,218,225,YVESHYQL,AriH2,10.0,0.25019,0.25,
261,218,225,YVESHYQL,AriH2,10.0,0.336889,0.5,
262,218,225,YVESHYQL,AriH2,10.0,0.217513,0.75,
263,218,225,YVESHYQL,AriH2,10.0,0.217513,1,0.24675500000000003
264,218,225,YVESHYQL,AriH2,10.0,0.24675500000000003,1.0,
265,218,225,YVESHYQL,AriH2,10.0,0.389067,2.0,
266,218,236,YVESHYQLQLCPGADCPMV,AriH2,15.0,0.0,0.0,
267,218,236,YVESHYQLQLCPGADCPMV,AriH2,15.0,2.200716,0.25,
268,218,236,YVESHYQLQLCPGADCPMV,AriH2,15.0,2.4831119999999998,0.5,
269,218,236,YVESHYQLQLCPGADCPMV,AriH2,15.0,2.274798,0.75,
270,218,236,YVESHYQLQLCPGADCPMV,AriH2,15.0,2.274798,1,2.33757
271,218,236,YVESHYQLQLCPGADCPMV,AriH2,15.0,2.33757,1.0,
272,218,236,YVESHYQLQLCPGADCPMV,AriH2,15.0,2.486888,2.0,
273,218,237,YVESHYQLQLCPGADCPMVI,AriH2,15.0,0.0,0.0,
274,218,237,YVESHYQLQLCPGADCPMVI,AriH2,15.0,2.102744,0.25,
275,218,237,YVESHYQLQLCPGADCPMVI,AriH2,15.0,2.350476,0.5,
276,218,237,YVESHYQLQLCPGADCPMVI,AriH2,15.0,2.231788,0.75,
277,218,237,YVESHYQLQLCPGADCPMVI,AriH2,15.0,2.231788,1,2.241186
278,218,237,YVESHYQLQLCPGADCPMVI,AriH2,15.0,2.241186,1.0,
279,218,237,YVESHYQLQLCPGADCPMVI,AriH2,15.0,2.479809,2.0,
280,237,254,IRVQEPRARRVQCNRCNE,AriH2,6.0,0.0,0.0,
281,237,254,IRVQEPRARRVQCNRCNE,AriH2,6.0,5.86137,0.25,
282,237,254,IRVQEPRARRVQCNRCNE,AriH2,6.0,6.122602,0.5,
283,237,254,IRVQEPRARRVQCNRCNE,AriH2,6.0,5.962591000000001,0.75,
284,237,254,IRVQEPRARRVQCNRCNE,AriH2,6.0,5.962591000000001,1,6.001562
285,237,254,IRVQEPRARRVQCNRCNE,AriH2,6.0,6.001562,1.0,
286,237,254,IRVQEPRARRVQCNRCNE,AriH2,6.0,5.902883999999999,2.0,
287,257,272,CFKCRQMYHAPTDCAT,AriH2,6.0,0.0,0.0,
288,257,272,CFKCRQMYHAPTDCAT,AriH2,6.0,4.204903,0.25,
289,257,272,CFKCRQMYHAPTDCAT,AriH2,6.0,4.487106,0.5,
290,257,272,CFKCRQMYHAPTDCAT,AriH2,6.0,4.547231,0.75,
291,257,272,CFKCRQMYHAPTDCAT,AriH2,6.0,4.547231,1,4.644456
292,257,272,CFKCRQMYHAPTDCAT,AriH2,6.0,4.644456,1.0,
293,257,272,CFKCRQMYHAPTDCAT,AriH2,6.0,4.920592,2.0,
294,258,270,FKCRQMYHAPTDC,AriH2,10.0,0.0,0.0,
295,258,270,FKCRQMYHAPTDC,AriH2,10.0,2.75379,0.25,
296,258,270,FKCRQMYHAPTDC,AriH2,10.0,3.131761,0.5,
297,258,270,FKCRQMYHAPTDC,AriH2,10.0,3.169168,0.75,
298,258,270,FKCRQMYHAPTDC,AriH2,10.0,3.169168,1,3.3971730000000004
299,258,270,FKCRQMYHAPTDC,AriH2,10.0,3.3971730000000004,1.0,
300,258,270,FKCRQMYHAPTDC,AriH2,10.0,3.7780139999999998,2.0,
301,258,272,FKCRQMYHAPTDCAT,AriH2,10.0,0.0,0.0,
302,258,272,FKCRQMYHAPTDCAT,AriH2,10.0,4.165546,0.25,
303,258,272,FKCRQMYHAPTDCAT,AriH2,10.0,4.415792,0.5,
304,258,272,FKCRQMYHAPTDCAT,AriH2,10.0,4.532365,0.75,
305,258,272,FKCRQMYHAPTDCAT,AriH2,10.0,4.532365,1,4.651565
306,258,272,FKCRQMYHAPTDCAT,AriH2,10.0,4.651565,1.0,
307,258,272,FKCRQMYHAPTDCAT,AriH2,10.0,4.916243,2.0,
308,271,288,ATIRKWLTKCADDSETAN,AriH2,9.0,0.0,0.0,
309,271,288,ATIRKWLTKCADDSETAN,AriH2,9.0,6.177336,0.25,
310,271,288,ATIRKWLTKCADDSETAN,AriH2,9.0,6.513471,0.5,
311,271,288,ATIRKWLTKCADDSETAN,AriH2,9.0,6.641217999999999,0.75,
312,271,288,ATIRKWLTKCADDSETAN,AriH2,9.0,6.641217999999999,1,6.74367
313,271,288,ATIRKWLTKCADDSETAN,AriH2,9.0,6.74367,1.0,
314,271,288,ATIRKWLTKCADDSETAN,AriH2,9.0,6.863253,2.0,
315,273,288,IRKWLTKCADDSETAN,AriH2,9.0,0.0,0.0,
316,273,288,IRKWLTKCADDSETAN,AriH2,9.0,5.886302,0.25,
317,273,288,IRKWLTKCADDSETAN,AriH2,9.0,6.1302389999999995,0.5,
318,273,288,IRKWLTKCADDSETAN,AriH2,9.0,6.288039,0.75,
319,273,288,IRKWLTKCADDSETAN,AriH2,9.0,6.288039,1,6.306101
320,273,288,IRKWLTKCADDSETAN,AriH2,9.0,6.306101,1.0,
321,273,288,IRKWLTKCADDSETAN,AriH2,9.0,6.30904,2.0,
322,273,289,IRKWLTKCADDSETANY,AriH2,10.0,0.0,0.0,
323,273,289,IRKWLTKCADDSETANY,AriH2,10.0,6.80875,0.25,
324,273,289,IRKWLTKCADDSETANY,AriH2,10.0,7.0288710000000005,0.5,
325,273,289,IRKWLTKCADDSETANY,AriH2,10.0,7.186888000000001,0.75,
326,273,289,IRKWLTKCADDSETANY,AriH2,10.0,7.186888000000001,1,7.19415
327,273,289,IRKWLTKCADDSETANY,AriH2,10.0,7.19415,1.0,
328,273,289,IRKWLTKCADDSETANY,AriH2,10.0,7.13695,2.0,
329,273,292,IRKWLTKCADDSETANYISA,AriH2,10.0,0.0,0.0,
330,273,292,IRKWLTKCADDSETANYISA,AriH2,10.0,9.414193,0.25,
331,273,292,IRKWLTKCADDSETANYISA,AriH2,10.0,9.569981,0.5,
332,273,292,IRKWLTKCADDSETANYISA,AriH2,10.0,9.792667999999999,0.75,
333,273,292,IRKWLTKCADDSETANYISA,AriH2,10.0,9.792667999999999,1,9.756598
334,273,292,IRKWLTKCADDSETANYISA,AriH2,10.0,9.756598,1.0,
335,273,292,IRKWLTKCADDSETANYISA,AriH2,10.0,9.668175999999999,2.0,
336,289,303,YISAHTKDCPKCNIC,AriH2,11.0,0.0,0.0,
337,289,303,YISAHTKDCPKCNIC,AriH2,11.0,2.837278,0.25,
338,289,303,YISAHTKDCPKCNIC,AriH2,11.0,3.012375,0.5,
339,289,303,YISAHTKDCPKCNIC,AriH2,11.0,3.0363900000000004,0.75,
340,289,303,YISAHTKDCPKCNIC,AriH2,11.0,3.0363900000000004,1,3.131139
341,289,303,YISAHTKDCPKCNIC,AriH2,11.0,3.131139,1.0,
342,289,303,YISAHTKDCPKCNIC,AriH2,11.0,3.309914,2.0,
343,293,303,HTKDCPKCNIC,AriH2,11.0,0.0,0.0,
344,293,303,HTKDCPKCNIC,AriH2,11.0,1.389764,0.25,
345,293,303,HTKDCPKCNIC,AriH2,11.0,1.532152,0.5,
346,293,303,HTKDCPKCNIC,AriH2,11.0,1.562714,0.75,
347,293,303,HTKDCPKCNIC,AriH2,11.0,1.562714,1,1.597037
348,293,303,HTKDCPKCNIC,AriH2,11.0,1.597037,1.0,
349,293,303,HTKDCPKCNIC,AriH2,11.0,1.800417,2.0,
350,304,324,IEKNGGCNHMQCSKCKHDFCW,AriH2,9.0,0.0,0.0,
351,304,324,IEKNGGCNHMQCSKCKHDFCW,AriH2,9.0,2.673121,0.25,
352,304,324,IEKNGGCNHMQCSKCKHDFCW,AriH2,9.0,2.9519759999999997,0.5,
353,304,324,IEKNGGCNHMQCSKCKHDFCW,AriH2,9.0,3.043755,0.75,
354,304,324,IEKNGGCNHMQCSKCKHDFCW,AriH2,9.0,3.043755,1,3.114718
355,304,324,IEKNGGCNHMQCSKCKHDFCW,AriH2,9.0,3.114718,1.0,
356,304,324,IEKNGGCNHMQCSKCKHDFCW,AriH2,9.0,3.2975470000000002,2.0,
357,325,336,MCLGDWKTHGSE,AriH2,9.0,0.0,0.0,
358,325,336,MCLGDWKTHGSE,AriH2,9.0,4.037162,0.25,
359,325,336,MCLGDWKTHGSE,AriH2,9.0,4.047587,0.5,
360,325,336,MCLGDWKTHGSE,AriH2,9.0,4.082184,0.75,
361,325,336,MCLGDWKTHGSE,AriH2,9.0,4.082184,1,4.020268
362,325,336,MCLGDWKTHGSE,AriH2,9.0,4.020268,1.0,
363,325,336,MCLGDWKTHGSE,AriH2,9.0,3.844499,2.0,
364,325,337,MCLGDWKTHGSEY,AriH2,17.0,0.0,0.0,
365,325,337,MCLGDWKTHGSEY,AriH2,17.0,4.740732,0.25,
366,325,337,MCLGDWKTHGSEY,AriH2,17.0,4.71275,0.5,
367,325,337,MCLGDWKTHGSEY,AriH2,17.0,4.807186,0.75,
368,325,337,MCLGDWKTHGSEY,AriH2,17.0,4.807186,1,4.763641000000001
369,325,337,MCLGDWKTHGSEY,AriH2,17.0,4.763641000000001,1.0,
370,325,337,MCLGDWKTHGSEY,AriH2,17.0,4.53474,2.0,
371,326,336,CLGDWKTHGSE,AriH2,17.0,0.0,0.0,
372,326,336,CLGDWKTHGSE,AriH2,17.0,4.035116,0.25,
373,326,336,CLGDWKTHGSE,AriH2,17.0,4.109564,0.5,
374,326,336,CLGDWKTHGSE,AriH2,17.0,4.143102,0.75,
375,326,336,CLGDWKTHGSE,AriH2,17.0,4.143102,1,4.0700449999999995
376,326,336,CLGDWKTHGSE,AriH2,17.0,4.0700449999999995,1.0,
377,326,336,CLGDWKTHGSE,AriH2,17.0,3.870451,2.0,
378,328,337,GDWKTHGSEY,AriH2,8.0,0.0,0.0,
379,328,337,GDWKTHGSEY,AriH2,8.0,4.236671,0.25,
380,328,337,GDWKTHGSEY,AriH2,8.0,4.184578,0.5,
381,328,337,GDWKTHGSEY,AriH2,8.0,4.276973,0.75,
382,328,337,GDWKTHGSEY,AriH2,8.0,4.276973,1,4.243802
383,328,337,GDWKTHGSEY,AriH2,8.0,4.243802,1.0,
384,328,337,GDWKTHGSEY,AriH2,8.0,4.026705000000001,2.0,
385,338,360,YECSRYKENPDIVNQSQQAQARE,AriH2,8.0,0.0,0.0,
386,338,360,YECSRYKENPDIVNQSQQAQARE,AriH2,8.0,13.261184,0.25,
387,338,360,YECSRYKENPDIVNQSQQAQARE,AriH2,8.0,13.087232,0.5,
388,338,360,YECSRYKENPDIVNQSQQAQARE,AriH2,8.0,13.400764,0.75,
389,338,360,YECSRYKENPDIVNQSQQAQARE,AriH2,8.0,13.400764,1,13.366367000000002
390,338,360,YECSRYKENPDIVNQSQQAQARE,AriH2,8.0,13.366367000000002,1.0,
391,338,360,YECSRYKENPDIVNQSQQAQARE,AriH2,8.0,12.885288000000001,2.0,
392,342,368,RYKENPDIVNQSQQAQAREALKKYLFY,AriH2,11.0,0.0,0.0,
393,342,368,RYKENPDIVNQSQQAQAREALKKYLFY,AriH2,11.0,14.213395000000002,0.25,
394,342,368,RYKENPDIVNQSQQAQAREALKKYLFY,AriH2,11.0,14.424228,0.5,
395,342,368,RYKENPDIVNQSQQAQAREALKKYLFY,AriH2,11.0,14.944814000000001,0.75,
396,342,368,RYKENPDIVNQSQQAQAREALKKYLFY,AriH2,11.0,14.944814000000001,1,15.189851999999998
397,342,368,RYKENPDIVNQSQQAQAREALKKYLFY,AriH2,11.0,15.189851999999998,1.0,
398,342,368,RYKENPDIVNQSQQAQAREALKKYLFY,AriH2,11.0,14.898257999999998,2.0,
399,361,367,ALKKYLF,AriH2,17.0,0.0,0.0,
400,361,367,ALKKYLF,AriH2,17.0,0.64405,0.25,
401,361,367,ALKKYLF,AriH2,17.0,0.9850200000000001,0.5,
402,361,367,ALKKYLF,AriH2,17.0,1.2199280000000001,0.75,
403,361,367,ALKKYLF,AriH2,17.0,1.2199280000000001,1,1.475985
404,361,367,ALKKYLF,AriH2,17.0,1.475985,1.0,
405,361,367,ALKKYLF,AriH2,17.0,1.827421,2.0,
406,361,368,ALKKYLFY,AriH2,17.0,0.0,0.0,
407,361,368,ALKKYLFY,AriH2,17.0,0.663439,0.25,
408,361,368,ALKKYLFY,AriH2,17.0,0.985266,0.5,
409,361,368,ALKKYLFY,AriH2,17.0,1.1956229999999999,0.75,
410,361,368,ALKKYLFY,AriH2,17.0,1.1956229999999999,1,1.478369
411,361,368,ALKKYLFY,AriH2,17.0,1.478369,1.0,
412,361,368,ALKKYLFY,AriH2,17.0,1.831582,2.0,
413,369,381,FERWENHNKSLQL,AriH2,8.0,0.0,0.0,
414,369,381,FERWENHNKSLQL,AriH2,8.0,0.359704,0.25,
415,369,381,FERWENHNKSLQL,AriH2,8.0,0.519043,0.5,
416,369,381,FERWENHNKSLQL,AriH2,8.0,0.410034,0.75,
417,369,381,FERWENHNKSLQL,AriH2,8.0,0.410034,1,0.43376400000000004
418,369,381,FERWENHNKSLQL,AriH2,8.0,0.43376400000000004,1.0,
419,369,381,FERWENHNKSLQL,AriH2,8.0,0.6841010000000001,2.0,
420,382,395,EAQTYQRIHEKIQE,AriH2,8.0,0.0,0.0,
421,382,395,EAQTYQRIHEKIQE,AriH2,8.0,2.8837509999999997,0.25,
422,382,395,EAQTYQRIHEKIQE,AriH2,8.0,4.110738,0.5,
423,382,395,EAQTYQRIHEKIQE,AriH2,8.0,4.788917,0.75,
424,382,395,EAQTYQRIHEKIQE,AriH2,8.0,4.788917,1,5.506851
425,382,395,EAQTYQRIHEKIQE,AriH2,8.0,5.506851,1.0,
426,382,395,EAQTYQRIHEKIQE,AriH2,8.0,6.594550999999999,2.0,
427,396,403,RVMNNLGT,AriH2,6.0,0.0,0.0,
428,396,403,RVMNNLGT,AriH2,6.0,4.757696,0.25,
429,396,403,RVMNNLGT,AriH2,6.0,4.732869,0.5,
430,396,403,RVMNNLGT,AriH2,6.0,4.815582,0.75,
431,396,403,RVMNNLGT,AriH2,6.0,4.815582,1,4.7973669999999995
432,396,403,RVMNNLGT,AriH2,6.0,4.7973669999999995,1.0,
433,396,403,RVMNNLGT,AriH2,6.0,4.591727,2.0,
434,396,404,RVMNNLGTW,AriH2,6.0,0.0,0.0,
435,396,404,RVMNNLGTW,AriH2,6.0,5.481915,0.25,
436,396,404,RVMNNLGTW,AriH2,6.0,5.425363,0.5,
437,396,404,RVMNNLGTW,AriH2,6.0,5.560589,0.75,
438,396,404,RVMNNLGTW,AriH2,6.0,5.560589,1,5.5389669999999995
439,396,404,RVMNNLGTW,AriH2,6.0,5.5389669999999995,1.0,
440,396,404,RVMNNLGTW,AriH2,6.0,5.34267,2.0,
441,404,413,WIDWQYLQNA,AriH2,12.0,0.0,0.0,
442,404,413,WIDWQYLQNA,AriH2,12.0,3.6687559999999997,0.25,
443,404,413,WIDWQYLQNA,AriH2,12.0,4.040694,0.5,
444,404,413,WIDWQYLQNA,AriH2,12.0,4.206123000000001,0.75,
445,404,413,WIDWQYLQNA,AriH2,12.0,4.206123000000001,1,4.452933
446,404,413,WIDWQYLQNA,AriH2,12.0,4.452933,1.0,
447,404,413,WIDWQYLQNA,AriH2,12.0,4.468637,2.0,
448,404,416,WIDWQYLQNAAKL,AriH2,12.0,0.0,0.0,
449,404,416,WIDWQYLQNAAKL,AriH2,12.0,3.851854,0.25,
450,404,416,WIDWQYLQNAAKL,AriH2,12.0,4.172378,0.5,
451,404,416,WIDWQYLQNAAKL,AriH2,12.0,4.355582,0.75,
452,404,416,WIDWQYLQNAAKL,AriH2,12.0,4.355582,1,4.5468150000000005
453,404,416,WIDWQYLQNAAKL,AriH2,12.0,4.5468150000000005,1.0,
454,404,416,WIDWQYLQNAAKL,AriH2,12.0,4.776338,2.0,
455,405,413,IDWQYLQNA,AriH2,10.0,0.0,0.0,
456,405,413,IDWQYLQNA,AriH2,10.0,2.935782,0.25,
457,405,413,IDWQYLQNA,AriH2,10.0,3.228279,0.5,
458,405,413,IDWQYLQNA,AriH2,10.0,3.455546,0.75,
459,405,413,IDWQYLQNA,AriH2,10.0,3.455546,1,3.5526269999999998
460,405,413,IDWQYLQNA,AriH2,10.0,3.5526269999999998,1.0,
461,405,413,IDWQYLQNA,AriH2,10.0,3.8585239999999996,2.0,
462,405,416,IDWQYLQNAAKL,AriH2,10.0,0.0,0.0,
463,405,416,IDWQYLQNAAKL,AriH2,10.0,3.176196,0.25,
464,405,416,IDWQYLQNAAKL,AriH2,10.0,3.4870389999999998,0.5,
465,405,416,IDWQYLQNAAKL,AriH2,10.0,3.6922629999999996,0.75,
466,405,416,IDWQYLQNAAKL,AriH2,10.0,3.6922629999999996,1,3.8669580000000003
467,405,416,IDWQYLQNAAKL,AriH2,10.0,3.8669580000000003,1.0,
468,405,416,IDWQYLQNAAKL,AriH2,10.0,4.1759949999999995,2.0,
469,417,425,LAKCRYTLQ,AriH2,9.0,0.0,0.0,
470,417,425,LAKCRYTLQ,AriH2,9.0,0.161118,0.25,
471,417,425,LAKCRYTLQ,AriH2,9.0,0.200154,0.5,
472,417,425,LAKCRYTLQ,AriH2,9.0,0.13460899999999998,0.75,
473,417,425,LAKCRYTLQ,AriH2,9.0,0.13460899999999998,1,0.111097
474,417,425,LAKCRYTLQ,AriH2,9.0,0.111097,1.0,
475,417,425,LAKCRYTLQ,AriH2,9.0,0.153412,2.0,
476,432,444,YYMESGPRKKLFE,AriH2,9.0,0.0,0.0,
477,432,444,YYMESGPRKKLFE,AriH2,9.0,3.4446559999999997,0.25,
478,432,444,YYMESGPRKKLFE,AriH2,9.0,3.695592,0.5,
479,432,444,YYMESGPRKKLFE,AriH2,9.0,3.965792,0.75,
480,432,444,YYMESGPRKKLFE,AriH2,9.0,3.965792,1,4.19706
481,432,444,YYMESGPRKKLFE,AriH2,9.0,4.19706,1.0,
482,432,444,YYMESGPRKKLFE,AriH2,9.0,4.473947,2.0,
483,433,444,YMESGPRKKLFE,AriH2,8.0,0.0,0.0,
484,433,444,YMESGPRKKLFE,AriH2,8.0,3.2880050000000005,0.25,
485,433,444,YMESGPRKKLFE,AriH2,8.0,3.5389269999999997,0.5,
486,433,444,YMESGPRKKLFE,AriH2,8.0,3.762608,0.75,
487,433,444,YMESGPRKKLFE,AriH2,8.0,3.762608,1,4.000421
488,433,444,YMESGPRKKLFE,AriH2,8.0,4.000421,1.0,
489,433,444,YMESGPRKKLFE,AriH2,8.0,4.3047949999999995,2.0,
490,433,450,YMESGPRKKLFEYQQAQL,AriH2,8.0,0.0,0.0,
491,433,450,YMESGPRKKLFEYQQAQL,AriH2,8.0,3.246229,0.25,
492,433,450,YMESGPRKKLFEYQQAQL,AriH2,8.0,3.620252,0.5,
493,433,450,YMESGPRKKLFEYQQAQL,AriH2,8.0,3.8561330000000003,0.75,
494,433,450,YMESGPRKKLFEYQQAQL,AriH2,8.0,3.8561330000000003,1,4.0606029999999995
495,433,450,YMESGPRKKLFEYQQAQL,AriH2,8.0,4.0606029999999995,1.0,
496,433,450,YMESGPRKKLFEYQQAQL,AriH2,8.0,4.394438,2.0,
497,434,444,MESGPRKKLFE,AriH2,11.0,0.0,0.0,
498,434,444,MESGPRKKLFE,AriH2,11.0,2.550149,0.25,
499,434,444,MESGPRKKLFE,AriH2,11.0,2.832503,0.5,
500,434,444,MESGPRKKLFE,AriH2,11.0,3.066767,0.75,
501,434,444,MESGPRKKLFE,AriH2,11.0,3.066767,1,3.252232
502,434,444,MESGPRKKLFE,AriH2,11.0,3.252232,1.0,
503,434,444,MESGPRKKLFE,AriH2,11.0,3.591792,2.0,
504,434,450,MESGPRKKLFEYQQAQL,AriH2,11.0,0.0,0.0,
505,434,450,MESGPRKKLFEYQQAQL,AriH2,11.0,2.590027,0.25,
506,434,450,MESGPRKKLFEYQQAQL,AriH2,11.0,2.952602,0.5,
507,434,450,MESGPRKKLFEYQQAQL,AriH2,11.0,3.075918,0.75,
508,434,450,MESGPRKKLFEYQQAQL,AriH2,11.0,3.075918,1,3.307442
509,434,450,MESGPRKKLFEYQQAQL,AriH2,11.0,3.307442,1.0,
510,434,450,MESGPRKKLFEYQQAQL,AriH2,11.0,3.6863029999999997,2.0,
511,454,466,IENLSWKVERADS,AriH2,7.0,0.0,0.0,
512,454,466,IENLSWKVERADS,AriH2,7.0,1.846198,0.25,
513,454,466,IENLSWKVERADS,AriH2,7.0,1.9611509999999999,0.5,
514,454,466,IENLSWKVERADS,AriH2,7.0,2.060139,0.75,
515,454,466,IENLSWKVERADS,AriH2,7.0,2.060139,1,1.868643
516,454,466,IENLSWKVERADS,AriH2,7.0,1.868643,1.0,
517,454,466,IENLSWKVERADS,AriH2,7.0,2.0121,2.0,
518,458,476,SWKVERADSYDRGDLENQM,AriH2,7.0,0.0,0.0,
519,458,476,SWKVERADSYDRGDLENQM,AriH2,7.0,5.941629,0.25,
520,458,476,SWKVERADSYDRGDLENQM,AriH2,7.0,6.558534,0.5,
521,458,476,SWKVERADSYDRGDLENQM,AriH2,7.0,6.784872999999999,0.75,
522,458,476,SWKVERADSYDRGDLENQM,AriH2,7.0,6.784872999999999,1,6.837419000000001
523,458,476,SWKVERADSYDRGDLENQM,AriH2,7.0,6.837419000000001,1.0,
524,458,476,SWKVERADSYDRGDLENQM,AriH2,7.0,6.902408,2.0,
525,467,476,YDRGDLENQM,AriH2,16.0,0.0,0.0,
526,467,476,YDRGDLENQM,AriH2,16.0,3.393012,0.25,
527,467,476,YDRGDLENQM,AriH2,16.0,3.740187,0.5,
528,467,476,YDRGDLENQM,AriH2,16.0,3.893987,0.75,
529,467,476,YDRGDLENQM,AriH2,16.0,3.893987,1,4.023226
530,467,476,YDRGDLENQM,AriH2,16.0,4.023226,1.0,
531,467,476,YDRGDLENQM,AriH2,16.0,4.169403,2.0,
532,477,493,HIAEQRRRTLLKDFHDT,AriH2,16.0,0.0,0.0,
533,477,493,HIAEQRRRTLLKDFHDT,AriH2,16.0,1.8538849999999998,0.25,
534,477,493,HIAEQRRRTLLKDFHDT,AriH2,16.0,2.034551,0.5,
535,477,493,HIAEQRRRTLLKDFHDT,AriH2,16.0,2.003777,0.75,
536,477,493,HIAEQRRRTLLKDFHDT,AriH2,16.0,2.003777,1,2.070667
537,477,493,HIAEQRRRTLLKDFHDT,AriH2,16.0,2.070667,1.0,
538,477,493,HIAEQRRRTLLKDFHDT,AriH2,16.0,2.374673,2.0,
